Name,Year,Duration,Genre,Rating,Votes,Director,Actor 1,Actor 2,Actor 3
#Gadhvi (He thought he was Gandhi),2019.0,109.0,269,7.0,8.0,812,1783,Vivek Ghamande,Arvind Jangid
#Yaaram,2019.0,110.0,208,4.4,35.0,1750,1590,Ishita Raj,Siddhant Kapoor
...Aur Pyaar Ho Gaya,1997.0,147.0,178,4.7,827.0,2006,509,Aishwarya Rai Bachchan,Shammi Kapoor
...Yahaan,2005.0,142.0,332,7.4,1086.0,2644,932,Minissha Lamba,Yashpal Sharma
?: A Question Mark,2012.0,82.0,368,5.6,326.0,175,2521,Muntazir Ahmad,Kiran Bhatia
@Andheri,2014.0,116.0,38,4.0,11.0,520,399,Fathima Babu,Byon
1:1.6 An Ode to Lost Love,2004.0,96.0,269,6.2,17.0,1410,1787,Gulshan Grover,Atul Kulkarni
1:13:7 Ek Tera Saath,2016.0,120.0,363,5.9,59.0,336,1513,Anubhav Dhir,Hritu Dudani
100 Days,1991.0,161.0,371,6.5,983.0,1805,871,Madhuri Dixit,Javed Jaffrey
100% Love,2012.0,166.0,180,5.7,512.0,1978,919,Koyel Mallick,Sujoy Ghosh
102 Not Out,2018.0,102.0,172,7.4,6619.0,2936,207,Rishi Kapoor,Vijay Raaz
10ml LOVE,2010.0,87.0,180,6.3,162.0,2588,1449,Anusha Bose,Manu Rishi Chadha
12 O'Clock,1958.0,132.0,224,7.2,72.0,1873,781,Waheeda Rehman,Shashikala
12 O'Clock,2021.0,105.0,373,4.4,63.0,2147,1305,Makrand Deshpande,Dalip Tahil
127 B,2017.0,116.0,192,6.6,26.0,2537,1251,Aziz Naser,Heena Shaik
13B: Fear Has a New Address,2009.0,146.0,311,7.3,6329.0,3036,1159,Neetu Chandra,Poonam Dhillon
15 Park Avenue,2005.0,116.0,269,7.1,1002.0,308,2031,Konkona Sen Sharma,Rahul Bose
15th August,1993.0,168.0,269,5.6,15.0,2996,1863,Tisca Chopra,Shakti Kapoor
16 December,2002.0,158.0,84,6.9,1235.0,1457,1298,Danny Denzongpa,Gulshan Grover
18.11,2014.0,126.0,1,3.5,10.0,1576,1815,Gulshan Grover,Mukesh Tiwari
1857,1946.0,0.0,303,5.0,8.0,1572,1453,Suraiya,Menaka Devi
19 Revolutions,2004.0,94.0,269,4.5,16.0,2711,2344,Gulshan Grover,Vinay Pandey
1920,2008.0,138.0,367,6.4,3100.0,3035,1722,Adah Sharma,Anjori Alagh
1920 London,2016.0,120.0,366,4.1,1559.0,693,2077,Meera Chopra,Vishal Karwal
1920: Evil Returns,2012.0,124.0,312,4.8,1811.0,517,2431,Tia Bajpai,Tarakesh Chauhan
1921,2018.0,144.0,367,4.5,1069.0,3035,2546,Karan Kundra,Vikram Bhatt
1942: A Love Story,1994.0,157.0,45,7.2,3223.0,3000,251,Jackie Shroff,Manisha Koirala
1971,2007.0,136.0,53,8.1,1892.0,220,1225,Ravi Kishan,Deepak Dobriyal
1978: A Teen Night Out,2019.0,107.0,427,4.0,20.0,431,57,Apurva Godbole,Vaishnavi Kadam
1982 - A Love Marriage,2017.0,113.0,162,5.5,106.0,1883,208,Omna,Rita Agarwal
19th January,2014.0,0.0,269,7.3,16.0,2443,1359,Bidita Bag,Madhuri Bhatia
2 Little Indians,2013.0,0.0,184,5.6,14.0,2212,1797,Ronak Bhatia,Kamal Chopra
2 Nights in Soul Valley,2012.0,80.0,120,6.8,21.0,916,813,Sumeet Sharma,Sumeet Sharma
2 October,2003.0,122.0,38,5.0,33.0,2812,383,Rocky Verma,Saadhika
2 States,2014.0,149.0,180,6.9,24034.0,72,328,Alia Bhatt,Amrita Singh
2.0,2018.0,148.0,82,6.2,21938.0,2316,1712,Akshay Kumar,Amy Jackson
2001: Do Hazaar Ek,1998.0,149.0,237,3.5,112.0,2020,871,Dimple Kapadia,Tabu
2016 the End,2017.0,130.0,162,6.1,94.0,1039,677,Kiku Sharda,Harshad Chopda
22 Days,2018.0,124.0,427,6.1,8.0,2635,1653,Shivam Tiwari,Sophia Singh
22 June 1897,1979.0,121.0,303,7.7,52.0,1082,1377,Sadashiv Amrapurkar,Udayan Dixit
22 Yards,2019.0,126.0,426,6.1,361.0,1553,447,Amartya Ray,Rajit Kapoor
23rd March 1931: Shaheed,2002.0,188.0,153,5.1,642.0,866,509,Sunny Deol,Amrita Singh
25th July,1951.0,0.0,0,7.6,5.0,599,0,0,0
26 January,1956.0,0.0,0,6.6,7.0,2181,119,0,0
26th July at Barista,2008.0,0.0,269,3.1,32.0,1569,125,Himani Chawla,Sumeet Chawla
27 Down,1974.0,115.0,269,6.9,194.0,420,2239,Rakhee Gulzar,Sadhu Meher
3 AM: A Paranormal Experience,2014.0,103.0,369,5.0,514.0,3072,1934,Kavin Dave,Jason Matthew Ethier
3 Bachelors,2012.0,114.0,208,3.3,165.0,108,2077,Negar Khan,Nigaar Khan
3 Deewarein,2003.0,115.0,218,7.8,2322.0,1651,1406,Jackie Shroff,Juhi Chawla
3 Dev,2019.0,122.0,162,6.9,35.0,278,1020,Ravi Dubey,Kunaal Roy Kapur
3 Idiots,2009.0,170.0,172,8.4,357889.0,2107,19,Madhavan,Mona Singh
3 Nights 4 Days,2009.0,0.0,327,5.2,23.0,674,1943,Hrishitaa Bhatt,Anuj Sahani
3 Storeys,2018.0,100.0,269,6.9,358.0,325,99,Tarun Anand,Richa Chadha
3.0 Megapixel,2015.0,99.0,103,4.3,6.0,739,2023,Meenal Chirankar,Pooja Kasekar
30 Days,2004.0,0.0,363,5.0,14.0,2225,33,Milind Gunaji,Dinesh Hingoo
30 Minutes,2016.0,0.0,427,4.8,26.0,3110,1759,Hrishitaa Bhatt,Shiva Kumar
31st October,2015.0,109.0,45,5.8,238.0,2632,2171,Lakha Lakhwinder Singh,Nagesh Bhonsle
340,2009.0,0.0,427,4.6,9.0,2839,1642,Iqbal Azad,Ahsaas Channa
36 China Town,2006.0,140.0,207,5.7,4373.0,39,1252,Akshaye Khanna,Kareena Kapoor
36 Chowringhee Lane,1981.0,122.0,327,7.5,392.0,308,923,Dhritiman Chatterjee,Debashree Roy
36 Ghante,1974.0,0.0,29,6.7,128.0,2027,1636,Mala Sinha,Sunil Dutt
376 D,2020.0,128.0,240,5.7,252.0,873,1848,Vivek Kumar,Deeksha Joshi
377 AbNormal,2019.0,93.0,269,5.6,93.0,777,1365,Shashank Arora,Mohd. Zeeshan Ayyub
3D Saamri,1985.0,102.0,363,5.6,80.0,2666,2371,Rajan Sippy,Arti Gupta
3G: A Killer Connection,2013.0,125.0,372,3.6,1128.0,2605,2064,Neil Nitin Mukesh,Sonal Chauhan
3rd EYE,2019.0,145.0,363,6.3,6.0,2460,596,Mukul Dev,Sakshi Dwivedi
404: Error Not Found,2011.0,121.0,326,7.3,2548.0,1905,1730,Imaaduddin Shah,Nishikant Kamat
417 Miles,2016.0,75.0,269,4.8,9.0,1437,1241,Kyara Jacob,Kyara Ralella Jacob
42 Kms.,2009.0,0.0,334,3.9,14.0,1722,1198,Bikram Saluja,Sammir Dattani
498A-The Wedding Gift,2012.0,113.0,289,7.8,21.0,2761,2220,Farida Jalal,Supriya Karnik
5 Ghantey Mien 5 Crore,2012.0,111.0,427,5.7,75.0,766,1409,Shawar Ali,Rashid Khan
5 Rifles,1974.0,134.0,18,6.5,36.0,969,1733,Rajesh Khanna,Ambika Johar
50 Lakh,2007.0,0.0,214,6.5,82.0,578,1539,Mohit Chadha,Veerendra Chauhan
5ters: Castle of Dark Master,2011.0,110.0,8,4.6,19.0,793,132,Avinash,Gagan
6.40 PM,1967.0,0.0,0,5.4,5.0,1455,0,0,0
6-5=2,2014.0,104.0,363,4.2,171.0,499,1586,Gaurav Paswala,Gaurav Kothari
68 Pages,2007.0,92.0,269,6.2,31.0,2710,1335,Joy Sengupta,Jayati Bhatia
7 1/2 Phere: More Than a Wedding,2005.0,136.0,172,5.3,281.0,1000,952,Irrfan Khan,Manoj Pahwa
7 Bijliyaan,1988.0,126.0,1,5.0,7.0,2124,2355,Shoma Anand,Krishan Dhawan
7 Days,1995.0,0.0,39,3.4,10.0,2800,354,Channa Ruparel,Avtar Gill
7 Hours to Go,2016.0,115.0,240,5.7,398.0,2526,1960,Natasa Stankovic,Shiv Panditt
7 Islands and a Metro,2006.0,100.0,241,6.2,10.0,749,2429,Harish Khanna,Om Prakash
7 Khoon Maaf,2011.0,137.0,326,6.1,5640.0,3070,1623,Vivaan Shah,Neil Nitin Mukesh
7 Saal Baad,1987.0,127.0,310,4.1,34.0,2350,2078,Suresh Oberoi,Navin Nischol
706,2019.0,120.0,427,5.3,449.0,2647,1311,Raayo S. Bakhirta,Divya Dutta
72 Hours: Martyr Who Never Died,2019.0,130.0,17,5.3,249.0,416,408,Yeshi Dema,Alka Amin
8 x 10 Tasveer,2009.0,122.0,63,5.4,5459.0,1651,146,Ayesha Takia,Javed Jaffrey
8119 Miles,2021.0,115.0,109,6.6,21.0,1111,1772,Kuriakose Oonnittan,Guy Bleyaert
88 Antop Hill,2003.0,119.0,408,4.7,66.0,1362,397,Rahul Dev,Suchitra Pillai
9 O' Clock,2017.0,124.0,1,5.3,9.0,219,344,Ajeet Goswami,Rohit Rajawat
99,2009.0,135.0,165,7.3,2767.0,1324,1673,Kunal Khemu,Boman Irani
99 Songs,2019.0,128.0,396,7.4,1901.0,3086,688,Edilsy Vargas,Tenzing Dalha
99.9 FM,2005.0,90.0,218,4.8,38.0,2444,2087,Rajkumar Kanojia,Jai Nagra
A Billion Colour Story,2016.0,105.0,269,8.1,412.0,1776,643,Gaurav Sharma,Vasuki
A Daughter's Tale PANKH,2017.0,145.0,269,6.3,10.0,1918,1711,Sunil Lahri,Nishigandha Wad
A Death in the Gunj,2016.0,110.0,336,7.5,4637.0,1315,980,Vikrant Massey,Gulshan Devaiah
A Far Afternoon: a Painted Saga by Krishen Khanna,2015.0,72.0,244,7.7,10.0,2723,0,0,0
A Film by Aravind,2005.0,150.0,366,6.8,179.0,2532,2095,Rajeev Kanakala,Richard Rishi
A Flat,2010.0,103.0,312,4.5,202.0,936,932,Sanjay Suri,Hazel Croney
A Flying Jatt,2016.0,151.0,4,3.0,4145.0,2245,2353,Jacqueline Fernandez,Nathan Jones
A Game Called Relationship,2020.0,109.0,208,6.3,181.0,3091,1199,Vivek Sharma,Sumit Suri
A Gentleman,2017.0,145.0,18,6.2,5227.0,1324,1673,Sidharth Malhotra,Jacqueline Fernandez
A Gift of Love: Sifar,2019.0,95.0,327,8.0,33.0,706,1969,Sudha Chandran,Anang Desai
A Journey of Samyak Buddha,2013.0,127.0,269,7.3,17.0,1899,740,Jyoti Bagat,Gautam Dhengare
A Mermaid Called Aida,1996.0,52.0,241,6.4,7.0,2266,97,Ajay Mehta,0
A New Love Ishtory,2013.0,140.0,409,6.0,80.0,1120,1780,Gurpreet Kaur Chadha,Smita Jaykar
A Rifle and a Bag,2020.0,89.0,241,6.8,15.0,606,855,Arya Rothe,0
A Scandall,2016.0,112.0,427,3.1,142.0,1000,940,Reeth Mazumder-Roberts,Manav Kaul
A Strange Love Story,2011.0,0.0,269,3.8,15.0,2894,1921,Gunjan Bakshi,Snehal Dabi
A Sublime Love Story: Barsaat,2005.0,143.0,327,3.8,627.0,2790,509,Bipasha Basu,Priyanka Chopra Jonas
A Suitable Girl,2017.0,90.0,241,6.9,337.0,2497,2168,Sima Taparia,0
A Thin Line,2019.0,104.0,269,7.9,24.0,3001,2368,Rahul Roy,Akansha Shivhare
A Treasure in the Snow,2002.0,0.0,241,6.9,8.0,856,0,0,0
A Wednesday,2008.0,104.0,29,8.1,75118.0,1697,297,Naseeruddin Shah,Jimmy Sheirgill
Aa Ab Laut Chalen,1999.0,177.0,397,5.5,1621.0,2256,1703,Akshaye Khanna,Aishwarya Rai Bachchan
AA BB KK,2018.0,121.0,269,8.0,249.0,2189,2116,Sajid Ali,Tamannaah Bhatia
Aa Dekhen Zara,2009.0,117.0,83,5.0,866.0,1094,1450,Bipasha Basu,Sophiya Chaudhary
Aa Gale Lag Jaa,1973.0,148.0,50,7.2,348.0,1483,2083,Sharmila Tagore,Shatrughan Sinha
Aa Gale Lag Jaa,1994.0,158.0,403,4.4,115.0,899,949,Urmila Matondkar,Paresh Rawal
Aa Gaya Hero,2017.0,123.0,1,2.7,339.0,735,768,Richa Sharma,Poonam Pandey
Aa Jao Please,2016.0,120.0,269,6.8,16.0,424,1445,Ganraj Jadhav,Dipak Khetiya
Aaag Hi Aag,1999.0,0.0,1,4.9,28.0,2865,1305,Jackie Shroff,Sneha
Aabra Ka Daabra,2004.0,144.0,350,2.4,264.0,697,1421,Prabhu Deva,Satish Kaushik
Aabroo,1968.0,170.0,165,5.5,21.0,557,377,Vimi,Rehman
Aabroo,1943.0,0.0,0,5.2,5.0,1692,0,0,0
Aabshar,1953.0,0.0,327,5.0,5.0,928,838,Kuldip Kaur,Raaj Kumar
Aadab Arz,1943.0,0.0,0,5.2,5.0,2954,1385,Mukesh,0
Aadamkhor,1986.0,0.0,1,5.5,6.0,1115,2182,Joginder Shelly,Neelam Mehra
Aadamkhor,2018.0,72.0,363,7.4,150.0,1337,614,Anoma Pabuwal,Mahendra Singh Rawat
Aadat Se Majboor,1982.0,105.0,29,5.5,28.0,188,1305,Rameshwari,Madan Puri
Aadha Din Aadhee Raat,1977.0,132.0,1,5.1,18.0,742,884,Vinod Khanna,Shabana Azmi
Aadhaar,2019.0,107.0,269,7.6,69.0,2775,2483,Saurabh Shukla,Raghuvir Yadav
Aadharshila,1982.0,154.0,269,6.4,19.0,370,681,Raja Bundela,Neena Gupta
Aadhi Bhagavan,2013.0,157.0,38,5.4,568.0,189,905,Neetu Chandra,Sudha Chandran
Aadhi Mimansa,1991.0,0.0,0,6.2,9.0,311,1315,Neena Gupta,Ashok Kumar
Aadhi Raat,1950.0,115.0,327,6.7,9.0,2328,563,Jeevan,Kuldip Kaur
Aadmi,1968.0,175.0,327,6.8,196.0,1,658,Waheeda Rehman,Manoj Kumar
Aadmi,1993.0,153.0,29,6.5,97.0,335,119,Vikas Anand,Arjun
Aadmi Aur Apsara,1991.0,142.0,350,6.7,66.0,1012,963,Chiranjeevi,Amrish Puri
Aadmi Aur Insaan,1969.0,168.0,331,6.2,149.0,3106,632,Saira Banu,Feroz Khan
Aadmi Khilona Hai,1993.0,158.0,327,5.0,142.0,1012,920,Reena Roy,Govinda
Aadmi Ki Aurat Aur Anya Kahaniya,2009.0,78.0,269,7.6,62.0,196,376,Bramhaswaroop Mishra,Gagan Singh Sethi
Aadmi Sadak Ka,1977.0,138.0,282,5.4,34.0,681,2085,Vikram Makandar,Zaheera
Aadupuliyattam,2016.0,145.0,363,4.2,266.0,1232,911,Ramya Krishnan,Om Puri
Aafat,1977.0,148.0,218,5.3,17.0,407,1426,Leena Chandavarkar,Jayshree T.
Aag,1948.0,138.0,396,7.4,357.0,2011,1401,Kamini Kaushal,Nigar Sultana
Aag,1967.0,0.0,39,6.2,29.0,1675,715,Mumtaz,Achala Sachdev
Aag,1994.0,139.0,20,4.6,227.0,1160,768,Shilpa Shetty Kundra,Sonali Bendre
Aag Andhi Aur Toofan,1994.0,0.0,84,3.1,11.0,1234,198,Mukesh Khanna,Kiran Kumar
Aag Aur Chingari,1994.0,133.0,1,4.1,13.0,1234,172,Aparajita,Asrani
Aag Aur Daag,1970.0,0.0,20,3.7,14.0,6,946,Poonam Sinha,Master Bhagwan
Aag Aur Shola,1986.0,0.0,50,4.1,42.0,1147,920,Sridevi,Mandakini
Aag Hi Aag,1987.0,170.0,1,5.3,93.0,2617,632,Shatrughan Sinha,Moushumi Chatterjee
Aag Ka Dariya,1990.0,0.0,1,4.2,22.0,2352,412,Rajiv Kapoor,Padmini Kolhapure
Aag Ka Gola,1990.0,180.0,39,4.8,101.0,630,2271,Dimple Kapadia,Archana Puran Singh
Aag Ka Toofaan,1993.0,137.0,1,4.8,21.0,1234,632,Sadashiv Amrapurkar,Asrani
Aag Ke Sholay,1988.0,138.0,84,3.4,7.0,2341,498,Hemant Birje,Sudhir Dalvi
Aag Laga Do Sawan Ko,1991.0,0.0,327,5.7,7.0,293,1812,Kuldeep Mallik,Harish Patel
Aag Se Khelenge,1989.0,151.0,1,5.0,52.0,2731,469,Jeetendra,Anil Kapoor
Aagaah: The Warning,2011.0,0.0,313,3.6,23.0,1253,839,Anang Desai,Zakir Hussain
Aage Badho,1947.0,0.0,269,6.0,6.0,3109,617,Madhu Apte,Khurshid Begum
Aage Ki Soch,1988.0,0.0,162,4.8,30.0,616,2051,Huma Khan,Dada Kondke
Aage Maut Peeche Maut,2001.0,78.0,363,3.1,7.0,19,1135,Vimal Raj,Shakila
Aagey Se Right,2009.0,117.0,165,5.0,381.0,985,2122,Mahie Gill,Karan Veer Mehra
Aaghaaz,2000.0,153.0,29,4.2,274.0,3116,2267,Sushmita Sen,Namrata Shirodkar
Aagman,1982.0,0.0,269,4.8,8.0,1623,1248,Bharat Bhushan,Rajina Raj Bisaria
Aah,1953.0,150.0,320,7.2,275.0,2033,1401,Raj Kapoor,Vijayalaxmi
Aahat - Ek Ajeeb Kahani,1971.0,0.0,427,6.4,10.0,1306,903,Ramesh Deo,Dharmendra
Aahuti,1978.0,135.0,39,6.0,25.0,387,1696,Shashi Kapoor,Rakesh Roshan
Aaina,1993.0,149.0,327,6.0,448.0,657,871,Juhi Chawla,Amrita Singh
Aaina,1977.0,150.0,269,6.8,94.0,1146,1358,Rajesh Khanna,A.K. Hangal
Aaina,1944.0,0.0,327,3.2,5.0,2335,833,Sulochana Chatterjee,Gope
Aaj,1987.0,116.0,269,5.5,281.0,1423,1668,Smita Patil,Raj Kiran
Aaj Aur Kal,1947.0,0.0,212,4.1,8.0,1292,1430,Shyam,Rashid Ahmed
Aaj Aur Kal,1963.0,144.0,327,5.6,52.0,2976,377,Sunil Dutt,Nanda
Aaj Ka Aladdin,1935.0,0.0,0,6.0,5.0,1649,0,0,0
Aaj Ka Andha Kanoon,2003.0,46.0,1,3.1,15.0,195,2232,Priyanka Upendra,Aman Jalali
Aaj Ka Arjun,1990.0,164.0,29,4.7,586.0,1172,207,Jaya Prada,Radhika Sarathkumar
Aaj Ka Daur,1985.0,153.0,39,5.1,40.0,1147,871,Padmini Kolhapure,Nirupa Roy
Aaj Ka Gang Leader,1993.0,0.0,1,5.6,29.0,1310,462,Chiranjeevi,Radha
Aaj Ka Goonda Raaj,1992.0,147.0,84,5.3,144.0,2223,551,Meenakshi Sheshadri,Raj Babbar
Aaj Ka Gunda,2001.0,0.0,84,4.7,23.0,1234,632,Mohan Joshi,Shakti Kapoor
Aaj Ka Gunda Raaj,2006.0,0.0,1,6.0,46.0,1421,2326,Gulshan Grover,Milind Gunaji
Aaj Ka Laawaris,2006.0,0.0,1,5.7,17.0,328,875,Gajala,Vija Kumar
Aaj Ka Mahaatma,1976.0,170.0,77,3.5,23.0,1357,1764,Rekha,Ranjeet
Aaj Ka Nanha Farishta,2000.0,0.0,38,5.8,8.0,1891,862,Vikas Anand,Raj Babbar
Aaj Ka Ravan,2000.0,128.0,28,4.3,31.0,1259,1305,Gajendra Chauhan,Siddharth Dhawan
Aaj Ka Samson,1991.0,123.0,77,3.1,14.0,1338,811,Sahila Chaddha,Goga Kapoor
Aaj Ka Ye Ghar,1976.0,0.0,269,4.5,10.0,2825,914,Shreeram Lagoo,Romesh Sharma
Aaj Kaa M.L.A. Ram Avtar,1984.0,157.0,39,5.8,65.0,1669,1703,Shabana Azmi,Deven Verma
Aaj Ke Angaarey,1988.0,128.0,39,5.0,26.0,454,2486,Hemant Birje,Archana Puran Singh
Aaj Ke Shahenshah,1990.0,132.0,1,3.3,15.0,2617,920,Raj Babbar,Chunky Panday
Aaj Ke Sholey,1985.0,0.0,90,5.3,37.0,2352,910,Manjula,Amrish Puri
Aaj Ki Awaz,1984.0,137.0,42,5.6,79.0,2213,1668,Smita Patil,Rashmi Chauhan
Aaj Ki Taaza Khabar,1973.0,0.0,162,7.3,88.0,2064,1639,Kiran Kumar,I.S. Johar
Aaj Kie Aurat,1993.0,0.0,39,3.8,14.0,419,920,Dimple Kapadia,Sujata Mehta
Aaja Meri Jaan,1993.0,162.0,409,4.4,30.0,1278,1078,Tanya Singh,Shammi Kapoor
Aaja Nachle,2007.0,137.0,288,6.2,2998.0,261,1168,Darshan Jariwala,Raghuvir Yadav
Aaja Sanam,1968.0,121.0,327,6.7,14.0,3124,715,Tanuja,Deven Verma
Aaja Sanam,1994.0,0.0,327,3.3,7.0,1584,530,Kulbhushan Kharbanda,Ranbir Pushp
Aakhir Kaun Thi Woh?,2000.0,0.0,76,4.4,5.0,473,1668,Raza Murad,Sripradha
Aakhir Kyon?,1985.0,0.0,269,6.6,158.0,1012,1703,Smita Patil,Rakesh Roshan
Aakhree Raasta,1986.0,164.0,29,7.1,1283.0,492,207,Sridevi,Jaya Prada
Aakhri Adaalat,1988.0,148.0,84,5.2,78.0,2102,2487,Dimple Kapadia,Jackie Shroff
Aakhri Baazi,1989.0,149.0,43,4.1,53.0,357,2085,Moushumi Chatterjee,Govinda
Aakhri Badla,1989.0,120.0,29,5.0,21.0,1453,2361,Yogeeta Bali,Abhi Bhattacharya
Aakhri Cheekh,1991.0,0.0,363,4.8,47.0,1296,2452,Javed Khan,Sripradha
Aakhri Daao,1975.0,0.0,29,5.5,29.0,6,920,Saira Banu,Padma Khanna
Aakhri Daku,1978.0,0.0,1,5.6,21.0,1868,1764,Vinod Khanna,Rekha
Aakhri Dao,1958.0,0.0,162,6.4,16.0,1426,1491,Shekhar,Jeevan
Aakhri Ghulam,1989.0,171.0,29,4.9,34.0,2617,1305,Sonam,Anupam Kher
Aakhri Goli,1977.0,0.0,1,4.8,18.0,2617,2263,Leena Chandavarkar,Farida Jalal
Aakhri Insaaf,1980.0,0.0,74,4.9,10.0,1204,1305,Vijayendra Ghatge,Ashok Kumar
Aakhri Inteqam,2002.0,0.0,1,2.5,16.0,2071,2232,Anu Kashyap,Amit Pachori
Aakhri Kasam,1979.0,126.0,84,6.3,7.0,732,1751,Vinod Mehra,Yogeeta Bali
Aakhri Khat,1966.0,153.0,269,6.9,122.0,592,1703,Indrani Mukherjee,Master Bunty
Aakhri Sangam,1990.0,160.0,77,7.3,39.0,1632,1408,Nirosha,Aurn Pandian
Aakhri Sanghursh,1997.0,138.0,1,2.8,17.0,1671,2452,Kaajal Kiran,Mukesh Khanna
Aakraman,1975.0,139.0,305,6.3,44.0,1012,377,Sanjeev Kumar,Rakesh Roshan
Aakrosh,1980.0,144.0,222,7.9,887.0,862,1406,Smita Patil,Amrish Puri
Aakrosh,2010.0,115.0,38,7.0,3464.0,1925,109,Akshaye Khanna,Bipasha Basu
Aakrosh: Cyclone of Anger,1998.0,0.0,29,4.6,93.0,1371,2267,Shilpa Shetty Kundra,Girish Karnad
Aalaap,2012.0,116.0,424,5.4,26.0,1470,1498,Pitobash,Amit Purohit
Aalavandhan,2001.0,177.0,84,7.2,2192.0,2830,983,Raveena Tandon,Manisha Koirala
Aalwar,2007.0,152.0,1,3.0,922.0,590,127,Asin Thottumkal,Vivek
Aamaar Bhuvan,2018.0,107.0,282,7.7,72.0,1595,2001,Nandita Das,Koushik Sen
Aamdani Atthanni Kharcha Rupaiya,2001.0,150.0,173,4.8,1238.0,1157,6,Govinda,Juhi Chawla
Aamir,2008.0,99.0,29,7.7,10862.0,2015,1694,Aishwarya,Vasan Bala
Aamne - Saamne,1967.0,163.0,236,6.5,81.0,2820,2083,Sharmila Tagore,Prem Chopra
Aamne Samne,1982.0,143.0,29,6.4,53.0,357,1305,Bindiya Goswami,Arti Gupta
Aamras: The Sweet Taste of Friendship,2009.0,0.0,269,5.8,60.0,2302,2427,Ntasha Bhardwaj,Maanvi Gagroo
Aan Aur Shaan,1984.0,130.0,269,6.4,37.0,2226,1836,Moushumi Chatterjee,Shammi Kapoor
Aan Baan,1972.0,0.0,269,6.1,28.0,1868,1696,Rakhee Gulzar,Kumkum
Aan Baan,1956.0,0.0,409,2.8,5.0,612,119,Nalini Jaywant,Mahipal
Aan Milo Sajna,1970.0,177.0,320,6.4,211.0,1608,1703,Asha Parekh,Vinod Khanna
Aan: Men at Work,2004.0,149.0,29,5.7,2907.0,1413,146,Shatrughan Sinha,Sunil Shetty
Aanch,2003.0,160.0,269,5.6,102.0,2085,344,Suchindra Bali,Poonam Jhawer
Aanchal,1980.0,138.0,43,6.4,58.0,255,1703,Rakhee Gulzar,Rekha
Aanchal,1960.0,0.0,282,4.9,8.0,2976,377,Nirupa Roy,Nanda
Aanchal Ke Phool,1968.0,0.0,269,5.7,6.0,1258,1933,Kamini Kaushal,Dev Dutt
Aandhi,1975.0,133.0,327,8.1,1406.0,870,2230,Sanjeev Kumar,Om Shivpuri
Aandhi Aur Toofan,1964.0,0.0,13,6.0,8.0,1558,576,Mumtaz,Kamran
Aandhi-Toofan,1985.0,144.0,269,6.1,49.0,454,2083,Hema Malini,Danny Denzongpa
Aandhiyan,1952.0,136.0,269,7.4,30.0,592,617,Nimmi,Kalpana Kartik
Aandhiyan,1990.0,145.0,269,4.8,38.0,630,1358,Prasenjit Chatterjee,Madhushree
Aangan,1959.0,0.0,375,6.6,31.0,1741,90,Ameeta,Rehman
Aangan Ki Kali,1979.0,0.0,282,5.6,5.0,924,1735,Lakshmi,Prema Narayan
Aani Maani,2019.0,94.0,269,6.6,15.0,763,710,Priyanka Verma,Neha Singh
Aankh Micholi,1972.0,0.0,339,6.0,6.0,2169,1735,Bharti,Om Prakash
Aankhein: The Third Eye,2004.0,0.0,1,7.4,15.0,1683,1901,Srikanth,0
Aankhen,1993.0,170.0,19,6.7,1898.0,630,768,Chunky Panday,Raj Babbar
Aankhen,1950.0,0.0,282,7.2,6.0,681,2092,Bharat Bhushan,Nalini Jaywant
Aankhen,2002.0,165.0,227,7.4,12574.0,3062,207,Akshay Kumar,Sushmita Sen
Aankhon Aankhon Mein,1972.0,154.0,327,6.4,28.0,1991,1736,Rakesh Roshan,Achala Sachdev
Aansoo Aur Muskan,1970.0,150.0,173,6.5,24.0,1757,810,Parikshit Sahni,Jagdeep
Aao Pyaar Karen,1964.0,0.0,327,6.2,15.0,1964,946,Saira Banu,Sanjeev Kumar
Aao Pyaar Karen,1994.0,141.0,409,4.2,160.0,2237,1926,Shilpa Shetty Kundra,Somy Ali
Aao Wish Karein,2009.0,140.0,185,5.1,584.0,844,87,Aamna Sharif,Rati Agnihotri
Aap Aye Bahaar Ayee,1971.0,119.0,180,6.6,80.0,1566,1696,Sadhana,Prem Chopra
Aap Beati,1976.0,145.0,282,5.7,32.0,1566,2083,Hema Malini,Ashok Kumar
Aap Ke Deewane,1980.0,0.0,409,5.8,204.0,2824,920,Rishi Kapoor,Tina Ambani
Aap Ke Saath,1986.0,0.0,269,5.7,49.0,1012,2166,Anil Kapoor,Rati Agnihotri
Aap Ki Kasam,1974.0,153.0,414,7.0,420.0,1012,1703,Mumtaz,Sanjeev Kumar
Aap Ki Khatir,1977.0,115.0,20,6.3,27.0,2751,2487,Rekha,Nadira
Aap Ki Khatir,2006.0,122.0,208,3.6,863.0,694,149,Priyanka Chopra Jonas,Ameesha Patel
Aap Ki Parchhaiyan,1964.0,128.0,291,6.3,39.0,1566,632,Supriya Choudhury,Vijayalaxmi
Aap Mujhe Achche Lagne Lage,2002.0,180.0,50,3.1,2366.0,3035,831,Ameesha Patel,Kiran Kumar
Aap To Aise Na The,1980.0,145.0,416,5.6,38.0,188,1668,Ranjeeta Kaur,Deepak Parashar
Aapa Akka,2009.0,0.0,269,6.0,10.0,1447,2173,Satyajit Kadam,0
Aapas Ki Baat,1981.0,148.0,77,5.2,17.0,919,1556,Raj Babbar,Shakti Kapoor
Aapko Pehle Bhi Kahin Dekha Hai,2003.0,145.0,20,4.5,273.0,290,1624,Sakshi Shivanand,Farida Jalal
Aaplee Maanse,1992.0,0.0,269,6.4,12.0,2464,1582,Mohan Joshi,Sudhir Joshi
Aar Paar,1985.0,125.0,1,6.1,44.0,2564,1305,Rozina,Utpal Dutt
Aar Ya Paar,1997.0,180.0,427,6.1,230.0,1280,871,Deepa Sahi,Ritu Shivpuri
Aarakshan,2011.0,164.0,336,6.2,5170.0,1865,207,Saif Ali Khan,Manoj Bajpayee
Aaram,1951.0,0.0,409,6.8,40.0,612,617,Madhubala,Talat Mahmood
Aaravalli,1957.0,210.0,363,5.9,7.0,2972,0,0,0
Aarop,1974.0,129.0,269,6.7,13.0,407,2487,Saira Banu,Vinod Mehra
Aar-Paar,1954.0,146.0,398,6.6,250.0,880,2143,Guru Dutt,Jagdish Sethi
Aarti,1962.0,156.0,346,6.6,67.0,1825,377,Meena Kumari,Pradeep Kumar
Aarya,2007.0,157.0,50,4.6,191.0,461,471,Madhavan,Prakash Raj
Aarzoo,1999.0,175.0,327,5.4,1445.0,1374,1168,Akshay Kumar,Saif Ali Khan
Aas,1953.0,0.0,409,5.1,13.0,681,990,Shekhar,Om Prakash
Aas Ka Panchhi,1961.0,0.0,342,6.8,32.0,1566,2510,Rajendra Kumar,Raj Mehra
Aas Paas,1981.0,0.0,409,5.8,107.0,1012,632,Hema Malini,Prem Chopra
Aasha,1957.0,171.0,208,6.5,23.0,1404,2510,Kishore Kumar,Pran
Aasha,1980.0,123.0,320,5.3,199.0,1012,920,Reena Roy,Rameshwari
Aashayein,2010.0,120.0,269,7.1,1259.0,1651,938,Anaitha Nair,Girish Karnad
Aashiana,1986.0,0.0,269,2.6,11.0,1423,201,Mark Zubair,Deepti Naval
Aashik Aawara,1993.0,0.0,269,5.2,299.0,2935,1926,Mamta Kulkarni,Mohnish Bahl
Aashiq,1962.0,150.0,409,6.7,64.0,963,1671,Padmini,Nanda
Aashiq,2001.0,160.0,50,3.8,403.0,981,509,Karisma Kapoor,Rahul Dev
Aashiq Banaya Aapne: Love Takes Over,2005.0,115.0,331,4.3,1569.0,86,694,Tanushree Dutta,Sonu Sood
Aashiq Hoon Baharon Ka,1977.0,136.0,409,5.5,85.0,1012,1703,Zeenat Aman,Danny Denzongpa
Aashique Mastane,1995.0,0.0,162,6.2,13.0,119,1265,Vikas Anand,Mohnish Bahl
Aashiqui,1990.0,152.0,388,6.3,1661.0,1423,1660,Anu Agrawal,Avtar Gill
Aashiqui 2,2013.0,132.0,315,7.0,27357.0,1582,82,Shraddha Kapoor,Shaad Randhawa
Aashiqui.In,2011.0,109.0,327,3.7,61.0,2578,2133,Amit Dhamija,Preeti Gandwani
Aashirwad,1968.0,146.0,269,7.3,203.0,963,377,Sanjeev Kumar,Sumita Sanyal
Aashmani Jawaharat,2014.0,132.0,269,6.1,10.0,2718,228,Anamitra Roy,Yovik
Aasma,2018.0,105.0,29,5.2,8.0,2760,2228,Ameet Gaurr,Sunny Hinduja
Aasma: The Sky Is the Limit,2009.0,240.0,269,3.8,46.0,2278,830,Seema Biswas,Nauheed Cyrusi
Aasmaan,1984.0,145.0,323,4.8,12.0,2917,1715,Divya Rana,Tina Ambani
Aasmaan Mahal,1965.0,172.0,269,5.5,6.0,1292,1613,Dilip Roy,Surekha
Aasmaan Se Gira,1992.0,88.0,97,6.8,56.0,1786,49,Raghuvir Yadav,Anupam Kher
Aasoo Bane Angaarey,1993.0,150.0,1,4.5,88.0,1536,920,Madhuri Dixit,Kiran Kumar
Aasra,1966.0,161.0,282,7.2,32.0,2520,1182,Biswajit Chatterjee,Balraj Sahni
Aastha: In the Prison of Spring,1997.0,132.0,269,6.4,172.0,475,1819,Om Puri,Dinesh Thakur
Aatank,1996.0,113.0,84,3.9,99.0,1911,616,Nafisa Ali,Dharmendra
Aatank Hi Aatank,1995.0,155.0,29,5.2,776.0,720,1712,Aamir Khan,Juhi Chawla
Aathi,2006.0,167.0,52,4.4,2166.0,2164,943,Trisha Krishnan,Vivek
Aatish,1979.0,139.0,1,4.5,16.0,188,920,Neetu Singh,Dheeraj Kumar
Aatish: Feel the Fire,1994.0,155.0,29,5.8,735.0,2451,1970,Aditya Pancholi,Raveena Tandon
Aatma,2006.0,107.0,221,4.2,79.0,654,1006,Shabana Raza,Vikram Singh
Aatma,2013.0,100.0,313,3.8,623.0,2816,881,Bipasha Basu,Padam Bhola
Aavida Maa Aavide,1998.0,153.0,208,6.4,170.0,752,1379,Tabu,Heera Rajgopal
Aavishkar,1974.0,107.0,327,7.0,213.0,475,1703,Sharmila Tagore,Dina Pathak
Aawaz,1956.0,146.0,409,5.1,7.0,3135,1385,Nasir Hussain,Usha Kiran
Aawaz De Kahan Hai,1990.0,0.0,327,3.7,7.0,2670,496,Annu Kapoor,Satyendra Kapoor
Aaya Toofan,1964.0,128.0,8,6.1,14.0,1558,1042,Dara Singh,Helen
Aaya Toofan,1999.0,111.0,1,5.4,31.0,649,1305,Aditya Pancholi,Gulshan Grover
Aaye Din Bahar Ke,1966.0,170.0,396,6.6,109.0,1991,369,Dharmendra,Balraj Sahni
Aazaan,2011.0,125.0,72,4.4,346.0,1882,1895,Candice Boucher,Arya Babbar
Aazmayish,1995.0,147.0,50,5.0,35.0,2369,1896,Rohit Kumar Sharma,Dharmendra
Ab Ayega Mazaa,1984.0,128.0,162,6.6,85.0,1786,1795,Raja Bundela,Pawan Malhotra
Ab Dilli Dur Nahin,1957.0,133.0,269,7.6,80.0,184,1260,Sulochana Latkar,Lala Yaqoob
Ab Hoga Dharna Unlimited,2012.0,78.0,162,4.0,6.0,658,2017,Rekha Rana,Omkar Das Manikpuri
Ab Insaf Hoga,1995.0,125.0,39,4.8,32.0,915,1819,Mithun Chakraborty,Deepika Amin
Ab Ke Baras,2002.0,0.0,80,3.3,198.0,2010,359,Amrita Rao,Ashutosh Rana
Ab Kya Hoga,1977.0,0.0,408,4.8,24.0,2357,2085,Neetu Singh,Asrani
Ab Meri Baari,1989.0,0.0,1,5.1,8.0,490,811,Sudhir Dalvi,Kimi Katkar
Ab Tak Chhappan,2004.0,129.0,29,7.8,8379.0,2621,1390,Revathi,Yashpal Sharma
Ab Tak Chhappan 2,2015.0,106.0,38,5.8,1344.0,755,1390,Mohan Agashe,Gul Panag
Ab To Aaja Saajan Mere,1994.0,127.0,327,4.0,6.0,2133,1043,Arvind Joshi,Shalini Kapoor
Ab Tumhare Hawale Watan Saathiyo,2004.0,193.0,53,4.6,1494.0,265,1977,Amitabh Bachchan,Akshay Kumar
Ab... Bas!,2004.0,137.0,422,3.2,74.0,2078,542,Shawar Ali,Arun Bakshi
ABCD (Any Body Can Dance),2013.0,160.0,314,6.3,6458.0,2245,1562,Ganesh Acharya,Kay Kay Menon
Abdullah,1980.0,136.0,50,6.4,189.0,2455,1671,Sanjay Khan,Sanjeev Kumar
Abe Hayat,1933.0,0.0,269,2.8,10.0,1326,157,Bachan,Nazir
Abe Hayat,1955.0,140.0,8,4.8,21.0,2168,1604,Ameeta,Shashikala
Abhay,1995.0,127.0,350,7.0,64.0,280,271,Benjamin Gilani,Eka Lakhani
Abhi To Jee Lein,1977.0,135.0,52,5.4,10.0,2295,903,Danny Denzongpa,Simi Garewal
Abhilasha,1968.0,141.0,327,6.8,24.0,194,1274,Nanda,Sanjay Khan
Abhimaan,1957.0,0.0,291,7.1,10.0,1426,189,Shekhar,Chand Usmani
Abhimaan,1973.0,122.0,317,7.9,2665.0,963,207,Jaya Bachchan,Asrani
Abhimanyu,1980.0,0.0,0,3.2,8.0,1423,0,0,0
Abhimanyu,1991.0,140.0,223,7.0,326.0,1925,1317,Shankar,Ajayan Adoor
Abhimanyu,1989.0,168.0,20,4.6,28.0,2917,251,Kimi Katkar,Poonam Dhillon
Abhinetri,1970.0,154.0,327,6.7,70.0,2737,2083,Hema Malini,Deb Mukherjee
Abhishap,1986.0,0.0,269,7.1,8.0,534,1775,Debashree Roy,Soumitra Bannerjee
Abhishapt,2011.0,0.0,269,7.0,6.0,1787,662,Vasundhara Das,Raj Vasudeva
Abodh,1984.0,132.0,269,5.8,109.0,951,2340,Madhuri Dixit,Sheela Sharma
Abroo,1943.0,0.0,0,3.1,7.0,863,2164,Lala Yaqoob,Jagdish Sethi
Accident on Hill Road,2010.0,105.0,227,4.0,284.0,1431,708,Celina Jaitly,Abhimanyu Singh
Achanak,1973.0,96.0,218,6.8,213.0,870,2487,Om Shivpuri,Lily Chakravarty
Achanak,1998.0,160.0,76,4.0,245.0,1677,768,Manisha Koirala,Farha Naaz
Achha Bura,1983.0,0.0,269,6.7,25.0,963,212,Ranjeet,Raj Babbar
Achhut Kanya,1936.0,142.0,320,6.5,114.0,788,627,Ashok Kumar,Monorama
Acid Factory,2009.0,108.0,35,5.0,677.0,2816,701,Dia Mirza,Manoj Bajpayee
Action,2019.0,158.0,15,4.5,858.0,2786,2495,Tamannaah Bhatia,Aishwarya Lekshmi
Action Jackson,2014.0,144.0,38,3.3,3461.0,1848,1560,Ajay Devgn,Sonakshi Sinha
Action Replayy,2010.0,129.0,210,4.2,5814.0,3062,146,Aishwarya Rai Bachchan,Aditya Roy Kapoor
Actress,1948.0,0.0,0,6.2,5.0,1653,581,Rehana,0
Ada... A Way of Life,2010.0,120.0,29,3.6,49.0,2884,414,Ayesha Jhulka,Rahul Roy
Adalat,1958.0,139.0,320,6.9,36.0,1204,1401,Pradeep Kumar,Pran
Adalat,1976.0,138.0,43,6.4,284.0,1671,207,Waheeda Rehman,Neetu Singh
Adam Ka Janam,1989.0,0.0,269,5.5,6.0,2442,2280,0,0
Adharm,1992.0,0.0,29,5.1,66.0,430,2085,Shabana Azmi,Sanjay Dutt
Adharm,2006.0,0.0,1,5.3,11.0,81,1653,Mayuri Kango,Rocky Khanna
Adhi Raat Ke Baad,1965.0,137.0,49,6.6,28.0,1659,377,Ragini,Sailesh Kumar
Adhikar,1954.0,126.0,180,6.7,13.0,1568,2393,Kishore Kumar,Yashodra Katju
Adhikar,1986.0,0.0,291,6.2,38.0,602,2445,Rajesh Khanna,Tina Ambani
Adhikar,1971.0,0.0,269,4.9,21.0,2334,377,Nanda,Deb Mukherjee
Adhipathi,2001.0,151.0,39,5.4,533.0,2222,1379,Ali,Mohan Babu
Adhura Sapna,2007.0,88.0,269,4.7,11.0,3043,2325,Rajnel Prasad,Ratu Rakuita Tawake
Adhurs,2010.0,150.0,26,6.8,2393.0,2965,1375,Nayanthara,Sheela Kaur
Adi Shankaracharya,1983.0,130.0,151,7.3,240.0,800,1999,M.V. Narayana Rao,Manjunath Bhatt
Adil-E-Jahangir,1955.0,150.0,269,5.0,8.0,796,1564,Meena Kumari,D.K. Sapru
Adisaya Piravi,1990.0,145.0,21,6.9,335.0,2340,1712,Chinnijayanth,Jai Ganesh
Admissions Open,2010.0,0.0,172,3.3,51.0,1174,297,Ashish Vidyarthi,Arshi
Adrishya,2017.0,106.0,287,3.3,102.0,2431,1469,Archana Kotwal,Ravi Kumar
Adutha Varisu,1983.0,122.0,269,5.5,76.0,2340,1712,Sridevi,Varalakshmi S.
Adventure Kids Hindi Film,2019.0,120.0,90,6.6,12.0,1495,2302,Neel Bakshi,Prachita Gujar
Adventures of Aladdin,1978.0,151.0,90,4.7,7.0,956,1433,Jayshree T.,Raza Murad
Adventures of Ali-Baba and the Forty Thieves,1980.0,153.0,7,6.2,506.0,1372,2385,Dharmendra,Hema Malini
Adventures of Tarzan,1985.0,135.0,4,4.6,140.0,454,1052,Dalip Tahil,Om Shivpuri
Adwait Sangeet,2011.0,82.0,249,7.9,13.0,1440,0,0,0
Ae Dil Hai Mushkil,2016.0,158.0,315,5.8,21661.0,1248,1761,Aishwarya Rai Bachchan,Anushka Sharma
Aetbaar,2004.0,152.0,48,4.6,1013.0,3035,207,John Abraham,Bipasha Basu
Aflatoon,1997.0,153.0,19,4.5,1261.0,866,146,Urmila Matondkar,Anupam Kher
Africadalli Sheela,1986.0,134.0,126,6.6,18.0,649,231,Sahila Chaddha,B.S. Dwarakish
Afsana,1966.0,134.0,327,6.5,12.0,547,377,Pradeep Kumar,Padmini
Afsana,1951.0,168.0,282,7.8,57.0,447,377,Veena,Jeevan
Afsana Dilwalon Ka,2001.0,195.0,327,3.6,1025.0,1012,27,Juni,Rahul Roy
Afsana Pyar Ka,1991.0,145.0,327,5.9,783.0,1401,19,Neelam Kothari,Deepak Tijori
Afsar,1950.0,121.0,208,7.1,19.0,592,617,Suraiya,Ruma Guha Thakurta
After the Third Bell,2014.0,92.0,235,6.3,43.0,115,2381,Akanksha D. Sharma,Sukhesh Arora
Agar Tum Na Hote,1983.0,161.0,282,6.4,152.0,1381,1703,Rekha,Raj Babbar
Agar... If,1977.0,0.0,269,6.4,27.0,760,214,Zarina Wahab,Kader Khan
Agathiyar,1972.0,153.0,94,6.6,30.0,16,2317,J.P. Chandrababu,Devagi
Agent Vinod,1977.0,139.0,29,5.7,84.0,647,1170,Asha Sachdev,Iftekhar
Agent Vinod,2012.0,157.0,15,5.2,7210.0,2720,1024,Saif Ali Khan,Rajat Kapoor
Aggar: Passion Betrayal Terror,2007.0,0.0,422,4.0,281.0,240,2377,Udita Goswami,Shreyas Talpade
Aghaat,1985.0,138.0,279,7.1,120.0,862,1495,Bharat Gopy,Pankaj Kapur
Agnee,1988.0,153.0,50,5.1,29.0,1012,1305,Chunky Panday,Amrita Singh
Agnee Morcha,1997.0,142.0,1,3.1,14.0,2119,311,Birbal,Dharmendra
Agneekaal,1990.0,161.0,29,5.6,26.0,39,1252,Masum Ali,Sadashiv Amrapurkar
Agneepath,1990.0,174.0,29,7.7,8500.0,1607,207,Mithun Chakraborty,Madhavi
Agneepath,2012.0,174.0,29,6.9,22895.0,1251,831,Priyanka Chopra Jonas,Sanjay Dutt
Agni IPS,1997.0,137.0,1,7.8,33.0,230,1997,Saikumar,Ranjitha
Agni Pankh,2004.0,0.0,50,4.5,108.0,2472,932,Sameer Dharmadhikari,Rahul Dev
Agni Pareeksha,1981.0,130.0,218,6.0,22.0,1214,214,Parikshit Sahni,Rameshwari
Agni Rekha,1973.0,0.0,269,7.3,9.0,1426,1981,Sharada,Sajjan
Agni Sakshi,1996.0,142.0,320,6.1,684.0,1805,871,Nana Patekar,Manisha Koirala
Agnichakra,1997.0,123.0,1,3.6,53.0,1278,205,Naseeruddin Shah,Govinda
Agniputra,2000.0,140.0,1,4.6,24.0,3020,390,Mithun Chakraborty,Pinky Chinoy
Agnivarsha: The Fire and the Rain,2002.0,126.0,299,4.6,361.0,327,871,Kumar Iyengar,Raveena Tandon
Agra Road,1957.0,0.0,211,4.8,5.0,2235,2050,Vijay Anand,Nanda
Agreement,1980.0,124.0,381,6.2,19.0,255,1819,Utpal Dutt,Shailendra Singh
Agyaat,2009.0,130.0,311,2.9,620.0,2147,1476,Priyanka Kothari,Rasika Dugal
Ahaan,2019.0,81.0,172,7.2,213.0,1714,321,Niharika Singh,Abuli Mamaji
Ahankaar,1995.0,145.0,269,5.9,53.0,357,1305,Mamta Kulkarni,Prem Chopra
Ahinsa,1979.0,103.0,39,4.1,10.0,566,2263,Rekha,Ranjeet
Ahista Ahista,1981.0,141.0,396,7.0,45.0,760,1531,Suresh Chatwal,Aruna Irani
Ahista Ahista,2006.0,122.0,327,7.0,1491.0,2634,35,Soha Ali Khan,Shayan Munshi
Ahsaas,1979.0,144.0,327,5.7,38.0,2833,2083,Simi Garewal,Rakesh Bedi
Airlift,2016.0,130.0,303,8.0,53897.0,2032,146,Nimrat Kaur,Kumud Mishra
Aisa Kyon Hota Hai?,2006.0,0.0,29,3.9,21.0,117,1787,Amit,Gopi Bhalla
Aisa Pyar Kahan,1986.0,0.0,327,6.3,36.0,3022,920,Jaya Prada,Mithun Chakraborty
Aisa Yeh Jahaan,2015.0,120.0,269,6.6,52.0,536,2529,Ira Dubey,Tinnu Anand
Aisaa Kyon,2003.0,0.0,427,3.7,7.0,441,1749,Sunil Dhawan,Avtar Gill
Aisha,2010.0,126.0,180,5.0,3953.0,2118,2189,Abhay Deol,Amrita Puri
Aisi Bhi Kya Jaldi Hai,1996.0,132.0,208,6.6,68.0,2369,1896,Sachin Pilgaonkar,Vivek Mushran
Aisi Deewangi,2009.0,125.0,20,4.1,7.0,41,2000,Preeti Arora,Pankaj Berry
Aitbaar,1985.0,133.0,422,6.9,149.0,1607,1668,Dimple Kapadia,Danny Denzongpa
Aitraaz,2004.0,160.0,331,6.6,9721.0,39,1252,Akshay Kumar,Kareena Kapoor
Aiyaary,2018.0,157.0,52,5.3,4167.0,1697,2156,Manoj Bajpayee,Rakul Preet Singh
Aiyyaa,2012.0,152.0,208,4.4,1765.0,2367,1768,Prithviraj Sukumaran,Nirmiti Sawant
Ajab Gazabb Love,2012.0,116.0,208,4.2,520.0,2449,872,Nidhi Subbaiah,Darshan Jariwala
Ajab Prem Ki Ghazab Kahani,2009.0,150.0,25,6.4,13194.0,2110,1761,Katrina Kaif,Darshan Jariwala
Ajab Singh Ki Gajab Kahani,2017.0,115.0,269,5.8,52.0,2257,114,Vikas Giri,Rajesh Jais
Ajanabee,1974.0,139.0,327,6.5,174.0,2564,1703,Zeenat Aman,Prem Chopra
Ajay,1996.0,146.0,50,3.7,187.0,2790,2271,Karisma Kapoor,Reena Roy
Ajeeb Daastaans,2021.0,142.0,327,6.7,4133.0,1696,1041,Shashank Khaitan,Raj Mehta
Ajeeb Dastaan Hai Yeh,1992.0,0.0,269,4.7,11.0,1012,2455,Neelima Azim,Rita Bhaduri
Ajeeb Itefaq,1989.0,0.0,237,5.5,12.0,1138,1426,Mohan Gokhale,Vijayendra Ghatge
Aji Bas Shukriya,1958.0,0.0,178,6.1,11.0,1558,741,Suresh,Johnny Walker
Ajji,2017.0,104.0,269,6.9,973.0,676,2297,Smita Tambe,Sharvani Suryavanshi
Ajnabee,2001.0,165.0,29,6.4,8164.0,39,1252,Akshay Kumar,Bobby Deol
Ajnabi Saaya,1998.0,0.0,363,2.7,9.0,1890,1067,Sulabha Deshpande,Bharat Kapoor
Ajooba,1991.0,178.0,4,5.3,1214.0,2596,749,Amitabh Bachchan,Dimple Kapadia
Ajooba Kudrat Ka,1991.0,0.0,8,4.8,29.0,2666,2371,Hemant Birje,Manjeet Kular
AK 47,2004.0,125.0,84,5.0,39.0,1977,77,Sheetal Bavishi,Om Puri
AK vs AK,2020.0,108.0,19,6.9,12429.0,3040,251,Anurag Kashyap,Sonam Kapoor
Akaash Vani,2013.0,149.0,327,6.3,1857.0,1389,1028,Nushrat Bharucha,Sunny Singh Nijjar
Akalmand,1984.0,0.0,211,5.7,40.0,1636,377,Jeetendra,Sridevi
Akalmand,1966.0,0.0,162,7.4,5.0,2538,837,Kishore Kumar,Sonia Sahni
Akarshan,1988.0,0.0,409,4.8,26.0,2885,135,Sonu Walia,Girish Karnad
Akashdeep,1965.0,136.0,269,6.6,32.0,1825,632,Mehmood,Ashok Kumar
Akayla,1991.0,180.0,52,5.0,421.0,2182,207,Jackie Shroff,Amrita Singh
Akbar Saleem Anarkali,1979.0,139.0,304,7.7,38.0,1637,1374,Nandamuri Balakrishna,Unni Mary
Akela the Alone,2014.0,58.0,427,5.5,10.0,74,67,Roman Ajaz,Casim Bilal
Akele Hum Akele Tum,1995.0,160.0,269,7.0,4780.0,1502,19,Manisha Koirala,Master Adil
Akeli,1999.0,165.0,409,5.6,11.0,3056,1543,Nandini Ghosal,Brij Gopal
Akeli Mat Jaiyo,1963.0,0.0,208,6.3,21.0,1665,1274,Rajendra Kumar,Agha
Akhiyon Se Goli Maare,2002.0,146.0,208,5.1,881.0,919,768,Raveena Tandon,Kader Khan
Akhri Muqabla,1989.0,132.0,39,5.3,13.0,2745,2083,Rajan Sippy,Suresh Oberoi
Aks,2001.0,184.0,33,5.8,1627.0,2141,207,Raveena Tandon,Manoj Bajpayee
Aksar,2006.0,135.0,331,4.8,1152.0,240,694,Udita Goswami,Dino Morea
Aksar 2,2017.0,127.0,224,3.6,417.0,240,2546,Gautam Rode,Lillete Dubey
Alaap,1977.0,160.0,317,6.7,327.0,963,207,Rekha,Chhayadevi
Aladdin and the Wonderful Lamp,1952.0,144.0,115,5.9,15.0,956,1177,Meena Kumari,S.N. Tripathi
Aladin,2009.0,132.0,4,4.6,2839.0,2766,207,Sanjay Dutt,Riteish Deshmukh
Alag Alag,1985.0,174.0,346,6.4,86.0,2564,1703,Shashi Kapoor,Tina Ambani
Alag: He Is Different.... He Is Alone...,2006.0,123.0,44,3.8,1172.0,391,145,Dia Mirza,Yatin Karyekar
Alajh Palajh,2019.0,136.0,162,6.9,7.0,2943,2456,Usha Devi,Monu Dhankad
Alakh Niranjan,1975.0,0.0,350,7.4,22.0,459,1374,Vanisri,Ramakrishna
Alam Ara,1973.0,124.0,269,6.8,8.0,1666,1432,Ajit Sachdev,Paidi Jairaj
Alavuddinum Athbutha Vilakkum,1979.0,144.0,105,6.6,161.0,970,983,Rajinikanth,Jayabharati
Albela,2001.0,145.0,180,3.7,737.0,657,768,Aishwarya Rai Bachchan,Jackie Shroff
Albela,1951.0,158.0,178,7.0,82.0,1516,741,Master Bhagwan,Badri Prasad
Albela,1971.0,0.0,269,6.0,6.0,7,1289,Aruna Irani,Rajendranath Malhotra
Albert Pinto Ko Gussa Kyon Ata Hai,1980.0,110.0,180,7.5,428.0,2377,1406,Shabana Azmi,Smita Patil
Albert Pinto Ko Gussa Kyun Aata Hai?,2019.0,100.0,269,5.5,349.0,2702,1193,Nandita Das,Amarjeet Amle
Alex's Strip,2019.0,109.0,269,5.9,37.0,994,105,Aida Folch,Rohit Choudhary
Ali Baba and 40 Thieves,1966.0,154.0,117,6.4,14.0,956,1981,L. Vijayalakshmi,David Abraham
Alibaba,1940.0,0.0,0,6.0,5.0,1530,2286,Ghulam Mohammed,Wahidan
Alibaba and 40 Thieves,1954.0,145.0,6,6.2,46.0,956,2050,Mahipal,B.M. Vyas
Alibaba Aur 40 Chor,2004.0,0.0,6,4.4,30.0,2795,424,Brownie,Diveyaa Dwivedi
Alibaba Aur Chalis Chor,1932.0,0.0,0,3.4,5.0,1015,0,0,0
Alibaba Marjinaa,1977.0,163.0,2,6.7,27.0,1270,2389,Birbal,Jagdeep
Alif,2017.0,120.0,269,6.5,137.0,3131,1440,Pawan Tiwari,Bhavna Pani
Alif Laila,1933.0,0.0,350,7.2,37.0,467,2066,Bashir Qawal,Zohra
Alif-Laila,1953.0,135.0,350,6.3,11.0,1143,1461,Asha Mathur,Pran
Aligarh,2015.0,114.0,151,7.8,6402.0,901,1225,Rajkummar Rao,Ashish Vidyarthi
All Is Well,2015.0,126.0,180,3.8,1513.0,2936,1836,Abhishek Bachchan,Asin Thottumkal
All Ladies Do It,2020.0,97.0,427,7.9,384.0,151,136,Ajay Bafna,Vikas Sachdeva
All Rounder,1984.0,128.0,39,4.8,31.0,1566,1100,Rati Agnihotri,Vinod Mehra
All the Best: Fun Begins,2009.0,144.0,20,6.2,5786.0,2282,1970,Ajay Devgn,Fardeen Khan
Allah Ke Banday,2010.0,123.0,29,6.1,303.0,777,2417,Virendra Giri,Vikram Gokhale
Allah Meharban To Gadha Pehalwan,1997.0,149.0,162,4.3,7.0,2234,2541,Shakti Kapoor,Kader Khan
Allah-Rakha,1986.0,160.0,39,5.4,132.0,1279,871,Shammi Kapoor,Waheeda Rehman
Alone,2015.0,133.0,363,3.7,1622.0,517,499,Karan Singh Grover,Sulabha Arya
Aloo Chaat,2009.0,0.0,180,5.8,907.0,2268,87,Aamna Sharif,Linda Arsenio
Always Kabhi Kabhi,2011.0,126.0,165,4.0,1295.0,2294,1137,Satyajeet Dubey,Ali Fazal
Amaanat,1977.0,0.0,282,6.1,24.0,2601,1231,Sadhana,Balraj Sahni
Amaanat,1994.0,140.0,39,4.7,552.0,2020,1970,Akshay Kumar,Heera Rajgopal
Aman,1967.0,152.0,110,6.5,41.0,1566,1696,Saira Banu,Balraj Sahni
Aman Ke Farishtey,2016.0,137.0,1,6.6,23.0,1197,2193,Dev Anand,Bob Christo
Amanat,1955.0,0.0,282,7.1,15.0,316,464,Chand Usmani,Nasir Hussain
Amanush,1975.0,153.0,282,7.0,232.0,2564,2399,Sharmila Tagore,Prema Narayan
Amar,1954.0,149.0,320,6.8,162.0,1530,1166,Nimmi,Dilip Kumar
Amar Deep,1958.0,148.0,396,6.6,38.0,2863,617,Vyjayanthimala,Padmini
Amar Deep,1979.0,0.0,327,6.9,66.0,1952,964,Rajesh Khanna,Vinod Mehra
Amar Joshi Shahid Ho Gaya,2005.0,0.0,162,5.6,17.0,2115,2267,Rajpal Yadav,Shawar Ali
Amar Jyoti,1936.0,166.0,269,6.1,17.0,2580,685,Shanta Apte,Vasanti
Amar Prem,1948.0,0.0,269,8.0,39.0,1634,1158,Raj Kapoor,Madhubala
Amar Prem,1960.0,0.0,0,7.2,6.0,2169,2106,Krishna Rao,Savitri
Amar Prem,1972.0,143.0,320,8.2,1592.0,2564,1703,Sharmila Tagore,Sujit Kumar
Amar Prem,2020.0,143.0,269,4.4,25.0,2881,535,Kundan Bhardwaj,Sufi
Amar Rahe Ye Pyar,1961.0,121.0,269,6.5,14.0,1847,1696,Nalini Jaywant,Nanda
Amar Shakti,1978.0,133.0,4,4.9,16.0,919,2083,Shatrughan Sinha,Sulakshana Pandit
"Amar, Akbar and Anthony",1977.0,184.0,20,7.5,7336.0,1483,2487,Rishi Kapoor,Amitabh Bachchan
Amavas,2019.0,134.0,373,2.8,308.0,517,156,Ali Asgar,Vivan Bhatena
Amavas Ki Raat,1990.0,0.0,363,3.1,18.0,1561,1784,Rakesh Bedi,Sunil Dhawan
Amba,1990.0,153.0,339,4.2,41.0,1566,2031,Anil Kapoor,Meenakshi Sheshadri
Ambe Maa Jagdambe Maa,1980.0,0.0,173,5.3,6.0,2767,1122,Yogesh Chhabra,Surjeet Kaur
Amber,1952.0,141.0,6,6.9,65.0,1072,1401,Raj Kapoor,Agha
Amber,1985.0,0.0,409,5.8,11.0,1879,1564,Anuradha Patel,Rameshwari
Amdavad Junction,2013.0,95.0,401,4.4,16.0,312,1854,Ishita Salot,Gunjan Vyas
Ameer Aadmi Gharib Aadmi,1985.0,0.0,269,5.4,19.0,213,207,Zeenat Aman,Rabia Amin
American Desi,2001.0,100.0,180,6.6,1585.0,1830,588,Ronobir Lahiri,Purva Bedi
Amir Garib,1974.0,140.0,84,6.6,90.0,1566,617,Hema Malini,Prem Nath
Amir Salman Shahrukh,2016.0,0.0,162,5.5,12.0,686,1914,Raju Rahikwar,0
Amiri Garibi,1990.0,155.0,339,4.9,47.0,919,920,Rekha,Rishi Kapoor
Amit Sahni Ki List,2014.0,110.0,208,5.4,347.0,110,2492,Vega Tamotia,Anindita Nayar
Amma,2002.0,0.0,279,6.2,6.0,3108,2056,Brahmanandam,Ayesha Jhulka
Amma,1986.0,135.0,269,6.2,11.0,1104,1736,Mithun Chakraborty,Suresh Oberoi
Amma Nagamma,2001.0,110.0,301,5.6,7.0,556,629,Kumar Govind,Prema
Ammaa Ki Boli,2021.0,117.0,172,8.1,871.0,1667,1975,Hrishitaa Bhatt,Master Aniket
Ammayi Kosam,2001.0,0.0,269,5.6,45.0,1613,1273,Vineeth,Siva Reddy
Amrapali,1966.0,119.0,391,6.6,194.0,1381,2510,Sunil Dutt,Prem Nath
Amrit,1986.0,137.0,282,7.0,169.0,1566,1703,Smita Patil,Aruna Irani
Amu,2005.0,102.0,269,7.3,856.0,2643,1075,Yashpal Sharma,Brinda Karat
An Engineered Dream,2018.0,72.0,241,8.4,11.0,934,0,0,0
An Evening in Paris,1967.0,168.0,398,6.9,328.0,2564,2059,Sharmila Tagore,Sarita
An Indian Day,1968.0,57.0,241,7.1,25.0,2318,0,0,0
An Insignificant Man,2016.0,96.0,266,8.7,1928.0,1291,2479,Arvind Kejriwal,Saurabh Bhardwaj
Anaam,1992.0,0.0,49,6.1,29.0,2178,336,Ayesha Jhulka,Kiran Kumar
Anaarkali of Aarah,2017.0,113.0,269,5.9,1636.0,415,1517,Swara Bhaskar,Sanjay Mishra
Anamika,1973.0,125.0,404,7.1,278.0,1991,1981,Jaya Bachchan,Iftekhar
Anamika: The Untold Story,2008.0,0.0,331,3.4,251.0,240,666,Minissha Lamba,Koena Mitra
Anand,1971.0,122.0,317,8.3,31937.0,963,1703,Amitabh Bachchan,Sumita Sanyal
Anand Aur Anand,1984.0,0.0,343,6.1,38.0,671,617,Suneil Anand,Raj Babbar
Anand Math,1952.0,176.0,153,7.6,85.0,942,1613,Geeta Bali,Ranjana
Ananda Ashram,1977.0,127.0,282,7.1,140.0,2564,377,Uttam Kumar,Sharmila Tagore
Anantyatra,1985.0,0.0,269,7.0,19.0,1082,1377,Sudhir Joshi,Rohini Hattangadi
Anari,1959.0,166.0,178,7.9,740.0,963,1671,Nutan,Lalita Pawar
Anari,1993.0,171.0,180,4.8,429.0,1153,1736,Venkatesh Daggubati,Karisma Kapoor
Anari,1975.0,144.0,327,6.2,36.0,400,2083,Sharmila Tagore,Moushumi Chatterjee
Anari No. 1,1999.0,169.0,162,5.0,636.0,1339,768,Raveena Tandon,Simran
Anarkali,1953.0,175.0,361,7.2,72.0,1665,493,Pradeep Kumar,Kuldip Kaur
Anatomy of Violence,2016.0,93.0,218,5.4,54.0,644,2414,Tia Bhatia,Janki Bisht
Andaaz,2003.0,145.0,320,5.3,2359.0,2010,146,Lara Dutta,Priyanka Chopra Jonas
Andar Baahar,1984.0,0.0,84,5.4,146.0,2020,251,Jackie Shroff,Danny Denzongpa
Andaz,1949.0,148.0,385,7.2,498.0,1530,1401,Dilip Kumar,V.H. Desai
Andaz,1971.0,166.0,327,6.7,275.0,2182,2059,Rajesh Khanna,Hema Malini
Andaz,1994.0,167.0,20,4.4,402.0,630,251,Juhi Chawla,Karisma Kapoor
Andaz Apna Apna,1994.0,160.0,25,8.1,50810.0,2110,19,Salman Khan,Raveena Tandon
Andha Bichar,1990.0,148.0,39,6.8,16.0,2564,1305,Mandakini,Tanuja
Andha Insaaf,1993.0,0.0,28,6.2,9.0,740,0,0,0
Andha Oru Nimidam,1985.0,144.0,29,6.8,53.0,1439,983,Urvashi,Y.G. Mahendran
Andhaa Kaanoon,1983.0,155.0,39,6.1,666.0,2161,207,Rajinikanth,Hema Malini
Andhaa Yudh,1987.0,0.0,336,7.3,72.0,632,1668,Vyjayanti Chavan,Vaishali Dandekar
Andhadhun,2018.0,139.0,222,8.2,77901.0,2720,422,Tabu,Radhika Apte
Andher Gardi,1990.0,0.0,39,6.0,8.0,386,1668,Kimi Katkar,Sripradha
Andhera,1975.0,110.0,227,5.1,30.0,2666,2371,Sameer Khan,Vani Ganpati
Andhera,1994.0,0.0,312,4.0,6.0,131,241,Anisha,Anil Dhawan
Andheri Raat Mein Diya Tere Haath Mein,1986.0,129.0,172,6.8,56.0,616,566,Usha Chavan,Dina Pathak
Andhi Gali,1984.0,152.0,336,5.5,13.0,550,613,Mahesh Bhatt,Anil Chatterjee
Andolan,1995.0,165.0,20,5.0,249.0,430,862,Somy Ali,Divya Bharti
Angaar,1992.0,176.0,29,6.4,297.0,2599,871,Dimple Kapadia,Nana Patekar
Angaar: The Fire,2002.0,0.0,1,3.6,10.0,119,2473,Rana Jung Bahadur,Rajat Bedi
Angaara,1996.0,127.0,28,4.3,30.0,255,1902,Suresh Bhagwat,Hemant Birje
Angaaray,1998.0,141.0,29,5.3,793.0,1423,146,Nagarjuna Akkineni,Pooja Bhatt
Angaaray,1986.0,0.0,101,5.8,39.0,2089,1703,Smita Patil,Raj Babbar
Angarey,1954.0,0.0,269,7.2,6.0,1170,1407,Nargis,K.N. Singh
Angel,2011.0,114.0,39,6.3,84.0,808,2255,Arun,Raakesh Babu
Angoor,1982.0,131.0,162,8.3,4924.0,870,1981,Moushumi Chatterjee,Deven Verma
Angoor,2005.0,106.0,269,6.1,53.0,1234,1986,Rajesh Sabharwal,Amit Pachori
Angrakshak,1995.0,116.0,77,4.4,167.0,2223,2271,Pooja Bhatt,Rami Reddy
Angrezi Medium,2020.0,145.0,172,7.3,11700.0,954,854,Radhika Madan,Kareena Kapoor
Angry Indian Goddesses,2015.0,121.0,172,7.0,2749.0,1781,1990,Rajshri Deshpande,Sandhya Mridul
Angry Young Man,2014.0,0.0,1,5.2,9.0,2180,1365,Amit Bhardwaj,Ashit Kumar
Angulimaal,1960.0,153.0,6,6.1,28.0,3005,1461,Bharat Bhushan,Anita Guha
Anhonee,1952.0,155.0,331,7.2,77.0,1292,1401,Raj Kapoor,Agha
Anhonee,1973.0,127.0,331,7.1,40.0,2226,1981,Leena Chandavarkar,Padma Khanna
Anita,1967.0,154.0,400,6.4,120.0,2013,1903,Manoj Kumar,I.S. Johar
Anjaam,1968.0,0.0,2,5.9,7.0,2625,715,Shahida,Nisar Ahmad Ansari
Anjaam,1978.0,0.0,29,5.8,10.0,1304,1994,Ramesh Deo,Gajanan Jagirdar
Anjaam,1987.0,136.0,427,5.3,12.0,2861,1683,Parijat,Shashi Kapoor
Anjaam,1994.0,170.0,336,6.9,6093.0,2006,1168,Shah Rukh Khan,Tinnu Anand
Anjaam,2007.0,0.0,427,6.1,63.0,240,694,Tusshar Kapoor,0
Anjaan,2005.0,0.0,336,2.5,52.0,901,1169,Vipul Gupta,Aamir Ali
Anjaan Raahen,1974.0,0.0,276,6.5,19.0,1564,715,Asha Parekh,Akbar Khan
Anjaana,1969.0,152.0,409,5.6,48.0,1566,1696,Babita Kapoor,Pran
Anjaana Anjaani,2010.0,151.0,178,5.8,6416.0,2671,1623,Aubrey K. Miller,Ranbir Kapoor
Anjaane,2000.0,0.0,269,4.1,9.0,2221,1325,Beena Banerjee,Farida Jalal
Anjaane: The Unkown,2005.0,110.0,363,3.9,71.0,922,1215,Sanjay Kapoor,Helen
Anjan Hai Koyee,1969.0,133.0,19,5.8,12.0,459,715,Nalini,Helen
Anjane Mein,1978.0,0.0,282,6.9,40.0,2418,1836,Neetu Singh,Nirupa Roy
Anjaneya,2003.0,168.0,29,3.4,363.0,1627,127,Meera Jasmine,Raghuvaran
Anjaneyulu,2009.0,143.0,19,4.8,324.0,1797,1806,Nayanthara,Kota Srinivasa Rao
Ankahee,1985.0,135.0,269,7.1,109.0,215,214,Deepti Naval,Devika Mukherjee
Ankahee,2006.0,151.0,156,4.1,366.0,3035,87,Ameesha Patel,Esha Deol
Ankh Micholi,1962.0,0.0,224,5.2,5.0,2235,2092,Mala Sinha,S. Nazir
Ankhen,1968.0,172.0,6,7.2,325.0,2165,1182,Dharmendra,Kumkum
Ankhon Dekhi,2013.0,107.0,172,8.0,10673.0,2049,1975,Seema Bhargava,Rajat Kapoor
Ankhon Mein Tum Ho,1997.0,151.0,409,5.5,46.0,357,298,Rakhee Gulzar,Satyendra Kapoor
Ankur Arora Murder Case,2013.0,129.0,336,6.5,1823.0,2688,1040,Visshesh Tiwari,Tisca Chopra
Ankur: The Seedling,1974.0,131.0,269,8.0,1185.0,2662,2031,Sadhu Meher,Anant Nag
Ankush,1986.0,149.0,39,7.5,398.0,1625,1390,Rabia Amin,Gajanan Bangera
Anmol,1993.0,163.0,291,5.6,128.0,1279,1265,Sudha Chopra,Anil Dhawan
Anmol Ghadi,1946.0,122.0,320,7.3,63.0,1530,2286,Suraiya,Noor Jehan
Anmol Moti,1969.0,0.0,77,3.7,10.0,2324,920,Babita Kapoor,Aruna Irani
Anmol Sitaare,1982.0,153.0,269,7.0,5.0,828,1256,Rakesh Bedi,Ramesh Deo
Anmol Tasveer,1978.0,77.0,282,7.9,9.0,2520,1595,Anoop Kumar,Birbal
Anna,2016.0,142.0,147,4.9,43.0,2593,2080,Tanishaa Mukerji,Govind Namdeo
"Anna, Kisan Baburao Hazare",2016.0,0.0,147,6.0,14.0,2593,907,Ashwini Giri,Anant Jog
Annadata,1972.0,0.0,282,6.7,40.0,400,903,Anil Dhawan,Om Prakash
Annai Velankanni,1971.0,148.0,269,7.1,29.0,1166,904,Gemini Ganesan,Padmini
Annamalai,1992.0,164.0,39,7.7,1765.0,2830,1712,Sarath Babu,Kushboo
Annarth,2002.0,0.0,29,3.1,139.0,2214,1970,Sunil Shetty,Ashutosh Rana
Anokha,1975.0,132.0,19,4.9,18.0,1133,2085,Zarina Wahab,A.K. Hangal
Anokha Andaaz,1995.0,0.0,409,3.5,11.0,1374,390,Anand Balraj,Bindu
Anokha Aspatal,1989.0,91.0,162,6.3,13.0,1603,273,Ajay Chadha,Paintal
Anokha Bandhan,1982.0,134.0,269,7.4,94.0,1536,2031,Seema Deo,Aruna Irani
Anokha Daan,1972.0,0.0,269,7.0,9.0,400,249,Zaheera,Archana
Anokha Milan,1972.0,125.0,269,6.3,19.0,1024,632,Pranoti Ghosh,Brahm Bhardwaj
Anokha Moti,2000.0,86.0,282,6.9,16.0,2886,326,Nayab Aftab,Radhika Jajodia
Anokha Pyar,1948.0,0.0,409,6.9,44.0,1395,658,Nargis,Nalini Jaywant
Anokha Rishta,1986.0,0.0,269,7.3,47.0,970,1703,Smita Patil,Sabeeha
Anokhe Amar Shaheed Baba Deep Singh Ji,2006.0,154.0,360,6.6,9.0,1066,587,Jaswant Saggo Jas,Kashish
Anokhi Ada,1948.0,141.0,320,6.4,26.0,1530,1405,Surendra,Prem Adib
Anokhi Ada,1973.0,150.0,327,4.5,44.0,1357,920,Rekha,Vinod Khanna
Anokhi Pehchan,1972.0,0.0,327,5.9,8.0,2520,1973,Rakhee Gulzar,Simi Garewal
Anokhi Raat,1968.0,120.0,224,7.3,94.0,400,1981,Zaheeda,Tarun Bose
Anpadh,1962.0,150.0,320,6.6,105.0,1566,1182,Balraj Sahni,Dharmendra
Anpadh,1978.0,0.0,269,6.5,15.0,2334,377,Parikshit Sahni,Zarina Wahab
Ansh: The Deadly Part,2002.0,180.0,227,6.3,51.0,2039,1495,Ashutosh Rana,Abbas
Ansoo Ban Gaye Phool,1969.0,145.0,282,7.2,26.0,2520,377,Deb Mukherjee,Alka
Antardwand,2008.0,114.0,218,7.3,656.0,2845,1675,Raja Chaudhary,Swati Sen
Antarnaad,1991.0,160.0,269,5.5,109.0,2662,755,Kulbhushan Kharbanda,Shabana Azmi
Antenna,2021.0,84.0,269,7.1,7.0,2640,843,Imran Khan,Azmat Khwaja
Anth,1994.0,136.0,1,4.4,124.0,2457,2267,Somy Ali,Paresh Rawal
Anthony Kaun Hai?,2006.0,127.0,408,5.2,617.0,2012,1970,Arshad Warsi,Minissha Lamba
Antim Nyay,1993.0,0.0,1,3.3,19.0,2769,871,Neelam Kothari,Kulbhushan Kharbanda
Anubhav,1971.0,139.0,269,6.7,137.0,475,1981,Tanuja,Dinesh Thakur
Anubhav,1986.0,0.0,180,6.4,175.0,1260,2094,Padmini Kolhapure,Padma Khanna
Anubhav: An Actor's Tale,2009.0,0.0,327,5.3,11.0,2864,871,Sanjay Suri,Gul Panag
Anubhav: An Experience,2003.0,90.0,216,3.4,11.0,2433,85,Amit,Neel Arvind
Anupama,1966.0,148.0,327,7.4,416.0,963,632,Sharmila Tagore,Shashikala
Anuraag,1972.0,125.0,269,6.6,115.0,2564,377,Nutan,Vinod Mehra
Anuradha,1960.0,141.0,327,6.6,196.0,963,443,Leela Naidu,Abhi Bhattacharya
Anuranan,2006.0,113.0,327,6.7,376.0,269,1652,Rituparna Sengupta,Raima Sen
Anurodh,1977.0,147.0,282,6.8,160.0,2564,1703,Ashok Kumar,Vinod Mehra
Anwar,2007.0,144.0,331,6.6,904.0,1468,1416,Pankaj Jha,Manisha Koirala
Any Body Can Dance 2,2015.0,154.0,154,5.4,5733.0,2245,1562,Varun Dhawan,Shraddha Kapoor
Anyay Abichar,1985.0,125.0,1,7.4,5.0,2564,0,0,0
Apaatkaal,1993.0,137.0,1,5.7,6.0,2953,29,Sabah,Rita Bhaduri
Apaharan,2005.0,173.0,29,7.4,4384.0,1865,109,Nana Patekar,Bipasha Basu
Apartment: Rent at Your Own Risk,2010.0,97.0,326,3.5,231.0,1021,1859,Tanushree Dutta,Neetu Chandra
Apmaan,1982.0,0.0,269,5.8,8.0,190,191,Suresh Chatwal,Manik Irani
Apmaan Ki Aag,1990.0,0.0,19,5.3,27.0,2495,68,Rakesh Bedi,Dasharat
Apna Asmaan,2007.0,110.0,333,6.2,164.0,1267,854,Shobana,Dhruv Piyush Panjuani
Apna Bana Ke Dekho,2001.0,152.0,269,5.9,16.0,1165,1562,Kirti Reddy,0
Apna Bana Lo,1982.0,0.0,282,5.7,22.0,1012,920,Rekha,Amrish Puri
Apna Banake Dekho,1962.0,0.0,409,5.6,5.0,1033,369,Manoj Kumar,Mohan Choti
Apna Desh,1972.0,0.0,20,6.3,108.0,1050,1703,Mumtaz,Om Prakash
Apna Desh Praye Log,1989.0,0.0,43,3.8,9.0,1853,2253,Sonu Walia,Moon Moon Sen
Apna Ghar,1960.0,0.0,282,4.6,5.0,2159,2143,Prem Nath,Nanda
Apna Haath Jagannath,1960.0,173.0,162,6.8,25.0,1568,1068,Sayeeda Khan,Nasir Hussain
Apna Khoon,1978.0,0.0,19,5.7,15.0,454,2083,Hema Malini,Ashok Kumar
Apna Sapna Money Money,2006.0,134.0,204,5.3,1921.0,2440,1842,Shreyas Talpade,Riya Sen
Apnapan,1977.0,133.0,327,6.5,75.0,1012,920,Sanjeev Kumar,Reena Roy
Apne,2007.0,173.0,334,6.0,2868.0,265,632,Sunny Deol,Bobby Deol
Apne Apne,1987.0,0.0,282,6.0,27.0,2175,920,Rekha,Karan Shah
Apne Dam Par,1996.0,155.0,39,5.6,43.0,335,1305,Shilpa Shirodkar,Irfan Kamal
Apne Dushman,1975.0,120.0,224,6.2,13.0,1199,632,Sanjeev Kumar,Rakesh Pandey
Apne Huye Paraye,1964.0,0.0,282,6.1,20.0,132,1182,Manoj Kumar,Shashikala
Apne Paraye,1980.0,123.0,284,6.8,164.0,476,2031,Amol Palekar,Girish Karnad
Apne Rang Hazaar,1975.0,124.0,327,6.1,14.0,2226,1981,Leena Chandavarkar,Danny Denzongpa
Apradh,1972.0,128.0,87,6.8,71.0,784,715,Mumtaz,Prem Chopra
Apradhi,1992.0,0.0,29,4.7,45.0,1160,2455,Aparajita,Arun Bakshi
Apradhi,1949.0,0.0,227,6.3,7.0,3109,1166,Ram Singh,Leela Pandey
Apradhi,1974.0,122.0,269,7.3,6.0,1133,1056,Yogeeta Bali,Imtiaz
Apradhi Kaun,2000.0,0.0,427,4.8,6.0,1561,1738,Mehak Dhanoa,Madhu
Apradhi Kaun?,1957.0,131.0,401,7.5,68.0,399,37,Mala Sinha,Gajanan Jagirdar
Apradhi Kaun?,1982.0,0.0,427,6.0,13.0,1561,899,Rajni Sharma,Arpana Choudhary
April Fool,1964.0,154.0,211,6.1,32.0,2737,1927,Biswajit Chatterjee,Jayant
AquaTales,2012.0,74.0,133,3.1,75.0,1008,765,0,0
Arabian Nights,1946.0,0.0,115,3.6,7.0,1720,994,Nawab,Molina
Aradhana,1969.0,169.0,320,7.6,1722.0,2564,1703,Sharmila Tagore,Sujit Kumar
Aranyaka,1994.0,90.0,269,6.5,50.0,311,1315,Yagnaseni Jena,Sanjana Kapoor
Arasatchi,2004.0,0.0,29,5.9,50.0,1627,1121,Manivannan,Raghuvaran
Archana,1974.0,0.0,282,6.2,11.0,2514,1182,Sanjeev Kumar,Snehlata
Ardh Satya,1983.0,130.0,218,8.2,1599.0,862,1495,Smita Patil,Amrish Puri
Ardhangini,1959.0,0.0,347,6.1,40.0,132,1274,Raaj Kumar,Shubha Khote
Arjun,1985.0,154.0,29,7.2,866.0,2006,2271,Dimple Kapadia,Raj Kiran
Arjun Devaa,2001.0,133.0,34,3.6,21.0,973,1305,Puru Rajkumar,Rutika Singh
Arjun Pandit,1976.0,0.0,282,7.5,62.0,963,1981,Srividya,Ashok Kumar
Arjun Pandit,1999.0,150.0,36,5.2,797.0,2006,2271,Juhi Chawla,Saurabh Shukla
Arjun Patiala,2019.0,107.0,18,4.3,1204.0,2276,661,Kriti Sanon,Varun Sharma
Arjun: The Warrior Prince,2012.0,96.0,129,6.8,1534.0,331,1536,K.K. Raina,Yudhveer Bakoliya
Armaan,1953.0,130.0,282,6.8,19.0,769,617,Madhubala,Shakila
Armaan,2003.0,158.0,291,5.2,1096.0,957,207,Anil Kapoor,Preity Zinta
Armaan,1981.0,0.0,360,4.6,25.0,233,1668,Ranjeeta Kaur,Shammi Kapoor
Army,1996.0,153.0,39,4.3,1614.0,1977,2216,Shah Rukh Khan,Harish
Arohan,2010.0,126.0,288,5.3,9.0,1828,1843,Samadarshi Dutta,Soumitra Chatterjee
Around the World,1967.0,178.0,208,6.3,97.0,1774,1671,Rajshree,Ameeta
Arpan,1983.0,144.0,327,6.2,74.0,1012,920,Reena Roy,Parveen Babi
Arpan,1957.0,0.0,336,6.9,9.0,592,1461,Sheila Ramani,Sitara
Arth,1982.0,138.0,327,7.9,1308.0,1423,2031,Kulbhushan Kharbanda,Smita Patil
Article 15,2019.0,130.0,224,8.2,25706.0,290,422,Nassar,Manoj Pahwa
Arvind Desai Ki Ajeeb Dastaan,1978.0,118.0,269,6.9,137.0,2377,656,Anjali Paigankar,Shreeram Lagoo
Aryan,1988.0,181.0,39,7.0,283.0,1925,1317,Ramya Krishnan,Bob Christo
Aryan: Unbreakable,2006.0,135.0,51,4.4,307.0,67,2172,Sneha Ullal,Inder Kumar
Arzoo,1950.0,128.0,396,7.0,49.0,2546,990,Dilip Kumar,Shashikala
Arzoo,1965.0,177.0,320,7.1,243.0,2165,1696,Sadhana,Feroz Khan
Asambhav,2004.0,139.0,6,3.4,577.0,2103,332,Naseeruddin Shah,Priyanka Chopra Jonas
Asambhava,1984.0,0.0,269,6.4,12.0,1031,1257,Rohini Hattangadi,Saeed Jaffrey
Asana Travelogue,2012.0,105.0,261,6.7,81.0,1054,431,Patthabi Jois,Sri T. Krishnamacharya
Ascharyachakit!,2018.0,90.0,327,4.9,542.0,2424,1622,Vaibhav Raj Gupta,Ankit Raaj
Aseema: Beyond Boundaries,2009.0,0.0,327,4.9,18.0,2681,770,Asseem Merchant,Neha Pendse
Asha Jyoti,1984.0,142.0,291,6.3,44.0,1669,1703,Reena Roy,Rekha
Ashaant,1993.0,141.0,84,5.2,522.0,1277,146,Vishnuvardhan,Ashwini Bhave
Ashanti,1982.0,0.0,5,5.8,107.0,2935,1703,Zeenat Aman,Parveen Babi
Ashiana,1952.0,104.0,327,7.6,49.0,438,1401,Raj Kapoor,Shivraj
Ashirwad,1943.0,0.0,0,5.9,7.0,2172,929,Lalita Pawar,Balwant Singh
Ashley,2017.0,103.0,427,3.7,12.0,1284,1835,Dolly Chawla,Gurleen Chopra
Ashok Chakra: Tribute to Real Heroes,2010.0,86.0,1,4.8,8.0,2339,1684,Sudesh Berry,Arun Bakshi
Ashok Vatika,2018.0,97.0,269,9.3,7.0,2004,1112,Sanjay Bishnoi,Paras Zutshi
Ashoka the Great,2001.0,180.0,17,6.5,13502.0,2489,2039,Kareena Kapoor,Danny Denzongpa
Ashoka the Hero,2011.0,70.0,127,6.6,10.0,813,0,0,0
Ashwa: The Black Horse,1993.0,0.0,269,6.5,6.0,2667,2531,Sadhu Meher,Sachin Shankar
Ashwani,1991.0,0.0,269,6.6,8.0,495,2082,Janardanan,Vallabaneni Janardhan
Asli Naqli,1986.0,128.0,269,4.3,38.0,2742,2085,Rajinikanth,Anita Raj
Asli-Naqli,1962.0,145.0,320,7.5,257.0,963,617,Sadhana,Nasir Hussain
Asmaan Se Ooncha,1989.0,0.0,43,4.8,55.0,1536,920,Raj Babbar,Anita Raj
Astitva,2000.0,109.0,269,7.3,645.0,1429,2320,Sachin Khedekar,Mohnish Bahl
Astounding Courage in Distress,2020.0,102.0,339,7.3,33.0,1927,1234,Indu Prasad,Man Singh
Aswamedham,1992.0,0.0,39,6.8,65.0,1157,1392,Sobhan Babu,Amrish Puri
At My Doorstep,2009.0,70.0,241,7.0,12.0,1725,0,0,0
Ata Pata Lapatta,2012.0,120.0,199,5.4,86.0,2116,390,Amit Behl,Lankesh Bhardwaj
Atal Faisla,2018.0,127.0,269,8.8,5.0,43,1917,Himayat Ali,Aman Jain
Ateet,2020.0,120.0,427,4.3,204.0,2878,1694,Priyamani,Sanjay Suri
Athbhutha Dweepu,2005.0,127.0,4,5.4,278.0,3045,116,Prithviraj Sukumaran,Mallika Kapoor
Athidhi,2007.0,300.0,1,5.6,1807.0,2822,1172,Amrita Rao,Ajay
Atishbaz,1990.0,165.0,218,2.9,36.0,1604,2085,Anita Raj,Aditya Pancholi
Atithee,1978.0,138.0,327,6.0,20.0,316,2083,Shabana Azmi,Shatrughan Sinha
Atithi Kab Aoge Shhamshan,2020.0,135.0,162,5.9,7.0,3061,1226,Vipin k Sethie,Avnish Pawar
Atithi Tum Kab Jaoge?,2010.0,155.0,162,6.4,5383.0,394,109,Konkona Sen Sharma,Paresh Rawal
Atkan Chatkan,2020.0,126.0,317,8.2,1763.0,2624,1148,Sachin Chaudhary,Tamanna Dipak
Atmaram,1979.0,0.0,339,5.0,6.0,2691,1576,Amjad Khan,Vinod Mehra
Attahaasa,2013.0,171.0,150,6.9,138.0,13,1069,Arjun Sarja,Raai Laxmi
Attilokasundari,1990.0,0.0,0,3.7,9.0,2708,0,0,0
August 2,2012.0,0.0,427,4.2,9.0,1335,947,Azad Rahul,Rehman Sameer
Aulad,1987.0,0.0,269,5.9,117.0,3022,920,Jaya Prada,Sridevi
Aulad,1968.0,142.0,172,5.3,25.0,1357,920,Babita Kapoor,Mehmood
Aulad Ke Dushman,1993.0,152.0,269,3.8,36.0,2108,2455,Harbans Darshan M. Arora,Raj Babbar
Aunty No. 1,1998.0,160.0,180,4.3,583.0,1299,768,Raveena Tandon,Harish
Aur Ek Dharmatma,1991.0,0.0,1,6.5,6.0,1318,1379,J.D. Chakravarthi,Charu Haasan
Aur Ek Prem Kahani,1996.0,0.0,409,7.0,32.0,465,2238,Sushma Ahuja,Akshay Anand
Aur Kaun?,1979.0,136.0,368,6.0,24.0,2666,2371,Sachin Pilgaonkar,Rajni Sharma
Aur Pappu Pass Ho Gaya,2007.0,142.0,162,4.2,36.0,2317,1081,Kashmira Shah,Jackie Shroff
Aurangzeb,2013.0,137.0,52,6.5,3985.0,411,328,Sasha Aagha,Prithviraj Sukumaran
Aurat,1940.0,154.0,269,7.2,30.0,1530,2286,Sardar Akhtar,Lala Yaqoob
Aurat,1953.0,0.0,6,4.9,14.0,489,493,Prem Nath,Purnima
Aurat,1967.0,149.0,172,7.4,59.0,2343,1884,Padmini,Pran
Aurat Aurat Aurat,1996.0,0.0,218,5.5,10.0,1169,1902,Dilip Dhawan,Aruna Irani
Aurat Ka Inteqam,1984.0,0.0,39,4.6,7.0,448,2239,Mazhar Khan,Vinod Mehra
Aurat Teri Yehi Kahani,1988.0,149.0,269,4.2,16.0,1574,2113,Vikas Anand,Raj Babbar
Auto Driver,1998.0,119.0,409,4.8,44.0,2830,1379,Mahesh Anand,Babu Mohan
Autohead,2016.0,97.0,218,5.9,355.0,2280,61,Sunny Banerjee,Ronjini Chakraborty
Autumn,2010.0,96.0,269,6.4,223.0,23,1307,Shahnawaz Bhat,Shamim Basharat
Auzaar,1997.0,127.0,48,4.5,976.0,2687,1940,Sanjay Kapoor,Shilpa Shetty Kundra
Avalude Ravukal,1978.0,144.0,269,6.5,64.0,970,2022,Bahadur,Thoppil Bhasi
Avam,1987.0,156.0,124,5.7,58.0,447,1703,Ashok Kumar,Smita Patil
Avant Garde Pythagoras Sharma,2011.0,0.0,269,6.2,8.0,128,553,Joy Fernandes,Benjamin Gilani
Avgat,2001.0,0.0,29,4.1,9.0,1569,118,Nethra Raghuraman,Sayaji Shinde
Avinash,1986.0,171.0,29,6.0,44.0,2935,1305,Poonam Dhillon,Bindiya Goswami
Avsar,2017.0,70.0,327,6.0,27.0,1579,290,Vikrant Verma,Apurva Chowdhary
Avtaar,1983.0,150.0,269,7.2,571.0,1566,1703,Shabana Azmi,Sujit Kumar
Awaara,1951.0,193.0,320,7.9,3813.0,2011,1671,Nargis,Prithviraj Kapoor
Awaargi,1990.0,149.0,269,5.9,150.0,1423,251,Meenakshi Sheshadri,Govinda
Awaaz,1984.0,150.0,50,6.2,46.0,2564,1703,Jaya Prada,Rakesh Roshan
Awara Baap,1985.0,0.0,282,4.9,76.0,2691,1703,Meenakshi Sheshadri,Rajan Sippy
Awara Badal,1964.0,134.0,6,5.1,17.0,448,1648,Ajit,Indira
Awara Paagal Deewana,2002.0,158.0,19,6.2,7775.0,3035,146,Sunil Shetty,Aftab Shivdasani
Awaragardi,1990.0,0.0,1,4.9,9.0,2858,80,Kimi Katkar,Sahila Chaddha
Awarapan,2007.0,126.0,29,7.3,6737.0,1582,694,Mrinalini Sharma,Ashish Vidyarthi
Awasaan,2020.0,101.0,269,8.7,21.0,2050,325,Trishala Idnani,Sarvagya Jain
Awesome Mausam,2016.0,131.0,409,3.6,5.0,3113,2404,Sunil Chaurasiyaa,Suhasini Mulay
Axone,2019.0,104.0,172,7.0,1979.0,1707,2021,Lin Laishram,Jimpa Bhutia
Aya Sawan Jhoom Ke,1969.0,173.0,327,6.2,104.0,1991,369,Dharmendra,Ravindra Kapoor
Ayaash,1982.0,131.0,409,5.1,34.0,2564,1981,Rati Agnihotri,Arun Govil
Ayee Milan Ki Bela,1964.0,146.0,327,6.4,116.0,1566,1696,Saira Banu,Dharmendra
Ayee Milan Ki Raat,1991.0,152.0,409,6.2,40.0,1155,411,Shaheen,Anupam Kher
Ayudha Pooja,2000.0,137.0,29,5.5,27.0,2633,1380,Roja,Arjun Sarja
Ayurveda: Art of Being,2001.0,102.0,241,7.6,432.0,1781,1451,Vaidya Narayan Murthy,Brahmanand Swamigal
Ayyappa Swamy Mahatyam,1991.0,0.0,269,6.9,13.0,0,0,0,0
Azaad,1955.0,163.0,4,7.2,136.0,2722,658,Meena Kumari,Pran
Azaad,1978.0,154.0,20,7.2,82.0,1873,632,Hema Malini,Prem Chopra
Azaad Desh Ke Gulam,1990.0,153.0,39,5.0,52.0,2322,1819,Rishi Kapoor,Jackie Shroff
Azad,1940.0,140.0,269,7.1,11.0,1635,1128,Ashok Kumar,Hansa Wadkar
Azad Mohabbat,1974.0,0.0,327,5.0,6.0,1265,2530,Iftekhar,Jagdeep
Azhar,2016.0,130.0,157,5.7,5328.0,287,694,Nargis Fakhri,Prachi Desai
B for Bundelkhand,2017.0,117.0,269,8.8,5.0,3074,465,Nemi Chandra Jha,Moumita Nandi
B.A. Pass,2012.0,95.0,227,6.4,3702.0,109,2034,Shilpa Shukla,Dibyendu Bhattacharya
B.A. Pass 2,2017.0,125.0,269,2.1,419.0,2543,2035,Kritika Sachdeva,Satiiysh Saarathy Sasho
B.A. Pass 3,2021.0,136.0,327,8.3,1877.0,1673,2277,Armaan Sandhu,Ankita Sahu
Baa Baaa Black Sheep,2018.0,103.0,19,6.4,446.0,3084,297,Annu Kapoor,Manish Paul
Baabarr,2009.0,180.0,29,5.1,302.0,391,1305,Om Puri,Sohum Shah
Baabul,2006.0,169.0,291,5.4,3157.0,2213,207,Salman Khan,Hema Malini
Baadal,1985.0,0.0,282,5.7,23.0,233,2059,Mithun Chakraborty,Poonam Dhillon
Baadbaan,1954.0,0.0,282,6.8,20.0,1825,617,Meena Kumari,Ashok Kumar
Baadshah,1999.0,175.0,19,6.9,17279.0,39,1252,Shah Rukh Khan,Twinkle Khanna
Baadshaho,2017.0,136.0,15,4.9,4454.0,1542,109,Ileana D'Cruz,Emraan Hashmi
Baaghi,2000.0,156.0,29,4.2,208.0,2085,1970,Manisha Koirala,Aditya Pancholi
Baaghi,2016.0,133.0,80,5.2,7912.0,2360,2115,Tiger Shroff,Sudheer Babu Posani
Baaghi 2,2018.0,137.0,84,4.8,9625.0,104,2353,Disha Patani,Manoj Bajpayee
Baaghi 3,2020.0,143.0,23,2.1,10309.0,104,2353,Riteish Deshmukh,Shraddha Kapoor
Baaghi Sultana,1993.0,0.0,84,3.3,7.0,1957,1065,Vijay Saxena,Vidyashree
Baaghi: A Rebel for Love,1990.0,157.0,50,5.7,1390.0,656,1940,Nagma,Shakti Kapoor
Baaja,2001.0,79.0,339,6.1,10.0,311,1739,Saroj Bhagwar,Roni Bhatt
Baaki Itihaas,2017.0,127.0,269,7.3,16.0,1712,2544,Amruta Khanvilkar,Ravi Khanvilkar
Baal Ki Khaal,2019.0,65.0,162,7.0,20.0,1801,1946,Rishi Bhutani,Nilofar Gesawat
Baal Mahabharat,1973.0,0.0,269,5.8,11.0,1223,264,Dhulipala,Haranath
Baali Umar Ko Salaam,1994.0,0.0,20,4.2,26.0,2977,987,Tisca Chopra,Sudha Chandran
Baankey Ki Crazy Baraat,2015.0,138.0,162,6.2,356.0,106,1723,Tia Bajpai,Rakesh Bedi
Baap Beti,1954.0,0.0,269,6.8,14.0,526,2258,Dolly,Nasir Hussain
Baap Ka Baap,2003.0,0.0,427,5.0,8.0,804,1127,Rajesh Deshmukh,Vrunda Gajendra
Baap Numbri Beta Dus Numbri,1990.0,152.0,19,6.0,303.0,430,390,Gulshan Grover,Jamuna
Baap Re Baap,1955.0,130.0,173,6.4,28.0,42,1068,Chand Usmani,Smriti Biswas
Baar Baar Dekho,2016.0,141.0,20,5.3,6423.0,1735,2156,Katrina Kaif,Sayani Gupta
Baaraat Company,2017.0,124.0,208,6.2,179.0,2859,1960,Archana Gautam,Anurita Jha
Baarish,1957.0,133.0,225,7.2,37.0,2573,617,Nutan,Anwar Hussain
Baarish,1993.0,0.0,269,6.4,8.0,1672,1902,Mohnish Bahl,Rakesh Bedi
Baarish Aur Chowmein,2018.0,48.0,269,6.1,271.0,2909,204,Taapsee Pannu,Tariq Naved Siddiqui
Baarood (The Fire) - A Love Story,2012.0,135.0,29,3.2,13.0,1034,2267,Shilpa Shirodkar,Moon Moon Sen
Baat Ban Jaye,1986.0,148.0,162,6.4,165.0,501,2549,Amol Palekar,Utpal Dutt
Baat Bann Gayi,2013.0,108.0,208,5.1,69.0,2659,259,Ali Fazal,Gulshan Grover
Baat Ek Raat Ki,1962.0,145.0,405,6.8,116.0,2573,617,Waheeda Rehman,Chandrashekhar
Baawri,1982.0,0.0,339,4.0,6.0,10,1735,Jaya Prada,Yogeeta Bali
Baaz,1953.0,140.0,11,7.3,93.0,880,781,Geeta Bali,K.N. Singh
Baaz,1992.0,0.0,76,5.7,49.0,2330,768,Sonam,Abhinav Chaturvedi
Baaz: A Bird in Danger,2003.0,180.0,408,3.2,344.0,2912,871,Sunil Shetty,Karisma Kapoor
Baazaar,2018.0,137.0,227,6.6,4831.0,818,1640,Saif Ali Khan,Chitrangda Singh
Baazi,1951.0,143.0,223,7.3,343.0,880,617,Geeta Bali,Kalpana Kartik
Baazi,1968.0,141.0,232,6.4,60.0,1587,2511,Dharmendra,Johnny Walker
Baazi,1984.0,125.0,1,6.3,65.0,2020,632,Rekha,Mithun Chakraborty
Baazi,1995.0,183.0,85,6.5,2248.0,392,19,Mamta Kulkarni,Paresh Rawal
Baazigar,1993.0,175.0,223,7.7,26583.0,39,1252,Shah Rukh Khan,Kajol
Baazigar,1972.0,133.0,93,7.5,6.0,1258,2451,Roopesh Kumar,Bindu
Baba Sathya Sai,2017.0,0.0,147,4.2,8.0,1311,2213,Jaya Prada,Sarath Babu
Babar,1960.0,0.0,282,6.8,16.0,942,724,Azra,Sulochana Choudhury
Babla,1951.0,0.0,269,7.4,11.0,100,1522,Naren Bhattacharya,Nibhanani Devi
Babloo Happy Hai,2014.0,113.0,180,6.7,83.0,1717,1918,Erica Fernandes,Parvin Dabas
Babu,1985.0,148.0,282,7.1,64.0,10,1703,Hema Malini,Mala Sinha
Babul,1950.0,142.0,269,7.3,72.0,2349,1401,Dilip Kumar,Amar
Babul,1986.0,162.0,269,4.8,9.0,861,782,Upasna Singh,Kanchan Rawal
Babul Ki Galiyan,1972.0,0.0,327,5.9,9.0,2324,1973,Hema Malini,Shatrughan Sinha
Babula,1985.0,129.0,333,5.9,10.0,2376,586,Anita Das,Gadi
Babumoshai Bandookbaaz,2017.0,122.0,38,6.9,1974.0,1362,1429,Bidita Bag,Jatin Goswami
Baby,2015.0,159.0,84,8.0,53997.0,1697,146,Danny Denzongpa,Rana Daggubati
Bach ke Zara,2008.0,99.0,193,2.7,71.0,2401,193,Satyam Rajesh,Jayesh Shah
Bachao - Inside Bhoot Hai...,2010.0,0.0,363,5.4,10.0,2666,257,Sadashiv Amrapurkar,Anisshka
Bachelor Party,2009.0,0.0,172,4.9,34.0,1000,932,Arbaaz Khan,Nauheed Cyrusi
Bachke Rehna Re Baba,2005.0,130.0,180,2.7,202.0,859,1819,Mallika Sherawat,Paresh Rawal
Bachna Ae Haseeno,2008.0,152.0,180,6.1,10674.0,2671,1761,Deepika Padukone,Bipasha Basu
Bachpan,1970.0,133.0,19,6.3,31.0,1312,2247,Pratima Devi,Baby Gayatri
Bachpan,1963.0,0.0,269,5.2,5.0,1692,480,David,Daisy Irani
Back to Dad,2017.0,120.0,269,8.2,9.0,1844,2302,Kalpana Bhattarai,Samuel Kamble
Bad Aur Badnaam,1984.0,135.0,349,6.2,12.0,783,1981,Parveen Babi,Shatrughan Sinha
Bad Boys,2003.0,118.0,427,3.3,6.0,2997,1732,Suresh Chatwal,Avtar Gill
Bad Luck Govind,2009.0,120.0,165,3.5,17.0,2973,734,Hrishitaa Bhatt,Govind Namdeo
Bada Aadmi,1961.0,0.0,1,6.2,5.0,2012,1126,Vijaya Choudhury,Jayant
Bada Bhai,1957.0,0.0,282,5.1,8.0,1143,119,Kamini Kaushal,Anant Kumar
Bada Din,1998.0,0.0,327,6.2,45.0,275,2031,Marc Robinson,Tara Deshpande
Bada Kabutar,1973.0,144.0,19,5.0,22.0,678,377,Deven Verma,Nikhilesh
Badal,1951.0,146.0,77,6.7,34.0,212,1166,Prem Nath,Purnima
Badal,1966.0,150.0,11,7.0,10.0,402,2091,L. Vijayalakshmi,Sanjeev Kumar
Badal,2000.0,166.0,29,4.9,1281.0,2010,509,Rani Mukerji,Ashutosh Rana
Badaltey Rishtey,1978.0,136.0,327,6.7,62.0,1991,920,Rishi Kapoor,Reena Roy
Bade Dil Wala,1983.0,146.0,271,6.3,118.0,497,1836,Tina Ambani,Sarika
Bade Dilwala,1999.0,146.0,180,3.6,1289.0,2559,2267,Priya Gill,Paresh Rawal
Bade Ghar Ki Beti,1989.0,138.0,269,6.0,66.0,1207,2059,Rishi Kapoor,Meenakshi Sheshadri
Bade Miyan Chote Miyan,1998.0,140.0,23,5.8,2787.0,630,207,Govinda,Raveena Tandon
Badhaai Ho,2018.0,124.0,172,8.0,29518.0,203,422,Neena Gupta,Gajraj Rao
Badhaai Ho Badhaai,2002.0,155.0,178,4.5,673.0,2509,251,Rana Jung Bahadur,Anang Desai
Badhti Ka Naam Dadhi,1974.0,0.0,269,6.7,37.0,1305,1068,I.S. Johar,Sheetal
Badhu Nirupama,1987.0,146.0,269,6.9,7.0,1131,857,Debu Bose,Anu Choudhury
Badi Bahen,1993.0,130.0,282,5.4,14.0,1207,390,Raj Babbar,Chandrashekhar
Badi Didi,1969.0,156.0,180,4.4,11.0,1674,1391,Jeetendra,Om Prakash
Badi Maa,1945.0,122.0,338,5.4,9.0,1517,2164,Girish,Ishwarlal
Badkaar,1986.0,129.0,269,6.7,7.0,2625,1981,Apeksha,Sadhana Singh
Badla,1974.0,112.0,427,6.2,13.0,3002,2085,Moushumi Chatterjee,Johnny Walker
Badla,2019.0,118.0,224,7.8,23890.0,2766,207,Taapsee Pannu,Amrita Singh
Badla Aur Balidan,1980.0,134.0,39,7.6,11.0,1269,1696,Vinod Mehra,Asha Parekh
Badlapur,2015.0,134.0,29,7.4,22324.0,2720,2419,Nawazuddin Siddiqui,Yami Gautam
Badlapur Boys,2014.0,123.0,269,4.7,123.0,2557,282,Anupam Maanav,Saranya Mohan
Badle Ki Aag,1982.0,158.0,39,4.8,59.0,2108,2263,Dharmendra,Jeetendra
Badmaa$h Company,2010.0,142.0,165,6.0,6466.0,1803,2043,Anushka Sharma,Meiyang Chang
Badmaash,1998.0,119.0,1,2.5,25.0,857,871,Shilpa Shirodkar,Paresh Rawal
Badmaash No.1,2002.0,0.0,1,4.4,9.0,2949,1171,Aruna Irani,Kiran Kumar
Badman,2016.0,83.0,172,4.3,30.0,2701,775,Rishi Kapoor,Farah Khan
Badmashiyaan,2015.0,128.0,208,4.6,133.0,198,2152,Suzanna Mukherjee,Gunjan Malhotra
Badnaam,2020.0,0.0,409,6.9,7.0,1323,1324,Priyal Gor,Barkha Bisht
Badnaam Gali,2019.0,95.0,162,7.1,805.0,395,1535,Divyendu Sharma,Dolly Ahluwalia
Badnaam Rishte,1991.0,0.0,52,5.5,6.0,1285,1587,Varalakshmi G.,Uma Maheshwari
Badnam Basti,1971.0,100.0,269,6.6,10.0,1910,1482,Nandita Thakur,Nandlal Sharma
Badnam Farishte,1971.0,0.0,218,5.9,19.0,1946,1703,Sharmila Tagore,Sona Mastan Mirza
Badrinath Ki Dulhania,2017.0,139.0,180,6.1,10865.0,2591,2419,Alia Bhatt,Sahil Vaid
Badshah,1954.0,0.0,40,6.4,16.0,212,1564,Mala Sinha,Usha Kiran
Baga Beach,2013.0,103.0,269,5.9,14.0,1378,1518,Jean Denis Römer,Cedric Cirotteau
Bagh Bahadur,1989.0,91.0,269,7.7,72.0,550,1539,M.V. Vasudeva Rao,Archana
Baghavat,1982.0,144.0,77,6.4,66.0,2165,632,Hema Malini,Reena Roy
Baghban,1938.0,159.0,269,7.2,8.0,42,491,B. Nandrekar,Sitara Devi
Baghban,2003.0,181.0,327,7.4,15518.0,2213,207,Hema Malini,Salman Khan
Baghdad,1952.0,0.0,115,6.5,11.0,1659,1257,Bharati Devi,Anwar Hussain
Baghdad Ka Jadu,1956.0,0.0,8,4.7,9.0,1117,712,John Cawas,Krishna Kumari
Bagpat Ka Dulha,2019.0,137.0,269,5.5,6.0,1250,1810,Puneet Vashisht,Lalit Parimoo
Bagula Bhagat,1979.0,0.0,84,6.5,11.0,919,377,Shatrughan Sinha,Shabana Azmi
Bahaar Aane Tak,1990.0,145.0,339,4.7,63.0,2893,1865,Ram Mohan,Navin Nischol
Bahar,1951.0,170.0,269,5.7,18.0,1404,1014,Vyjayanthimala,Pran
Baharen Phir Bhi Aayengi,1966.0,139.0,327,7.1,93.0,2546,1182,Dharmendra,Tanuja
Baharon Ke Sapne,1967.0,171.0,327,7.6,77.0,1681,1703,Asha Parekh,Anwar Hussain
Baharon Ki Manzil,1968.0,160.0,401,7.1,54.0,3105,1274,Dharmendra,Rehman
Bahattar Hoorain,2019.0,120.0,162,8.8,23.0,2462,1403,Aamir Bashir,Pawan Malhotra
Bahen,1941.0,156.0,269,6.0,10.0,1530,2091,Nalini Jaywant,Harish
Bahu,1955.0,0.0,282,6.9,10.0,2564,524,Karan Dewan,Usha Kiran
Bahu Begum,1967.0,167.0,180,6.5,69.0,1392,377,Pradeep Kumar,Meena Kumari
Bahu Beti,1965.0,132.0,282,6.5,17.0,2863,377,Mala Sinha,Joy Mukherjee
Bahu Ki Awaaz,1985.0,147.0,269,6.3,16.0,2599,2455,Bharat Bhushan,B.L. Chopra
Bahurani,1964.0,133.0,269,6.8,42.0,2863,781,Feroz Khan,Nasir Hussain
Bahurani,1989.0,0.0,173,6.3,81.0,1459,1819,Rakesh Bedi,Urmila Bhatt
Bahut Din Huwe...,1954.0,168.0,105,6.7,24.0,2348,1166,Ratan Kumar,Agha
Bahut Hua Sammaan,2020.0,125.0,165,7.3,3036.0,368,1975,Ram Kapoor,Raghav Juyal
Baiju Bawra,1952.0,165.0,320,7.4,343.0,3005,1274,Bharat Bhushan,Surendra
Baikunth,2021.0,72.0,339,9.3,29.0,3081,2504,Sangam Shukla,Vijay Thakur
Bairaag,1976.0,0.0,336,6.5,104.0,400,658,Saira Banu,Leena Chandavarkar
Bajatey Raho,2013.0,110.0,183,5.3,729.0,2595,2377,Vinay Pathak,Ranvir Shorey
Bajirao Mastani,2015.0,158.0,45,7.2,32073.0,2458,1778,Deepika Padukone,Priyanka Chopra Jonas
Bajrang Bali,1956.0,0.0,350,6.6,7.0,1458,1177,Chandrashekhar,Tiwari
Bajrangbali,1976.0,176.0,350,7.7,85.0,579,576,Biswajit Chatterjee,Moushumi Chatterjee
Bajrangi Bhaijaan,2015.0,163.0,4,8.0,78448.0,1193,1940,Harshaali Malhotra,Nawazuddin Siddiqui
Bal Bramhachari,1996.0,163.0,39,2.7,113.0,1868,497,Puru Rajkumar,Karisma Kapoor
Bal Ganesh 2,2009.0,74.0,127,6.5,46.0,1790,0,0,0
Bal Ganesh 3,2015.0,68.0,127,4.2,13.0,3021,2435,Parminder Ghumman,Sanjeev Tiwari
Bal Ganesh and the PomZom Planet,2017.0,81.0,127,2.3,9.0,3021,2435,Parminder Ghumman,Sanjeev Tiwari
Bal Ramayan,1956.0,132.0,0,6.1,7.0,3005,1600,Shahu Modak,Shobhna Samarth
Bal Shivaji,1982.0,0.0,269,5.9,8.0,1840,1162,Anand Joshi,Janhavi Khandekar
Bala,2019.0,133.0,162,7.3,12370.0,183,422,Bhumi Pednekar,Yami Gautam
Balak Aur Janwar,1975.0,0.0,90,5.4,7.0,1659,442,Usha Solanki,Randhawa
Balidaan,1985.0,137.0,84,5.6,54.0,2322,496,Anuradha,Vijay Arora
Balidaan,1971.0,137.0,269,6.8,16.0,2226,1231,Saira Banu,Dev Kumar
Balika Badhu,1976.0,111.0,180,6.9,229.0,2897,1899,Rajni Sharma,Asrani
Ballad of Rustom,2012.0,117.0,269,8.1,24.0,139,384,Samiksha Bhatt,Tejaswi Bm
Ballavpur Ki Roopkatha,2017.0,120.0,162,7.5,17.0,152,246,Abha Parmar,Ankita Shrivastav
Balmaa,1993.0,0.0,409,5.7,21.0,1374,411,Ayesha Jhulka,Saeed Jaffrey
Balram Shri Krishna,1968.0,176.0,350,5.6,8.0,579,576,Savitri,Jayshree Gadkar
Balwaan,1992.0,142.0,2,4.3,179.0,646,2267,Divya Bharti,Danny Denzongpa
Balwinder Singh Famous Ho Gaya,2014.0,136.0,162,3.6,50.0,2795,390,Gabriela Bertante,Mikhill Chandiramani
Bambai Ka Babu,1996.0,0.0,84,4.9,193.0,3035,1926,Atul Agnihotri,Kajol
Bambai Ka Maharaja,1980.0,0.0,29,4.0,7.0,2617,212,Kulbhushan Kharbanda,Vidya Sinha
Bambai Raat Ki Bahon Mein,1968.0,136.0,225,6.0,13.0,1292,2285,Madhavi,David Abraham
Bamfaad,2020.0,102.0,409,7.2,1533.0,2197,81,Shalini Pandey,Vijay Varma
Banaras,2006.0,122.0,383,6.1,315.0,1786,2390,Ashmit Patel,Dimple Kapadia
Banaras,2009.0,128.0,269,3.2,24.0,1704,798,Anoop Chandran,Devan
Banarasi Babu,1997.0,126.0,162,4.2,231.0,630,768,Ramya Krishnan,Kader Khan
Banarasi Babu,1973.0,141.0,336,6.7,73.0,2573,617,Rakhee Gulzar,Yogeeta Bali
Banarasi Thug,1962.0,145.0,269,6.1,21.0,1382,1231,Vijaya Choudhury,I.S. Johar
Band Baaja Baaraat,2010.0,139.0,180,7.2,15583.0,1451,1778,Anushka Sharma,Ranjit Batra
Bandh Darwaza,1990.0,145.0,46,5.1,298.0,2666,2371,Hashmat Khan,Manjeet Kular
Bandhan,1956.0,0.0,269,6.0,6.0,941,1274,Pradeep Kumar,Motilal
Bandhan,1998.0,154.0,50,4.8,1852.0,1153,1705,Jackie Shroff,Salman Khan
Bandhan,1969.0,159.0,289,7.2,85.0,1671,1703,Mumtaz,Anju Mahendru
Bandhan Anjana,1985.0,0.0,327,6.1,13.0,1845,534,Utpal Dutt,Mazhar Khan
Bandhan Kuchchey Dhaagon Ka,1983.0,124.0,282,7.1,36.0,265,2083,Zeenat Aman,Rakhee Gulzar
Bandhe Haath,1973.0,139.0,84,5.8,100.0,1742,1358,Amitabh Bachchan,Ajit
Bandhu,1992.0,126.0,339,7.9,7.0,2928,45,Danny Denzongpa,Gitanjali
Bandi,1957.0,135.0,282,6.2,27.0,2520,377,Shyama,Kishore Kumar
Bandie,1978.0,0.0,50,4.5,26.0,176,2399,Sulakshana Pandit,Utpal Dutt
Bandini,1963.0,157.0,320,7.7,756.0,526,377,Nutan,Dharmendra
Bandish,1996.0,0.0,422,4.3,66.0,1865,871,Juhi Chawla,Paresh Rawal
Bandish,1955.0,129.0,178,7.1,17.0,2520,377,Meena Kumari,Daisy Irani
Bandish,1980.0,152.0,29,6.1,47.0,1147,1703,Hema Malini,Danny Denzongpa
Bandit Queen,1994.0,119.0,149,7.6,4518.0,2608,2025,Nirmal Pandey,Rajesh Vivek
Bandook,2013.0,132.0,240,5.9,140.0,90,1214,Arshad Khan,Ashish Kotwal
Bang Bang,2014.0,153.0,4,5.6,22436.0,2671,831,Katrina Kaif,Pawan Malhotra
Bangistan,2015.0,135.0,172,4.5,1168.0,1243,873,Michalina Olszanska,Riteish Deshmukh
Banjaran,1991.0,145.0,327,5.1,100.0,919,1836,Sridevi,Kulbhushan Kharbanda
Banjo,2016.0,137.0,47,4.9,1105.0,2216,1842,Nargis Fakhri,Aditya Kumar
Bank Chor,2017.0,120.0,19,5.9,2603.0,552,1842,Vivek Oberoi,Rhea Chakraborty
Banphool,1971.0,0.0,327,6.0,27.0,3005,920,Babita Kapoor,Shatrughan Sinha
Bansi Birju,1972.0,0.0,327,5.4,48.0,1872,207,Jaya Bachchan,Anwar Ali
Bansuri: The Flute,2021.0,108.0,269,3.7,7.0,908,303,Rituparna Sengupta,Upendra Limaye
Banwra,1950.0,148.0,269,6.0,6.0,791,1671,Lalita Pawar,Nimmi
Baraat,1960.0,0.0,269,6.0,8.0,1143,119,Shakila,Brahm Bhardwaj
Bara-Dari,1955.0,129.0,396,6.2,18.0,1143,741,Ajit,Pran
Barah Aana,2009.0,97.0,165,6.8,1166.0,2032,1406,Vijay Raaz,Arjun Mathur
Barbed Wired,2005.0,119.0,327,5.6,36.0,471,2214,Sudip Mukherjee,Rudranil Ghosh
Bardaasht,2004.0,155.0,52,5.9,661.0,753,509,Lara Dutta,Rahul Dev
Barefoot to Goa,2015.0,80.0,104,5.6,149.0,1901,2196,Ajay Chourey,Farrukh Jaffar
Barfi!,2012.0,151.0,180,8.1,77377.0,298,1761,Priyanka Chopra Jonas,Ileana D'Cruz
Bari Behen,1949.0,0.0,282,6.1,18.0,612,2281,Rehman,Ulhas
Barkha,1959.0,169.0,409,4.9,9.0,1953,1878,Jagdeep,Nanda
Barkha Bahar,1973.0,0.0,409,5.9,8.0,184,1426,Rekha,Radhakrishan
Barkhaa,2015.0,127.0,327,5.1,315.0,2541,1989,Priyanshu Chatterjee,Muntazir Ahmad
Barood,1976.0,140.0,29,6.0,84.0,1873,1836,Shoma Anand,Reena Roy
Barood,1998.0,159.0,29,4.7,626.0,1873,1736,Akshay Kumar,Raveena Tandon
Barot House,2019.0,89.0,408,7.3,1135.0,551,204,Manjari Fadnnis,Aaryan Menghji
Barsaat,1949.0,171.0,329,7.7,596.0,2011,1401,Raj Kapoor,Prem Nath
Barsaat,1995.0,166.0,77,5.4,1193.0,2110,509,Twinkle Khanna,Raj Babbar
Barsaat Ki Ek Raat,1981.0,142.0,422,6.3,312.0,2564,207,Rakhee Gulzar,Amjad Khan
Barsaat Ki Raat,1960.0,142.0,320,6.9,117.0,1768,1166,Bharat Bhushan,Shyama
Barsaat Ki Raat,1998.0,151.0,376,3.7,12.0,500,632,Dinesh Hingoo,Shafi Inamdar
Bas Ek Pal,2006.0,150.0,331,5.9,503.0,1748,952,Urmila Matondkar,Jimmy Sheirgill
Bas Itna Sa Khwaab Hai...,2001.0,169.0,331,3.7,586.0,847,1768,Abhishek Bachchan,Sushmita Sen
Bas Yaari Rakho,2000.0,0.0,173,6.5,21.0,850,1495,Pooja Batra,Rushabh Patni
Bas Yun Hi,2003.0,0.0,204,5.6,54.0,2032,1629,Nandita Das,Rajiv Gopalakrishnan
Basant,1942.0,146.0,317,6.8,21.0,212,1361,Ulhas,Mumtaz Ali
Basant,1960.0,165.0,180,6.5,33.0,518,1491,Shammi Kapoor,Minoo Mumtaz
Basant Bahar,1956.0,150.0,320,7.1,32.0,2033,464,Nimmi,Kumkum
Basanti Tangewali,1992.0,0.0,84,4.3,9.0,1234,862,Sadashiv Amrapurkar,Avtar Gill
Baseraa,1981.0,139.0,282,6.8,133.0,2183,2083,Rakhee Gulzar,Rekha
Basti,2003.0,0.0,29,7.0,27.0,2373,1142,Brij Gopal,Rajendra Gupta
Batla House,2019.0,146.0,29,7.2,10092.0,1716,938,Nora Fatehi,Mrunal Thakur
Baton Baton Mein,1979.0,112.0,208,7.5,1118.0,476,214,Tina Ambani,Asrani
Battalion 609,2019.0,131.0,432,2.8,101.0,548,2431,Kumar Gautam,Karim Hajee
Batti Gul Meter Chalu,2018.0,161.0,269,6.0,4685.0,2648,2043,Shraddha Kapoor,Divyendu Sharma
Batwara,1989.0,201.0,39,6.3,206.0,1018,632,Vinod Khanna,Dimple Kapadia
Batwara,1961.0,0.0,282,6.2,12.0,1258,1564,Nirupa Roy,Rehman
Bawandar,2000.0,125.0,269,7.0,288.0,1021,1394,Raghuvir Yadav,Deepti Naval
Bawarchi,1972.0,130.0,201,8.0,3793.0,963,1703,Jaya Bachchan,Usha Kiran
Bawre Nain,1950.0,138.0,327,6.9,36.0,1293,1671,Geeta Bali,Vijayalaxmi
Bawri Chhori,2021.0,0.0,269,5.2,79.0,152,1912,Amerjit Deu,Apurva Gondalia
Bayen Hath Ka Khel,1985.0,0.0,96,7.0,11.0,3010,1703,Tina Ambani,Pran
Bazaar,1949.0,148.0,282,6.8,6.0,1143,1453,Shyam,Gope
Bazaar,1982.0,120.0,282,7.3,481.0,2381,708,Smita Patil,Naseeruddin Shah
Bazaar E Husn,2014.0,125.0,269,4.8,15.0,123,95,Om Puri,Jeet Goswami
"Bazaar: Market of Love, Lust and Desire",2004.0,0.0,269,5.9,15.0,2072,199,Vrajesh Hirjee,Shakti Kapoor
Bazooband,1954.0,0.0,0,6.4,5.0,2165,443,Sulochana Chatterjee,Roopmala
Be Aabroo,1983.0,0.0,1,4.9,7.0,2625,445,Raj Shekhar,Apeksha
Beautiful,2020.0,123.0,269,8.5,13.0,98,1383,Parth Suri,0
Bebus,1979.0,0.0,269,6.6,7.0,1671,1703,Zaheera,Asha Sachdev
Be-Careful,2011.0,93.0,165,3.1,88.0,583,390,Ali Khan,Bobby Khan
Bechain,1993.0,135.0,50,4.8,8.0,1269,2154,Malvika Tiwari,Raza Murad
Bedaag,1965.0,0.0,282,5.4,16.0,1950,1391,Manoj Kumar,Shashikala
Bedard Zamana Kya Jane,1959.0,0.0,219,6.1,7.0,459,377,Nirupa Roy,Pran
Bedardi,1993.0,146.0,28,3.9,148.0,1334,109,Urmila Matondkar,Reena Roy
Bedhab,2019.0,0.0,401,5.8,37.0,144,1972,Karishma Kotak,Aashish Sachdeva
Beehad - The Ravine,2013.0,125.0,269,5.6,10.0,1328,1540,Satyajeet Rajput,Vikas Shrivastav
Bees Saal Baad,1962.0,158.0,429,7.1,341.0,533,504,Waheeda Rehman,Manmohan Krishna
Bees Saal Baad,1989.0,141.0,366,5.1,156.0,2108,1305,Dimple Kapadia,Meenakshi Sheshadri
Bees Saal Pehle,1972.0,0.0,363,5.3,10.0,1928,909,Anupama,Farida Jalal
Befikre,2016.0,130.0,180,3.9,7185.0,85,1778,Vaani Kapoor,Armaan Ralhan
Begaana,1963.0,0.0,282,6.4,24.0,2374,632,Supriya Choudhury,Sailesh Kumar
Begum Jaan,2017.0,128.0,45,5.6,2626.0,2713,207,Pallavi Sharda,Naseeruddin Shah
Begunaah,1991.0,0.0,29,5.4,17.0,267,1703,Ashok Kumar,Farha Naaz
Behen Hogi Teri,2017.0,128.0,162,5.6,1873.0,126,355,Rajkummar Rao,Shruti Haasan
Behind the Mirror,2005.0,88.0,269,5.9,14.0,2106,2245,Omkar Lele,Nandu Madhav
Behram Khan,1946.0,0.0,0,6.4,8.0,803,724,Mehtab,Suresh
Behroopia,1971.0,0.0,350,4.0,5.0,2082,637,Snehlata,Mehmood Jr.
Beiimaan Love,2016.0,120.0,331,2.8,439.0,2057,2275,Rajniesh Duggall,Daniel Weber
Be-Imaan,1972.0,133.0,282,6.9,75.0,2691,1231,Rakhee Gulzar,Nazima
Bekaraar,1983.0,121.0,327,3.7,27.0,2066,1970,Padmini Kolhapure,Ashok Kumar
Bekhudi,1992.0,140.0,29,4.6,192.0,2006,987,Kajol,Ajay Mankotia
Be-Lagaam,2002.0,0.0,240,2.9,16.0,2153,1575,Tanveer Zaidi,Rajeev Verma
Belly of the Tantra,2012.0,90.0,242,7.6,11.0,1788,1516,0,0
Bemisal,1982.0,142.0,282,7.0,386.0,963,207,Rakhee Gulzar,Vinod Mehra
Benaam,1974.0,117.0,326,6.8,251.0,1671,207,Moushumi Chatterjee,Satyendra Kapoor
Benaam,1999.0,126.0,273,4.4,32.0,2865,1305,Aditya Pancholi,Payal Malhotra
Benaam Badsha,1991.0,0.0,29,5.0,252.0,1160,1732,Juhi Chawla,Seema Deo
Benazir,1964.0,158.0,327,7.3,39.0,2310,1274,Ashok Kumar,Shashi Kapoor
Bengal Tiger,2001.0,121.0,28,5.3,29.0,79,1957,Mithun Chakraborty,Roshini Jaffery
Bengaloored,2010.0,0.0,327,7.7,30.0,2857,797,Meghana Mudiyam,Srinivasa Prabhu
Benny and Babloo,2010.0,123.0,172,6.1,349.0,3122,1040,Rajpal Yadav,Aasif Sheikh
Bepanaah,1985.0,156.0,282,6.2,42.0,1036,2083,Mithun Chakraborty,Poonam Dhillon
Beqabu,1996.0,0.0,43,4.1,59.0,1625,1972,Mamta Kulkarni,Amrish Puri
Beqasoor,1950.0,0.0,269,6.7,17.0,1143,1166,Ajit,Pramila
Beqasoor,1980.0,0.0,29,4.6,11.0,446,2455,Vijay Arora,Master Bhagwan
Be-Reham,1980.0,147.0,38,6.8,32.0,1991,1981,Mala Sinha,Shatrughan Sinha
Be-Shaque,1981.0,121.0,98,6.3,30.0,1260,1305,Amrish Puri,Sonia Sahni
Besharam,1978.0,139.0,39,5.4,114.0,678,2078,Amitabh Bachchan,Bindu
Besharam,2013.0,143.0,25,3.6,5355.0,53,1761,Pallavi Sharda,Rishi Kapoor
Beta,1992.0,171.0,327,6.3,1956.0,981,251,Madhuri Dixit,Aruna Irani
Beta Ho To Aisa,1994.0,0.0,269,3.8,45.0,559,1794,Vikas Anand,Anuradha
Betaab,1983.0,162.0,347,6.6,532.0,2006,2059,Nirupa Roy,Prem Chopra
Betaabi,1997.0,188.0,327,4.4,104.0,2085,533,Arshad Warsi,Anjala Zaveri
Betaaj Badshah,1994.0,166.0,39,4.8,44.0,991,1636,Shatrughan Sinha,Jay Mehta
Beti,1969.0,135.0,269,5.8,10.0,919,1391,Sanjay Khan,Kishore Sahu
Beti Bete,1964.0,145.0,173,6.8,31.0,1363,2263,Saroja Devi B.,Jamuna
Beti No. 1,2000.0,0.0,173,3.7,241.0,2161,1732,Laxmikant Berde,Birbal
Between The Lines,2014.0,78.0,269,7.2,40.0,2261,1394,Subodh Maskara,0
Bewafa,1952.0,112.0,327,7.6,80.0,1398,1401,Ashok Kumar,Raj Kapoor
Bewafa Sanam,1995.0,144.0,327,5.1,104.0,869,1078,Shilpa Shirodkar,Sagar
Bewafaa,2005.0,151.0,327,4.4,2393.0,694,251,Akshay Kumar,Kareena Kapoor
Bewafai,1985.0,145.0,327,5.6,58.0,1958,1703,Rajinikanth,Padmini Kolhapure
Bewaffa Se Waffa,1992.0,172.0,409,4.9,75.0,2357,2507,Juhi Chawla,Nagma
Bewajah,2017.0,127.0,427,6.3,30.0,1025,285,Vishvendra Singh,Dhirendra Gupta
Bewakoofiyaan,2014.0,119.0,180,5.5,3938.0,1739,422,Sonam Kapoor,Rishi Kapoor
Bewaqoof,1960.0,160.0,376,5.2,35.0,969,1068,Mala Sinha,I.S. Johar
Beyond All Boundaries,2013.0,97.0,250,8.0,158.0,2849,1111,0,0
Beyond Blue: An Unnerving Tale of a Demented Mind,2015.0,99.0,228,6.7,7.0,3133,2375,Isheta Sarckar,Dipti Joshi
Beyond Bollywood,2013.0,64.0,246,6.1,58.0,77,1873,Pooja Kasekar,Harry Key
Beyond the Clouds,2017.0,120.0,282,7.0,2148.0,1438,859,Malavika Mohanan,Goutam Ghose
Bezubaan,1982.0,137.0,327,7.3,70.0,473,2131,Shashi Kapoor,Reena Roy
Bezubaan Ishq,2015.0,128.0,396,4.0,68.0,1064,1344,Sneha Ullal,Nishant Malkani
Bhaag Johnny,2015.0,118.0,65,5.2,963.0,2634,1109,Zoa Morani,Mandana Karimi
Bhaag Milkha Bhaag,2013.0,186.0,157,8.2,62636.0,2141,704,Sonam Kapoor,Pawan Malhotra
Bhaagte Raho,2018.0,115.0,162,3.6,18.0,1859,1845,Mukesh Fotwani,Dinesh Hingoo
Bhaangarh,2014.0,0.0,363,6.7,32.0,722,64,Suzzana Mukherjee,Debonita Sur
Bhabhi,1991.0,145.0,173,4.1,131.0,1308,462,Govinda,Juhi Chawla
Bhabhi,1957.0,165.0,269,6.7,47.0,1953,1878,Balraj Sahni,Pandharibai
Bhabhi Ki Chudiyan,1961.0,168.0,282,5.4,30.0,2374,443,Meena Kumari,Sailesh Kumar
Bhabhipedia,2018.0,107.0,208,8.3,84.0,2521,902,Hrishitaa Bhatt,Rajkumar Kanojia
Bhabi,1938.0,0.0,282,6.3,9.0,788,1821,Paidi Jairaj,Meera
Bhadaas,2013.0,89.0,427,2.5,26.0,129,1280,Aryeman Ramsay,Ashutosh Kaushik
Bhagam Bhag,1956.0,101.0,19,6.0,21.0,1516,1068,Shashikala,Smriti Biswas
Bhagam Bhag,2006.0,157.0,183,6.5,11651.0,1925,146,Govinda,Paresh Rawal
Bhagat Gora Kumbhar,1978.0,0.0,303,6.8,8.0,728,1720,Ramesh Mehta,Shrikant Soni
Bhagat Singh,2002.0,0.0,269,3.2,6.0,233,601,Kumar Hegde,Mukul Nag
Bhagawat Ek Jung,2001.0,113.0,1,4.6,18.0,653,1305,Manvi Goswami,Mohan Joshi
Bhageeratha,2005.0,158.0,39,5.6,227.0,2206,1806,Shriya Saran,Brahmanandam
Bhagmati,2005.0,160.0,141,6.1,57.0,378,2320,Milind Soman,J.V. Somayajulu
Bhago Bhoot Aayaa,1985.0,0.0,196,5.9,43.0,1329,377,Deven Verma,Kaajal Kiran
Bhago Boot,2001.0,81.0,339,6.5,14.0,2385,2475,Nedumudi Venu,0
Bhagwaan Dada,1986.0,147.0,336,4.3,169.0,1012,1712,Rakesh Roshan,Sridevi
Bhagwan Parshuram,1970.0,136.0,269,8.7,10.0,459,1462,Shalini,Trilok Kapoor
Bhagwan Shri Krishna,1985.0,138.0,8,6.0,10.0,2187,121,Kumud Bole,Manher Desai
Bhagyawan,1994.0,136.0,269,4.4,68.0,2330,768,Juhi Chawla,Pran
Bhai,1997.0,147.0,39,5.1,353.0,656,2267,Pooja Batra,Sonali Bendre
Bhai Bahen,1969.0,151.0,282,4.9,24.0,1,377,Sunil Dutt,Nutan
Bhai Bhai,1970.0,0.0,43,5.7,18.0,2033,2263,Asha Parekh,Mumtaz
Bhai Bhai,1997.0,172.0,1,3.8,24.0,2677,1200,Samrat Mukherjee,Megha
Bhai Ho To Aisa,1972.0,131.0,20,5.7,37.0,1483,920,Hema Malini,Shatrughan Sinha
Bhai Thakur,2000.0,118.0,39,3.2,9.0,3098,1679,Willy,Dharmendra
Bhai-Bahen,1959.0,136.0,282,6.0,5.0,796,568,Rajan Kapoor,Kathana
Bhai-Bhai,1956.0,164.0,269,5.8,15.0,1404,377,Kishore Kumar,Nimmi
Bhairav,2001.0,133.0,1,4.6,29.0,2865,811,Mithun Chakraborty,Jack Gaud
Bhairava Dweepam,1994.0,162.0,4,7.8,533.0,2680,1392,Roja,Satyanarayana Kaikala
Bhairavi,1996.0,145.0,320,5.3,35.0,345,386,Sridhar,Manohar Singh
Bhaiyya,1961.0,0.0,282,7.4,7.0,1825,2345,Vijaya Choudhury,Gopal
Bhakta Dhruva,1947.0,0.0,105,5.3,7.0,2581,921,Sashi Kapoor,Leela Mishra
Bhakta Prahlad,1932.0,0.0,269,5.5,6.0,1228,1437,Hydershah,Kumar Mukund
Bhakta Siriyala,1980.0,154.0,155,7.1,19.0,964,316,K.S. Ashwath,Sharapanjara Iyengar
Bhakti Mein Shakti,1979.0,140.0,106,7.5,13.0,625,576,Satish Kaul,Bharat Bhushan
Bhala Manus,1976.0,138.0,327,4.6,11.0,3082,1764,Neetu Singh,Aruna Irani
Bhale Donga,1989.0,0.0,20,3.3,108.0,1310,1392,Mohan Babu,Brahmanandam
Bhalevadivi Basu,2001.0,156.0,340,4.6,35.0,1764,1392,Anjala Zaveri,Shilpa Shetty Kundra
Bhamashah,2017.0,83.0,269,6.2,11.0,3037,634,Daya Shankar Pandey,Manoj Shah
Bhangarh: The Last Episode,2017.0,84.0,363,5.5,15.0,248,1579,Deepanshu Malik,Rumana Molla
Bhangover,2017.0,115.0,162,5.1,34.0,1417,1606,Aradhya Taing,Anmol Khatri
Bhangra Paa Le,2020.0,131.0,177,6.0,287.0,2685,2274,Rukshar Dhillon,Shriya Pilgaonkar
Bhanwar,1976.0,135.0,327,6.2,24.0,497,377,Randhir Kapoor,Parveen Babi
Bhanwarey,2017.0,120.0,162,6.8,58.0,2603,2086,Karhan Dev,Jashan Singh Kohli
Bharat,2019.0,150.0,20,4.9,22598.0,173,1940,Katrina Kaif,Sunil Grover
Bharat Bhagya Vidhata,2002.0,160.0,15,5.7,13.0,386,533,Flora Saini,Shatrughan Sinha
Bharat Milap,1942.0,170.0,106,6.6,9.0,3005,1600,K.B. Athavale,Umakant Desai
Bharati Mata,1932.0,0.0,0,6.1,12.0,1824,787,Jamshedji,Jillo
Bharosa,1963.0,0.0,180,6.1,24.0,1161,781,Asha Parekh,Mehmood
Bharosa,1981.0,0.0,123,6.0,5.0,1538,1703,Zaheera,Sujit Kumar
Bhasmasur,2017.0,74.0,269,6.8,132.0,1724,844,Mittal Chouhan,Trimala Adhikari
Bhavani Junction,1985.0,128.0,38,5.8,48.0,886,2083,Shatrughan Sinha,Zeenat Aman
Bhavesh Joshi Superhero,2018.0,154.0,29,7.6,7479.0,3040,804,Priyanshu Painyuli,Ashish Verma
Bhavna,1984.0,0.0,269,6.9,35.0,1904,2031,Marc Zuber,Saeed Jaffrey
Bhavnao Ko Samjho,2010.0,114.0,20,4.3,76.0,2802,1161,Nitin Anand,Dinesh Bawara
Bhavni Bhavai,1981.0,135.0,172,6.6,114.0,1280,2166,Naseeruddin Shah,Mohan Gokhale
Bhawani Mandi Tesan,2018.0,0.0,162,6.4,5.0,2528,1147,Prashant Narayanan,Jaideep Ahlawat
Bhayaanak,1998.0,105.0,363,4.3,6.0,1955,249,Tina Ghai,Bharat Kapoor
Bhayaanak Mahal,1988.0,113.0,363,3.4,8.0,460,434,Ravi,Jaya Rekha
Bhayaanak Panjaa,2003.0,95.0,363,4.9,24.0,1955,501,Shail Chaturvedi,Anil Dhawan
Bhayanak Maut,2000.0,0.0,363,6.5,8.0,511,1986,Jai Thakur,Amit Pachori
Bheegi Palkein,1982.0,142.0,409,6.4,18.0,2681,1668,Smita Patil,Dina Pathak
Bheegi Raat,1965.0,157.0,180,6.2,40.0,1204,377,Meena Kumari,Pradeep Kumar
Bheema Mera Haathi,1973.0,0.0,269,4.4,8.0,831,556,Sridevi,Vijayalalitha
Bheja Fry,2007.0,95.0,172,7.6,11444.0,2379,2476,Rajat Kapoor,Sarika
Bheja Fry 2,2011.0,129.0,172,4.7,1302.0,2379,2476,Kay Kay Menon,Minissha Lamba
Bheja Fry 3,2017.0,0.0,162,6.8,15.0,2379,2476,Rajat Kapoor,0
Bhikharan,1935.0,143.0,269,6.2,9.0,1917,1790,Master Vinayak,I.A. Hafizji
Bhindi Baazaar,2011.0,157.0,227,6.1,673.0,278,1040,Prashant Narayanan,Pawan Malhotra
Bhishma,1996.0,0.0,84,4.2,32.0,1030,1305,Harish,Anjali Jathar
BHK Bhalla@Halla.Kom,2016.0,122.0,162,5.9,74.0,2128,2383,Inshika Bedi,Manoj Pahwa
Bhobhar - The Live Ash,2012.0,100.0,291,4.9,9.0,806,2485,Vasudev Bhatt,Vishal Bhatt
Bhola Bhala,1978.0,0.0,29,6.3,28.0,2514,1703,Rekha,Moushumi Chatterjee
Bhola in Bollywood,2004.0,0.0,162,6.3,19.0,2777,156,Raj Babbar,Suresh Chatwal
Bhonsle,2018.0,128.0,269,7.0,1257.0,676,1225,Santosh Juvekar,Ipshita Chakraborty Singh
Bhooka Sher,1984.0,165.0,1,4.8,12.0,970,7,Rajinikanth,Seema
Bhooka Sher,2001.0,109.0,1,5.0,23.0,933,632,Shakti Kapoor,Sikander Khan
Bhookailas,1958.0,174.0,317,7.1,143.0,1161,1374,Akkineni Nageshwara Rao,Jamuna
Bhookamp,1993.0,0.0,52,5.0,23.0,820,717,Harbans Darshan M. Arora,Deven Bhojani
Bhookh,1978.0,0.0,29,6.6,5.0,886,1751,Shatrughan Sinha,Reena Roy
Bhool,1984.0,0.0,269,6.2,5.0,2901,216,Tamanna,Tariq
Bhool Bhulaiyaa,2007.0,159.0,194,7.3,22777.0,1925,146,Vidya Balan,Shiney Ahuja
Bhool Bhulaiyan,1933.0,0.0,162,6.0,6.0,1072,750,Dixit,Kamlabai Gokhale
Bhoomi,2017.0,136.0,29,5.3,1755.0,1747,2067,Sunny Leone,Aditi Rao Hydari
Bhoot,2003.0,113.0,368,6.5,3476.0,2147,109,Urmila Matondkar,Nana Patekar
Bhoot and Friends,2010.0,133.0,129,5.8,96.0,1255,1471,Ashish Kattar,Faiz Khan
Bhoot Bhungla,1997.0,0.0,162,3.8,13.0,430,768,Shakti Kapoor,Kader Khan
Bhoot Bungla,1965.0,145.0,194,6.5,106.0,1532,1289,Tanuja,Nasir Hussain
Bhoot Ka Darr,1999.0,85.0,363,4.0,9.0,2308,1986,Junior Amitabh Bachchan,Jyoti Rana
Bhoot Ke Peeche Bhoot,2003.0,0.0,363,3.4,8.0,1301,811,Pinky Chinoy,Mohan Joshi
Bhoot Raaj,2000.0,0.0,363,3.2,8.0,1836,1612,Satnam Kaur,Shakti Kapoor
Bhoot Returns,2012.0,85.0,368,2.5,513.0,2147,868,Madhu Shalini,Alayana Sharma
Bhoot: Part One - The Haunted Ship,2020.0,114.0,368,5.4,4236.0,494,2433,Ashutosh Rana,Meher Vij
Bhoothnath Returns,2014.0,155.0,174,6.6,5030.0,1726,207,Boman Irani,Parth Bhalerao
Bhootnath,2008.0,150.0,173,6.3,8460.0,3091,207,Juhi Chawla,Satish Shah
Bhootnath,1963.0,129.0,90,6.5,60.0,1659,1314,Vijaya Choudhury,Rajan Haksar
Bhootni,2000.0,0.0,363,2.4,5.0,1006,1056,Johnny Lever,Raza Murad
Bhopal Express,1999.0,100.0,269,7.1,367.0,1430,1040,Nethra Raghuraman,Zeenat Aman
Bhopal: A Prayer for Rain,2014.0,96.0,269,7.2,1968.0,2220,1245,Mischa Barton,Kal Penn
Bhopali,2011.0,89.0,262,8.0,58.0,2967,1925,Salam Babu,Rashida Bee
Bhor: Dawn,2018.0,93.0,269,7.8,147.0,1208,626,Saveree Gaur,Nalneesh Neel
Bhouri,2016.0,140.0,269,6.7,403.0,1059,1646,Masha Pour,Kunickaa Sadanand
Bhram: An Illusion,2008.0,0.0,324,4.0,113.0,1815,666,Milind Soman,Sheetal Menon
Bhrashtachar,1989.0,153.0,29,4.6,119.0,2182,1819,Mithun Chakraborty,Anupam Kher
Bhuddah Hoga Tera Baap,2011.0,114.0,19,5.6,2782.0,1939,207,Hema Malini,Sonu Sood
Bhumika,1977.0,142.0,269,7.4,585.0,2662,2166,Anant Nag,Naseeruddin Shah
Bhuvan Shome,1969.0,96.0,172,7.5,400.0,1595,2396,Suhasini Mulay,Shekhar Chatterjee
Bichhoo,2000.0,160.0,29,5.0,2807.0,866,509,Rani Mukerji,Ashish Vidyarthi
Bidaai,1974.0,144.0,320,6.5,54.0,1363,920,Leena Chandavarkar,Durga Khote
Bidyapati,1937.0,141.0,269,7.0,23.0,637,1509,Durgadas Bannerjee,Chhayadevi
Big Brother,2007.0,128.0,29,3.8,781.0,866,2271,Priyanka Chopra Jonas,Vikas Anand
Bihari Gunda,1987.0,0.0,1,5.0,6.0,2340,1645,Rajinikanth,Roobini
Bijuka,2012.0,74.0,269,6.4,22.0,390,343,Amit Purohit,Janardhan Mishra
Bikhare Moti,1971.0,0.0,50,3.6,13.0,2887,920,Babita Kapoor,Sujit Kumar
Bilal,2008.0,92.0,241,7.1,36.0,2706,0,0,0
Billa,1989.0,0.0,19,6.6,19.0,2028,879,Goundamani,Jaishankar
Billa No. 786,2000.0,140.0,1,4.4,34.0,972,1305,Gajendra Chauhan,Siddharth Dhawan
Billa Ranga,1982.0,113.0,30,7.5,53.0,1189,551,Mohan Babu,Radhika Sarathkumar
Billoo Baadshah,1989.0,148.0,29,4.5,41.0,2681,2085,Anita Raj,Govinda
Billu,2009.0,137.0,172,6.2,11078.0,1925,854,Lara Dutta,Om Puri
Billu Ustaad,2018.0,138.0,269,6.9,26.0,2851,1435,Sneha Arun,Abhishek Bardia
Bin Badal Barsaat,1963.0,154.0,319,5.7,31.0,1139,369,Biswajit Chatterjee,Nishi
Bin Bulaye Baraati,2011.0,133.0,19,3.8,255.0,583,1417,Rati Agnihotri,Shweta Bhardwaj
Bin Maa Ke Bachche,1980.0,131.0,269,6.0,17.0,2520,496,Leela Chitnis,Raju Desai
Bin Phere Free Me Tere,2013.0,131.0,162,4.5,22.0,1496,381,Arsh Deol,Manoj Joshi
Bin Phere Hum Tere,1979.0,0.0,282,6.7,25.0,2052,369,Vinod Mehra,Sarika
Bindhaast,1999.0,0.0,124,7.0,148.0,582,737,Sharvari Jamenis,Reema Lagoo
Bindiya Aur Bandook,1972.0,0.0,1,2.8,10.0,2617,1056,Asha Sachdev,Laxmi Chhaya
Bindiya Chamkegi,1984.0,139.0,184,5.1,18.0,2895,1819,Vinod Mehra,Johnny Walker
Bindiya Mange Bandook,2001.0,115.0,1,3.9,8.0,2482,937,Pinky Chinoy,Mohan Joshi
Bindya,1960.0,0.0,269,5.7,12.0,1953,1878,Padmini,Balraj Sahni
Bioscopewala,2017.0,91.0,269,7.6,882.0,635,575,Geetanjali Thapa,Adil Hussain
Biradari,1966.0,139.0,269,5.9,33.0,2150,2083,Faryal,Pran
Biraj Bahu,1954.0,145.0,269,6.2,51.0,526,990,Abhi Bhattacharya,Shakuntala
Bird Idol,2010.0,100.0,127,4.3,7.0,1140,0,0,0
Birha Ki Raat,1950.0,0.0,327,7.1,15.0,803,617,Nargis,0
Bismillah Ki Barkat,1983.0,0.0,269,5.8,5.0,1141,2343,Sona Mastan Mirza,Meena T.
Bitch,2017.0,82.0,94,5.5,11.0,607,177,Lars-Erik Berenett,Anders Granström
Bitter Chestnut,2019.0,100.0,269,7.1,27.0,882,458,Rani Devi,Gopi Katwal
Bittoo Boss,2012.0,116.0,409,4.1,365.0,2817,1626,Rajesh Bakshi,Ujjwal Chopra
Biwi Aur Makan,1966.0,126.0,162,6.9,45.0,963,504,Mehmood,Shabnam
Biwi Ho To Aisi,1988.0,149.0,172,5.8,857.0,1016,1819,Farooq Shaikh,Bindu
Biwi No. 1,1999.0,159.0,180,5.7,5464.0,630,1026,Salman Khan,Anil Kapoor
Biwi No. 2,2000.0,0.0,409,5.7,63.0,2519,1379,Tabu,Heera Rajgopal
Biwi-O-Biwi,1981.0,156.0,208,7.0,206.0,2006,1981,Randhir Kapoor,Poonam Dhillon
Black,2005.0,122.0,269,8.2,33782.0,2458,207,Rani Mukerji,Shernaz Patel
Black & White,2008.0,134.0,227,6.2,570.0,2731,251,Anurag Sinha,Shefali Shah
Black Cat,1959.0,154.0,86,6.7,25.0,1721,443,Minoo Mumtaz,Johnny Walker
Black Cobra,1981.0,0.0,5,4.9,26.0,1189,1038,Padma Khanna,Pandharibai
Black Friday,2004.0,143.0,29,8.5,19493.0,300,1040,Pawan Malhotra,Aditya Srivastav
Black Home,2015.0,105.0,336,7.4,23.0,363,383,Chitrashi Rawat,Murli Sharma
Black Mountain,1971.0,83.0,285,6.6,24.0,1403,151,Reshama Pasha,Prince Pradeep
Black Rose,2021.0,0.0,427,5.0,46.0,937,1946,Abhilash Narain,Sanjana Shukla
Black Rose,2020.0,120.0,427,8.6,38.0,937,1946,Rahul Chawla,Abhilash Dada
Blackboard vs Whiteboard,2019.0,152.0,55,5.4,43.0,2899,632,Alismita Goswami,Pankaj Jha
Blackmail,1973.0,145.0,320,6.7,199.0,3003,632,Rakhee Gulzar,Shatrughan Sinha
Blackmail,2005.0,126.0,52,4.1,618.0,252,109,Sunil Shetty,Priyanka Chopra Jonas
Blackmail,2018.0,138.0,214,7.1,9671.0,56,854,Kirti Kulhari,Urmila Matondkar
Blank,2019.0,107.0,84,6.2,933.0,483,2271,Karan Kapadia,Karanvir Sharma
Blood Money,2012.0,109.0,29,5.0,981.0,3072,1209,Kunal Khemu,Amrita Puri
Blood Relation,2015.0,0.0,269,6.3,6.0,2470,2279,0,0
Bloody Isshq,2013.0,0.0,327,7.2,35.0,347,132,Shilpa Anand,Karan Veer Mehra
Blue,2009.0,119.0,12,3.7,4674.0,287,146,Sanjay Dutt,Lara Dutta
Blue Mountains,2017.0,134.0,289,5.7,51.0,2774,1985,Nitin Bali,Amit Behl
Blue Oranges,2009.0,114.0,401,6.5,201.0,2074,1713,Aham Sharma,Pooja Kanwal
"Blue Skies, Green Waters, Red Earth",2013.0,137.0,110,7.7,3446.0,2416,683,Sunny Wayne,Bala Hijam
Bluff Master,1963.0,135.0,409,6.5,112.0,1483,2059,Saira Banu,Niranjan Sharma
Bluffmaster,2005.0,137.0,165,6.6,5950.0,2271,46,Priyanka Chopra Jonas,Riteish Deshmukh
Bobby,1973.0,168.0,204,7.1,1776.0,2011,663,Rishi Kapoor,Pran
Bobby Jasoos,2014.0,121.0,183,5.5,2189.0,2404,2436,Ali Fazal,Mahima A
Bobby: Love and Lust,2005.0,125.0,409,4.8,37.0,2134,2392,Monalisa,Hyder Kazmi
Bodyguard,2011.0,130.0,20,4.7,23602.0,2674,1940,Kareena Kapoor,Raj Babbar
Bohlol Dana - A Sage of Baghdad,2010.0,117.0,360,8.2,6.0,41,0,0,0
Boichek,2017.0,85.0,336,6.3,24.0,2489,532,Sugandha Garg,Brijendra Kala
Bol Bachchan,2012.0,155.0,18,5.5,8367.0,2282,207,Abhishek Bachchan,Ajay Devgn
Bol Radha Bol,1992.0,164.0,19,6.1,760.0,630,1836,Juhi Chawla,Kader Khan
Bold,2006.0,0.0,216,4.7,28.0,1172,2339,Prem Chopra,Shakti Kapoor
Bole India Jai Bhim,2016.0,150.0,147,7.9,20.0,2738,2141,Sameer Deshpande,Jeetendra Doshi
Bollywood Diaries,2016.0,125.0,269,6.0,257.0,1174,1665,Salim Diwan,Ashish Vidyarthi
Bollywood Villa,2014.0,124.0,427,4.8,12.0,573,344,Piyush Bhalodiya,Deepak Bhatia
Bollywood: The Greatest Love Story Ever Told,2011.0,81.0,241,6.1,115.0,2141,922,Amitabh Bachchan,Aishwarya Rai Bachchan
Bolo Raam,2009.0,103.0,29,5.2,85.0,2128,1835,Disha Pandey,Padmini Kolhapure
Bom,2011.0,117.0,261,8.2,70.0,214,0,0,0
Bomb Blast,1993.0,153.0,84,6.4,25.0,649,1863,Aditya Pancholi,Kishori Shahane
Bombai Ka Babu,1960.0,154.0,320,7.0,154.0,2013,617,Suchitra Sen,Jeevan
Bombairiya,2019.0,104.0,165,4.5,381.0,1826,1640,Akshay Oberoi,Siddhant Kapoor
Bombay 405 Miles,1980.0,164.0,163,6.9,83.0,547,2549,Vinod Khanna,Shatrughan Sinha
Bombay Boys,1998.0,105.0,165,6.5,557.0,1201,1420,Rahul Bose,Alexander Gifford
Bombay Express,1981.0,0.0,1,5.6,5.0,1212,1160,Swapna,0
Bombay Ka Chor,1962.0,0.0,235,7.0,16.0,2324,1068,Mala Sinha,Amar
Bombay Police,1992.0,0.0,1,5.4,9.0,1670,1379,J.D. Chakravarthi,Prabhu Deva
Bombay Rose,2019.0,97.0,143,6.0,480.0,842,564,Amit Deondi,Gargi Shitole
Bombay Talkies,2013.0,127.0,269,6.7,5124.0,3137,651,Karan Johar,Anurag Kashyap
Bombay to Bangkok,2008.0,120.0,170,4.6,417.0,1651,2122,Lena Christensen,Vijay Maurya
Bombay to Goa,1972.0,132.0,4,6.8,1106.0,1532,1879,Mehmood,Aruna Irani
Bombay Velvet,2015.0,149.0,29,5.6,5685.0,300,1761,Anushka Sharma,Karan Johar
Bond 303,1985.0,0.0,5,4.9,27.0,2226,920,Parveen Babi,Tom Alter
Bond of Love,2001.0,174.0,282,5.1,1584.0,2790,207,Rakhee Gulzar,Akshay Kumar
Boom,2003.0,100.0,240,2.3,1361.0,1201,207,Jackie Shroff,Gulshan Grover
Boond,2001.0,137.0,29,4.2,10.0,977,1425,Pankaj Berry,Birbal
Boond Jo Ban Gayee Moti,1967.0,0.0,225,6.8,31.0,2580,920,Mumtaz,Akashdeep
Boot Polish,1954.0,90.0,173,8.0,780.0,1864,1102,Ratan Kumar,David Abraham
Border,1997.0,176.0,45,7.9,14399.0,1018,2271,Sunil Shetty,Akshaye Khanna
Border Hindustan Ka,2003.0,0.0,77,5.1,83.0,3113,697,Rajat Bedi,Aditya Pancholi
Border Kashmir,2002.0,107.0,1,2.9,7.0,2900,632,Dinesh Hingoo,Anjali Kholapure
Borderlands,2021.0,0.0,241,9.0,7.0,2408,0,0,0
Boss,2013.0,143.0,19,5.1,10583.0,287,146,Shiv Panditt,Mithun Chakraborty
Boxed,2021.0,115.0,90,6.4,10.0,1575,1236,Jahina Mulla Qureshi,Mohd Feroz Qureshi
Boxer,1965.0,136.0,269,7.5,13.0,1982,576,Mumtaz,Azaad Irani
Boxer,1984.0,0.0,51,6.2,126.0,2020,2333,Mithun Chakraborty,Rati Agnihotri
Boy Friend,1961.0,137.0,327,7.6,60.0,1678,2059,Madhubala,Nishi
Boy Friend,1993.0,0.0,409,4.4,8.0,2184,2088,Ravi Behl,Kiran Kumar
Boys Who Like Girls,2018.0,68.0,241,6.9,19.0,988,389,Vedprakash Jaiswal,Harish Sadani
Boyss Toh Boyss Hain,2013.0,0.0,162,5.5,43.0,208,775,Rajkummar Rao,Anshuman Jha
Brahma,1994.0,0.0,224,5.1,38.0,1165,768,Madhoo,Ayesha Jhulka
Brahmachari,1968.0,157.0,178,6.9,366.0,497,2059,Rajshree,Pran
Brahmarshi Vishwamitra,1991.0,0.0,317,7.3,50.0,1637,1374,Nandamuri Balakrishna,Bhanupriya
Break Ke Baad,2010.0,118.0,180,5.2,4033.0,621,609,Shahana Goswami,Sharmila Tagore
Breakaway,2011.0,101.0,182,5.7,2237.0,2269,2481,Camilla Belle,Russell Peters
Breaking Free,2015.0,82.0,252,6.3,33.0,2710,2506,Manohar Elavarthi,Anand Grover
Breed,2020.0,0.0,269,9.6,48.0,539,511,Ashfaq,Fasih Choudhry
Bride & Prejudice,2004.0,122.0,178,6.2,20125.0,876,1244,Aishwarya Rai Bachchan,Nadira Babbar
Brina,2016.0,0.0,269,7.5,8.0,1821,1195,Rajesh Jais,Sanjay Mishra
"Brother, Superhit!",2018.0,139.0,20,3.9,554.0,1698,2271,Preity Zinta,Arshad Warsi
Brothers,2015.0,156.0,51,6.5,12018.0,1251,146,Sidharth Malhotra,Jackie Shroff
Bub (Father),2001.0,114.0,269,7.6,17.0,1138,967,Kuber Sarup,Virendra Razdan
Bubble Gum,2011.0,116.0,269,7.3,456.0,2479,314,Tanvi Azmi,Delzad Hiwale
Buchcha,2017.0,89.0,104,7.2,6.0,1785,2030,Dharmendra Ahirwar,Pooja Bharti
Buddha in a Traffic Jam,2016.0,114.0,240,6.7,2346.0,3087,20,Mahie Gill,Pallavi Joshi
Buddha Mar Gaya,2007.0,93.0,162,2.6,356.0,2006,1327,Jitender Bhargava,Birbal
Buddha Mil Gaya,1971.0,138.0,393,7.0,244.0,963,1426,Om Prakash,Archana
Buddha.mov,2017.0,70.0,0,6.7,33.0,1194,0,0,0
Budhia Singh: Born to Run,2016.0,112.0,157,7.6,1393.0,2700,1225,Mayur Mahendra Patole,Gajraj Rao
Budtameez,1966.0,145.0,180,7.4,78.0,1483,2059,Sadhana,Laxmi Chhaya
Bulandi,2000.0,175.0,39,5.4,633.0,2161,251,Rekha,Raveena Tandon
Bulbbul,2020.0,94.0,311,6.6,10143.0,304,2366,Avinash Tiwary,Rahul Bose
Bulbul Can Sing,2018.0,95.0,269,6.8,323.0,2255,1512,Arnali Das,Manabendra Das
Bulbule,2014.0,119.0,162,7.8,25.0,1025,1272,Amaresh Banerjee,Anubhav Dixit
Bull BulBul Bandook,2013.0,0.0,81,4.8,17.0,1245,638,Kay Kay Menon,Shriya Saran
Bullet,1976.0,124.0,38,6.9,75.0,3003,617,Parveen Babi,Rakesh Roshan
Bullet: Ek Dhamaka,2005.0,137.0,39,3.6,49.0,996,1889,Natalya Gudkova,Iqbal Khan
Bullett Raja,2013.0,138.0,29,5.0,3787.0,2909,1926,Sonakshi Sinha,Vidyut Jammwal
Bulund,1993.0,0.0,1,5.7,138.0,1401,2181,Mohnish Bahl,Laxmikant Berde
Bulundi,1981.0,0.0,29,6.6,106.0,760,807,Asha Parekh,Raaj Kumar
Bumboo,2012.0,126.0,162,6.0,982.0,1035,1035,Sharat Saxena,Sanjay Mishra
Bumm Bumm Bole,2010.0,124.0,293,6.1,616.0,1925,397,Rituparna Sengupta,Darsheel Safary
Bumper Draw,2015.0,130.0,162,4.8,41.0,998,1723,Omkar Das Manikpuri,Subrat Dutta
Bundal Baaz,1976.0,0.0,191,6.6,56.0,2570,1703,Shammi Kapoor,Sulakshana Pandit
Buniyaad,1972.0,0.0,282,5.7,6.0,3067,1735,Shatrughan Sinha,Yogeeta Bali
Bunker,2020.0,98.0,338,6.8,82.0,1134,40,Arindita Kalita,Gaurav Gupta
Bunty Aur Babli,2005.0,170.0,165,6.2,6550.0,2539,46,Rani Mukerji,Amitabh Bachchan
Burmah Road,1962.0,0.0,409,6.1,8.0,2888,377,Sheikh Mukhtar,Kumkum
Buzdil,1951.0,0.0,282,6.4,8.0,2546,1604,Nimmi,Kishore Sahu
Bye Bye Miss Goodnight,2005.0,78.0,172,6.1,16.0,1249,1447,Zafar Karachiwala,Rajpal Yadav
Bye2,2020.0,48.0,327,8.1,29.0,2881,1011,Shreya Tyagi,0
Bypass Road,2019.0,137.0,326,5.4,890.0,1657,1450,Adah Sharma,Gul Panag
C Kkompany,2008.0,127.0,183,5.4,1037.0,2370,2377,Anupam Kher,Rajpal Yadav
C U at 9,2005.0,95.0,311,4.1,66.0,1510,856,Malavikka,Kanksha
C.I.D.,1956.0,146.0,34,7.3,647.0,2013,617,Shakila,Johnny Walker
C.I.D.,1990.0,0.0,39,4.7,65.0,114,2487,Amrita Singh,Suresh Oberoi
C.I.D. 909,1967.0,123.0,29,5.8,17.0,1558,715,Mumtaz,Helen
Cabaret,2019.0,95.0,322,3.4,175.0,1268,143,Richa Chadha,Gulshan Devaiah
Calapor,2013.0,120.0,269,4.5,6.0,726,812,Rituparna Sengupta,Akash Sharma
Calcutta Mail,2003.0,128.0,49,5.7,480.0,2754,251,Rani Mukerji,Manisha Koirala
Calendar Girls,2015.0,131.0,269,4.2,862.0,1413,131,Avani Modi,Kyra Dutt
Call,2000.0,176.0,50,6.8,2236.0,2110,251,Madhuri Dixit,Namrata Shirodkar
Call for Fun,2017.0,126.0,162,5.6,36.0,1055,1621,Charu Asopa,Yash Chaturvedi
Call Girl,1974.0,0.0,291,6.6,24.0,3009,2540,Vikram Makandar,Iftekhar
Cape Karma,2007.0,90.0,326,4.2,141.0,1782,1653,Audrie Woodhouse,Gulshan Grover
Captain Barry,1984.0,0.0,1,3.2,5.0,2835,2262,Uma Dhawan,Benjamin Gilani
Captain Nagarjuna,1986.0,134.0,327,6.5,13.0,2066,1379,Kushboo,Dubbing Janaki
Captain Prabhakaran,1991.0,150.0,84,7.0,212.0,1966,1235,Sarath Kumar,Ramya Krishnan
Captain Vidyut,2020.0,77.0,130,7.7,11.0,405,1389,Trisha Kale,Suresh Menon
Car Thief,1986.0,150.0,1,7.0,13.0,2412,2259,Vijayata Pandit,Kevin Mukherji
Caravan,1971.0,161.0,23,6.8,260.0,1681,369,Jeetendra,Aruna Irani
Care of Footpath,2009.0,110.0,282,7.2,42.0,1302,1066,Jayashree Basavaraj,Jackie Shroff
Cargo,2019.0,119.0,300,5.7,2589.0,315,2467,Shweta Tripathi,Nandu Madhav
Cartography of Loneliness,2011.0,69.0,244,6.2,5.0,1737,0,0,0
Cash,2007.0,137.0,38,3.4,1859.0,290,109,Sunil Shetty,Zayed Khan
CC2C,2009.0,154.0,4,4.1,8102.0,1716,146,Deepika Padukone,Chia-Hui Liu
Cecilia,2015.0,83.0,241,7.9,31.0,1783,522,Pankaj Johar,Rishi Kant
Celluloid Man,2012.0,164.0,241,7.8,162.0,2636,2378,G. Ananthappa,Beena Antony
Censor,2001.0,165.0,269,3.5,122.0,671,617,Hema Malini,Shammi Kapoor
Cha Cha Cha,1964.0,0.0,396,5.2,21.0,585,534,Helen,Om Prakash
Chaahat,1996.0,151.0,327,5.5,2676.0,1423,1406,Shah Rukh Khan,Pooja Bhatt
Chaahat Ek Nasha...,2005.0,140.0,331,3.9,74.0,2837,915,Aryan Vaid,Manisha Koirala
Chaalbaaz,1989.0,155.0,20,6.8,1489.0,1786,2216,Sunny Deol,Rajinikanth
Chaalbaaz,2003.0,117.0,1,5.8,17.0,825,1688,Mithun Chakraborty,Dinesh Hingoo
Chaalis Chauraasi,2012.0,120.0,164,6.1,474.0,961,1406,Kay Kay Menon,Atul Kulkarni
Chaalu Mera Naam,1977.0,0.0,28,5.8,5.0,1329,2489,Vidya Sinha,Mahendra Sandhu
Chaalu Pe Chaalu,1989.0,0.0,0,4.3,11.0,1325,906,Sridevi,0
Chaand Kaa Tukdaa,1994.0,155.0,19,4.0,603.0,2357,2216,Salman Khan,Anupam Kher
Chaani,1977.0,136.0,269,7.7,26.0,2580,1770,Siddharth,Yashwant Dutt
Chaar Din Ki Chandni,2012.0,131.0,208,4.1,393.0,2420,2377,Kulraj Randhawa,Anupam Kher
Chaar Maharathi,1985.0,137.0,1,4.5,8.0,2320,2355,Master Bunty,Mithun Chakraborty
Chaar Sahibzaade 2: Rise of Banda Singh Bahadur,2016.0,134.0,127,8.6,656.0,921,800,Pawan Kalra,Om Puri
Chaarfutiya Chhokare,2014.0,119.0,336,5.9,38.0,1467,2171,Zakir Hussain,Seema Biswas
Chacha Bhatija,1977.0,161.0,20,5.8,213.0,1483,632,Hema Malini,Randhir Kapoor
Chacha Zindabad,1959.0,0.0,162,7.2,12.0,1012,1068,Anita Guha,Master Bhagwan
Chachi 420,1997.0,155.0,173,7.4,12575.0,1212,983,Amrish Puri,Om Puri
Chahat,1971.0,0.0,327,5.8,10.0,1587,504,Mala Sinha,Jeetendra
Chahoonga Main Tujhe,1993.0,0.0,327,6.3,12.0,1209,984,Shafi Inamdar,Irfan Kamal
Chai Coffee,2019.0,49.0,327,7.9,11.0,423,421,Mansi Singh,Megha Jha
Chai Pani Etc.,2004.0,92.0,162,4.7,24.0,1504,1075,Zafar Karachiwala,Gaurav Kapoor
Chain Kulii Ki Main Kulii,2007.0,118.0,173,5.6,1214.0,1255,2542,Rahul Bose,Kapil Dev
Chaitali,1975.0,0.0,269,6.0,39.0,963,632,Saira Banu,Bindu
Chak De! India,2007.0,153.0,292,8.2,75790.0,2621,2039,Vidya Malvade,Sagarika Ghatge
Chakachak,2005.0,0.0,269,3.9,7.0,2385,390,Veeni Paranjape Joglekar,Javed Khan
Chakkar Pe Chakkar,1977.0,138.0,19,5.6,27.0,385,2083,Rekha,Pran
Chakra,1981.0,140.0,1,6.8,141.0,1979,2019,Arun Bakshi,Suresh Bhagwat
Chakra the Invincible,2013.0,0.0,1,6.4,19.0,3040,0,0,0
Chakradhaar,2012.0,120.0,1,4.2,28.0,690,2053,Abishek Anand,Zakir Hussain
Chakravyuh,2012.0,152.0,52,6.8,3089.0,1865,332,Abhay Deol,Manoj Bajpayee
Chakravyuha,1978.0,130.0,76,6.4,40.0,476,1703,Neetu Singh,Vinod Mehra
Chal Baaz,1958.0,0.0,1,6.0,8.0,1659,1464,Paidi Jairaj,Nishi
Chal Bhaag,2014.0,111.0,162,3.8,101.0,1870,600,Taran Bajaj,Keeya Khanna
Chal Chala Chal,2009.0,138.0,19,4.6,292.0,2060,390,Asif Basra,Kaluram Dhobale
Chal Chalein,2009.0,0.0,269,6.3,26.0,2930,897,Anand Abhyankar,Adityansh
Chal Guru Ho Jaa Shuru,2015.0,127.0,162,4.9,45.0,1496,1538,Vrajesh Hirjee,Brijendra Kala
Chal Mere Bhai,2000.0,136.0,208,4.7,3128.0,630,1970,Salman Khan,Karisma Kapoor
Chal Pichchur Banate Hain,2012.0,115.0,172,6.1,47.0,1923,2188,Sagar Bhangade,Mukesh S. Bhatt
Chala Murari Hero Banne,1977.0,128.0,204,7.0,66.0,403,390,Bindiya Goswami,Satyendra Kapoor
Chala Mussaddi - Office Office,2011.0,60.0,172,6.1,346.0,2102,625,Makrand Deshpande,Vinay Jain
Chalaak,1973.0,0.0,29,5.6,7.0,1963,2314,Kiran Kumar,Alka
Chalbaaz,1969.0,0.0,1,5.6,5.0,1609,785,Shyam Kumar,Vijay Kumar
Chale Chalo: The Lunacy of Film Making,2003.0,150.0,241,8.6,336.0,2517,382,Aamir Khan,Gracy Singh
Chalk N Duster,2016.0,130.0,269,6.5,676.0,1073,1825,Shabana Azmi,Arya Babbar
Challo Driver,2012.0,95.0,162,5.9,185.0,2993,2430,Kainaz Motivala,Prem Chopra
Chalo Dilli,2011.0,155.0,172,6.8,3081.0,2595,2476,Lara Dutta,Yana Gupta
Chalo Ishq Ladaaye,2002.0,140.0,25,4.4,522.0,430,768,Kader Khan,Rani Mukerji
Chaloo Movie,2011.0,0.0,162,4.1,44.0,3056,1723,Shekhar Suman,Sayali Bhagat
Chalta Hai Yaar,2005.0,0.0,162,6.3,7.0,1433,1646,Himani Shivpuri,Sanjay Narvekar
Chalta Purza,1977.0,150.0,84,6.0,39.0,497,1703,Parveen Babi,Rakesh Roshan
Chalte Chalte,2003.0,167.0,327,6.6,14779.0,428,2039,Rani Mukerji,Jas Arora
Chalte Chalte,1976.0,100.0,422,5.7,54.0,2788,2160,Bhisham Kohli,Nazneen
Chalti Duniya,1940.0,0.0,0,7.1,8.0,872,427,Rafiq Ghaznavi,0
Chalti Ka Naam Gaadi,1958.0,173.0,204,8.0,1514.0,2520,377,Madhubala,Anoop Kumar
Chalti Ka Naam Zindagi,1982.0,0.0,269,6.3,11.0,1305,1841,Master Bhagwan,Harindranath Chattopadhyay
Chaman Bahaar,2020.0,111.0,172,7.0,5866.0,314,934,Ritika Badiani,Bhuvan Arora
Chamatkar,1992.0,171.0,174,6.6,5846.0,2102,1406,Shah Rukh Khan,Urmila Matondkar
Chambal Ke Daku,1982.0,0.0,84,5.8,5.0,532,1750,Javed Khan,Madhu Malini
Chambal Ki Kasam,1980.0,0.0,28,5.3,24.0,2155,1564,Raaj Kumar,Shatrughan Sinha
Chambal Ki Rani,1979.0,0.0,28,8.6,5.0,1982,1170,Bindu,Dara Singh
Chameli,2003.0,108.0,269,7.0,2108.0,2754,1024,Rahul Bose,Rinke Khanna
Chameli Ki Shaadi,1986.0,136.0,180,7.5,1580.0,476,251,Amrita Singh,Om Prakash
Chamku,2008.0,105.0,38,4.0,529.0,1192,509,Priyanka Chopra Jonas,Irrfan Khan
Champakali,1957.0,0.0,294,5.5,8.0,1665,464,Suchitra Sen,Pran
Champakali,2000.0,0.0,1,3.6,7.0,2113,870,Shakti Kapoor,Razak Khan
Champion,2000.0,140.0,20,4.3,519.0,1775,886,Sunny Deol,Prasant Samadhar
Chanakya,2019.0,147.0,15,5.5,521.0,2905,1290,Nassar,Zareen Khan
Chanakya the Warrior,2005.0,0.0,19,4.7,10.0,9,2482,Salim Ghouse,Cochin Hanifa
Chance Pe Dance,2010.0,122.0,177,4.7,2805.0,1272,2043,Genelia D'Souza,Mohnish Bahl
Chanchal,2008.0,0.0,317,4.0,24.0,986,511,Armaan Shahabi,Gracy Singh
Chand,1959.0,149.0,269,6.8,13.0,1382,443,Manoj Kumar,Meena Kumari
Chand Aur Suraj,1965.0,154.0,224,6.4,24.0,745,377,Dharmendra,Nirupa Roy
Chand Bujh Gaya,2005.0,116.0,336,6.8,52.0,2590,1346,Ishrat Ali,Aliza
Chand Ke Paar Chalo,2006.0,169.0,409,6.7,35.0,1621,2180,Shahib Chopra,Kannu Gill
Chand Par Chadayee,1967.0,150.0,94,5.0,20.0,2868,576,Anwar Hussain,Master Bhagwan
Chand Sa Roshan Chehra,2005.0,120.0,409,4.7,54.0,2545,1948,Talat Aziz,Tamannaah Bhatia
Chanda Aur Bijli,1969.0,137.0,269,4.8,16.0,407,1981,Padmini,Jeevan
Chandaal,1998.0,0.0,39,5.7,42.0,2865,1031,Amrish,Asrani
Chandaal Atma,1999.0,129.0,363,4.6,9.0,2341,312,Rakesh Bedi,Sudhir Dalvi
Chandan Ka Palna,1967.0,166.0,269,6.7,43.0,1003,1274,Dharmendra,Mehmood
Chandanachi Choli Anga Anga Jali,1975.0,140.0,0,6.3,10.0,2580,1750,Bhalchandra Kulkarni,Govind Kulkarni
Chandi Sona,1977.0,0.0,84,5.8,42.0,2455,1973,Parveen Babi,Prem Nath
Chandidas,1934.0,128.0,0,6.6,5.0,1727,968,Umasashi,Pahadi Sanyal
Chandni,1989.0,186.0,320,6.8,1657.0,3106,2216,Rishi Kapoor,Vinod Khanna
Chandni Bar,2001.0,150.0,218,7.6,2486.0,1413,2320,Atul Kulkarni,Rajpal Yadav
Chandni Chowk,1954.0,0.0,282,5.6,9.0,447,1274,Shekhar,Jeevan
Chandra,1948.0,207.0,269,6.9,39.0,2348,1718,M.K. Radha,Ranjan
Chandra Mukhi,1993.0,152.0,191,4.0,676.0,638,1265,Tinnu Anand,Mohnish Bahl
Chandrahas,2007.0,136.0,6,4.3,26.0,2629,32,Abhinayasri,Sharat Babu
Chandrasena,1935.0,136.0,90,4.1,11.0,2580,1386,Sureshbabu Mane,Rajani
Chandrashekhar,1947.0,0.0,269,5.4,17.0,637,545,Bharati Devi,Kanan Devi
Chandrawal,1984.0,109.0,269,8.3,39.0,1075,2394,Jagat Singh Jakhar,Raju Maan
Chandu,2002.0,136.0,409,6.9,70.0,1764,2231,Sonia Agarwal,Srinath
Changez Khan,1957.0,135.0,9,7.1,20.0,1270,1604,Bina Rai,Sheikh Mukhtar
Chann Pardesee,1980.0,147.0,269,8.1,60.0,601,1668,Rama Vij,Kulbhushan Kharbanda
Chapekar Brothers,2016.0,0.0,360,6.6,17.0,679,997,Abhijit Bhagat,Manoj Bhatt
Char Dervesh,1964.0,0.0,115,6.6,21.0,956,715,Sayeeda Khan,Mukri
Char Diwari,1961.0,136.0,327,6.7,24.0,1320,2083,Nanda,Manmohan Krishna
Char Paise,1955.0,118.0,29,5.6,11.0,1633,2143,Kishore Kumar,Agha
Charandas,1977.0,0.0,282,5.2,28.0,451,2466,Om Prakash,Lakshmi
Charandas Chor,1975.0,156.0,269,8.0,44.0,2662,1120,Madan Lal,Babu Das
Charanon Ki Saugandh,1988.0,0.0,43,5.6,47.0,1147,390,Mithun Chakraborty,Prem Chopra
Charas,1976.0,159.0,50,6.5,176.0,2165,632,Hema Malini,Ajit
Charas: A Joint Effort,2004.0,140.0,38,5.3,336.0,2909,932,Uday Chopra,Irrfan Khan
Chargesheet,2011.0,0.0,336,6.3,97.0,671,617,Sanket Dhawan,Divya Dutta
Charitra,1973.0,0.0,269,6.5,11.0,448,1531,Salim Aziz Durrani,Gautam Sarin
Charitraheen,1974.0,100.0,282,7.1,58.0,2564,2078,Sanjeev Kumar,Yogeeta Bali
Charlie Kay Chakkar Mein,2015.0,102.0,427,4.5,159.0,1475,1406,Nishant Lal,Disha Arora
Chase,2010.0,103.0,29,4.9,87.0,1021,292,Udita Goswami,Tarina Patel
Chashme Baddoor,2013.0,121.0,172,5.4,4981.0,630,159,Siddharth,Divyendu Sharma
Chashme Buddoor,1981.0,145.0,187,8.0,2328.0,2385,708,Deepti Naval,Saeed Jaffrey
Chatpati,1983.0,130.0,162,5.9,7.0,2952,2166,Raj Kiran,Reema Lagoo
Chatran,1988.0,0.0,90,6.2,10.0,870,0,0,0
Chatrapati Shivaji Maharaj,1961.0,0.0,161,6.7,15.0,2157,0,0,0
Chattan Singh,1974.0,0.0,28,6.6,5.0,1270,2489,Prem Nath,Yogeeta Bali
Chatur Singh Two Star,2011.0,150.0,4,1.7,624.0,111,1970,Ameesha Patel,Anupam Kher
Chauhar,2017.0,123.0,269,6.8,15.0,1990,1365,Richa Dixit,Vivek Jha
Chauraha,1994.0,154.0,29,3.9,25.0,2372,920,Jackie Shroff,Jaya Prada
Chauranga,2014.0,88.0,269,6.5,299.0,522,1979,Tannishtha Chatterjee,Riddhi Sen
Chausar,2018.0,85.0,269,6.4,82.0,2381,1980,Nawazuddin Siddiqui,Amruta Subhash
Cheeni Kum,2007.0,140.0,180,6.8,4997.0,1949,207,Tabu,Paresh Rawal
Cheenti Cheenti Bang Bang,2008.0,0.0,144,4.4,16.0,1961,390,Sabyasachi Chakrabarty,Mahesh Manjrekar
Cheer Haran,2021.0,98.0,241,9.1,123.0,1340,1095,0,0
Cheetah,1994.0,0.0,39,5.9,75.0,919,2455,Rakesh Bedi,Ashwini Bhave
Chef,2017.0,133.0,173,5.7,2229.0,2032,1926,Padmapriya,Svar Kamble
Chehere: A Modern Day Classic,2015.0,106.0,427,5.8,22.0,2277,675,Manisha Koirala,Jackie Shroff
Chehraa,1999.0,0.0,269,6.6,32.0,820,419,Madhoo,Varsha Usgaonkar
Chehraa,2005.0,136.0,427,3.8,140.0,2525,499,Dino Morea,Preeti Jhangiani
Chehre Pe Chehra,1981.0,140.0,312,6.1,53.0,2027,1981,Rekha,Vinod Mehra
Cheluvi,1992.0,102.0,269,7.5,86.0,837,755,Sonali Kulkarni,Prashant Rao
Chemistry,2013.0,0.0,409,5.1,8.0,2384,468,Karanvir Bohra,Kavin Dave
Chemmeen,1965.0,140.0,327,7.7,475.0,2190,2003,Sheela,Madhu
Chennai Express,2013.0,141.0,4,6.0,50307.0,2282,609,Shah Rukh Khan,Sathyaraj
Chetna,1970.0,135.0,269,6.2,27.0,448,249,Shatrughan Sinha,Rehana Sultan
Chetna: The Excitement,2005.0,102.0,427,3.1,45.0,1805,894,Kiran Kumar,Navnit Ravi Rana
Chettaniki Kallu Levu,1981.0,141.0,42,7.6,81.0,2322,551,Madhavi,Lakshmi
Chhailla Babu,1977.0,146.0,36,6.8,74.0,1130,1703,Zeenat Aman,Asrani
Chhakke Panje,1987.0,0.0,162,6.5,13.0,2959,1618,Nayana Apte,Master Bhagwan
Chhal,2002.0,0.0,29,6.3,187.0,901,1040,Jaya Seal,Naved Aslam
Chhalaang,2020.0,136.0,172,6.8,15830.0,901,1719,Nushrat Bharucha,Mohd. Zeeshan Ayyub
Chhalia,1960.0,112.0,396,7.4,201.0,1483,1671,Nutan,Pran
Chhalia,1973.0,0.0,1,6.5,6.0,1608,1426,Nanda,Shatrughan Sinha
Chhapaak,2020.0,120.0,151,5.1,25070.0,1529,609,Vikrant Massey,Madhurjeet Sarghi
Chhappad Phaad Ke,2019.0,90.0,269,6.3,954.0,2410,2151,Vinay Pathak,Ayesha Raza
Chhatrapati Shivaji,1952.0,170.0,303,8.3,39.0,493,1526,Chandrakant,Gajanan Jagirdar
Chhaya,1961.0,144.0,327,7.1,42.0,963,2263,Asha Parekh,Nirupa Roy
Chhed Chhad,1943.0,0.0,0,3.2,5.0,1143,1718,0,0
Chhichhore,2019.0,143.0,172,8.3,38581.0,1726,2299,Shraddha Kapoor,Varun Sharma
Chhodo Kal Ki Baatein,2012.0,0.0,173,6.9,154.0,1874,1365,Barkha Bisht,Balaji Iyer
Chhodon Naa Yaar,2007.0,97.0,373,4.6,94.0,722,932,Kim Sharma,Farid Amiri
Chhoo Mantar,1956.0,0.0,162,6.1,9.0,1392,2143,Johnny Walker,Anita Guha
Chhorriyan Chhoron Se Kam Nahi Hoti,2019.0,0.0,269,6.9,31.0,2068,258,Rashmi Somvanshi,Satish Kaushik
Chhota Bhai,1966.0,0.0,172,6.7,15.0,1312,1818,Nutan,Master Mahesh Kumar
Chhota Bheem and the Curse of Damyaan,2012.0,88.0,137,5.7,145.0,2096,927,Chutki,Kaustav Ghosh
Chhota Bheem and the Throne of Bali,2013.0,130.0,127,6.2,142.0,2096,1875,Vivaan Bhimani,Parignya Pandya Shah
Chhota Bheem Himalayan Adventure,2016.0,97.0,127,5.5,117.0,2293,927,Rupa Bhimani,Sonal Kaushal
Chhota Bheem in the Incan Adventure,2013.0,65.0,137,6.5,22.0,2096,927,Julie Tejwani,Rajesh Kava
Chhota Bheem Kung Fu Dhamaka,2019.0,97.0,129,5.2,119.0,2096,494,Urvi Ashar,Asif Ali Beig
Chhota Bheem Mission Mangalyaan,2015.0,0.0,127,5.8,11.0,527,0,0,0
Chhota Chetan,1998.0,103.0,95,5.7,155.0,1100,2390,Dalip Tahil,Satish Kaushik
Chhota Sa Ghar,1996.0,141.0,269,3.7,11.0,1207,390,Neelima Azim,Beena Banerjee
Chhote Nawab,1961.0,140.0,180,5.5,24.0,2321,189,Mehmood,Johnny Walker
Chhote Sarkar,1974.0,0.0,218,5.9,17.0,1161,2059,Sadhana,Shashikala
Chhote Sarkar,1996.0,151.0,211,4.7,239.0,3042,768,Shilpa Shetty Kundra,Aruna Irani
Chhoti Bahen,1959.0,155.0,269,6.6,35.0,1363,443,Shyama,Rehman
Chhoti Bahoo,1994.0,0.0,282,5.7,22.0,1399,2455,Beena Banerjee,Bindu
Chhoti Bahu,1971.0,137.0,282,6.1,67.0,1171,1703,Sharmila Tagore,Nirupa Roy
Chhoti Chhoti Baatein,1965.0,0.0,269,7.1,17.0,1591,1334,Leela Mishra,Moti Sagar
Chhoti Si Baat,1976.0,123.0,208,8.3,3868.0,476,377,Vidya Sinha,Amol Palekar
Chhoti Si Mulaqat,1967.0,175.0,327,6.7,39.0,176,2510,Uttam Kumar,Rajendranath Malhotra
Chhupa Rustam,1973.0,0.0,84,7.0,82.0,3003,617,Vijay Anand,Ajit
Chhupa Rustam: A Musical Thriller,2001.0,127.0,320,4.6,86.0,430,1972,Mamta Kulkarni,Manisha Koirala
Chhupam Chhaai,2016.0,94.0,104,8.4,79.0,1896,141,Sanket Chauhan,Anshu Khatri
Chicken Curry Law,2019.0,127.0,269,5.3,30.0,2611,1410,Ashutosh Rana,Makrand Deshpande
Chicken Tikka Masala,2005.0,90.0,180,5.6,524.0,918,558,Saeed Jaffrey,Sally Bankes
Chidi Balla,2018.0,112.0,173,6.4,12.0,1984,541,Mayur More,Abhimanyu Singh
Chidiya,2016.0,110.0,269,7.2,15.0,1534,2304,Ayush Pathak,Vinay Pathak
Children of the Pyre,2008.0,74.0,241,7.4,80.0,2088,0,0,0
Children of War,2014.0,160.0,308,6.7,879.0,1596,708,Victor Banerjee,Pawan Malhotra
Children's Party,2011.0,135.0,173,7.5,7296.0,3031,1475,Irfan Khan,Sanath Menon
Chimanee Pakhre,2000.0,0.0,269,7.4,15.0,1428,230,Laxmikant Berde,Priya Arun Berde
China Gate,1998.0,175.0,6,6.6,1430.0,2110,1495,Naseeruddin Shah,Danny Denzongpa
China Town,1962.0,151.0,170,7.1,201.0,2564,2059,Shakila,Helen
Chinar Daastaan-E-Ishq,2015.0,116.0,409,6.8,62.0,2590,1532,Faisal Khan,Shahbaaz Khan
Chingaari,2006.0,155.0,269,4.6,189.0,1206,2301,Mithun Chakraborty,Anuj Sawhney
Chingari,1971.0,0.0,269,4.6,9.0,2155,1131,Sanjay Khan,Pran
Chinnodu,2006.0,150.0,29,4.0,51.0,1229,2252,Charmy Kaur,Rahul Dev
Chintu Ji,2009.0,115.0,172,6.0,191.0,2202,1836,Priyanshu Chatterjee,Kulraj Randhawa
Chintu Ka Birthday,2020.0,80.0,338,7.8,4063.0,675,2013,Vinay Pathak,Tillotama Shome
Chipku,2016.0,135.0,269,6.8,5.0,1926,767,Rakesh Bedi,Neha Pal Chowdhury
Chippa,2019.0,90.0,269,6.5,941.0,2378,2276,Mala Mukherjee,Surojit
Chirag,1969.0,0.0,289,6.7,48.0,2013,2263,Asha Parekh,Om Prakash
Chirag,1943.0,0.0,0,4.0,6.0,2144,865,0,0
Chirag Kahan Roshni Kahan,1959.0,0.0,282,7.2,38.0,681,1696,Meena Kumari,Mumtaz Begum
Chirutha,1981.0,0.0,269,8.0,6.0,2885,613,Inayatullah Kantroo,Sulabha Deshpande
Chitchor,1976.0,105.0,327,7.5,618.0,476,214,Zarina Wahab,Vijayendra Ghatge
Chitkabrey,2011.0,120.0,326,3.9,134.0,2791,1802,Rahul Singh,Sanjay Swaraj
Chitralekha,1964.0,0.0,172,7.4,80.0,1293,377,Meena Kumari,Pradeep Kumar
Chittagong,2012.0,105.0,53,7.3,1558.0,481,1225,Barry John,Delzad Hiwale
Chittor Vijay,1947.0,0.0,0,7.7,19.0,1572,1331,Gulnar,Raj Kapoor
Chocolate: Deep Dark Secrets,2005.0,160.0,224,4.8,1906.0,3087,251,Sunil Shetty,Arshad Warsi
Choked,2020.0,114.0,269,5.8,4826.0,300,1928,Roshan Mathew,Amruta Subhash
Choo Lenge Akash,2000.0,85.0,339,7.4,7.0,3065,1630,Pankaj Jha,Parikshit Sahni
Chooda Ek Pratha,2015.0,0.0,269,6.4,8.0,2239,1800,Meghna Naidu,Chandrachur Singh
Chopsticks,2019.0,100.0,172,6.5,4293.0,2370,35,Mithila Palkar,Vijay Raaz
Chor Aur Chand,1993.0,137.0,6,6.9,53.0,1815,80,Pooja Bhatt,Aruna Irani
Chor Bazaari,2015.0,107.0,162,4.7,22.0,2104,390,Kurush Deboo,Manoj Joshi
Chor Bazar,1954.0,127.0,39,6.1,24.0,1912,2059,Sumitra Devi,Chitra
Chor Chor,1974.0,0.0,227,6.7,23.0,1913,2440,Leena Chandavarkar,Trilok Kapoor
Chor Chor Super Chor,2013.0,99.0,183,6.5,225.0,2092,600,Priya Bathija,Anshul Kataria
Chor Ho To Aisa,1978.0,0.0,29,5.1,8.0,2226,2085,Reena Roy,Bindu
Chor Ke Ghar Chor,1978.0,0.0,19,6.4,34.0,3022,1764,Zeenat Aman,Ashok Kumar
Chor Machaaye Shor,2002.0,145.0,19,4.2,1124.0,630,509,Om Puri,Paresh Rawal
Chor Machaye Shor,1974.0,139.0,71,6.5,146.0,385,2083,Mumtaz,Asrani
Chor Pe Mor,1990.0,142.0,164,4.5,14.0,1240,1406,Karan Shah,Neelam Kothari
Chor Police,1983.0,0.0,217,5.6,29.0,213,2085,Parveen Babi,Shakti Kapoor
Chor Sipahee,1977.0,138.0,29,5.8,44.0,1906,2083,Vinod Khanna,Parveen Babi
Chori Chori,1956.0,158.0,204,7.7,475.0,238,1401,Raj Kapoor,Gope
Chori Chori,2003.0,135.0,209,4.8,837.0,1542,109,Sonali Bendre,Rani Mukerji
Chori Chori,1972.0,115.0,39,5.0,5.0,1281,1973,Radha Saluja,Kamran
Chori Chori Chupke Chupke,2001.0,160.0,178,5.4,4464.0,39,1252,Salman Khan,Rani Mukerji
Chori Mera Kaam,1975.0,165.0,204,7.0,136.0,547,377,Shashi Kapoor,Zeenat Aman
Chorni,1982.0,149.0,172,5.3,39.0,1139,920,Neetu Singh,Shreeram Lagoo
Choron Ka Chor,2002.0,0.0,1,6.3,20.0,1074,1172,Bipasha Basu,Rahul Dev
Choron Ki Baaraat,1980.0,135.0,1,7.1,16.0,919,2085,Neetu Singh,Ajit
Chorus,1975.0,124.0,351,7.4,84.0,1595,2396,Ajit Banerjee,Shekhar Chatterjee
"Chot [Aaj Isko, Kal Tereko]",2004.0,0.0,378,5.0,29.0,1640,383,Sharad S. Kapoor,Nethra Raghuraman
Chota Jadugar,2003.0,99.0,350,3.1,102.0,1125,2199,S.P. Balasubrahmanyam,Julian Carey
Chota Sipahi,2004.0,90.0,339,7.1,10.0,1079,0,0,0
Chote Nawab,2020.0,108.0,269,6.1,7.0,1349,2369,Plabita Borthakur,Rajshri Deshpande
Chousar Firangi,2019.0,95.0,172,6.8,85.0,2437,1589,Rekha Mishra,Anudeep Singh
Chowkidar,1974.0,135.0,269,5.3,22.0,2665,1981,Yogeeta Bali,Vinod Khanna
Chronicle of Space,2020.0,85.0,339,5.8,19.0,164,1436,Anushree Wani,0
Chronicles of Hari,2016.0,120.0,269,5.9,22.0,241,2126,Krishnamurthy,0
Chudail,1997.0,98.0,363,4.9,10.0,1754,1056,Poonam Dasgupta,Anil Dhawan
Chudail Ka Badla,2005.0,0.0,363,7.8,25.0,2019,1550,0,0
Chudail Story,2016.0,100.0,373,2.4,142.0,2836,1597,Amal Sherawat,Nidhi Bhardwaj
Chunaoti,1980.0,0.0,84,5.3,31.0,2514,715,Neetu Singh,Dharmendra
Chup Chup Ke,2006.0,164.0,180,6.8,9171.0,1925,1076,Shahid Kapoor,Kareena Kapoor
Chupke Chupke,1975.0,146.0,180,8.3,11923.0,963,632,Sharmila Tagore,Amitabh Bachchan
Chupke Se,2003.0,164.0,204,5.4,112.0,2642,2551,Masumeh Makhija,Rati Agnihotri
Chupp,1997.0,0.0,237,4.3,17.0,188,920,Avinash Wadhawan,Somy Ali
Chura Liyaa Hai Tumne,2003.0,143.0,49,3.7,463.0,2440,2548,Esha Deol,Gulshan Grover
Cinderella,2015.0,113.0,350,6.7,9.0,1295,1202,Vinit Bonde,Janardhan Parab
Cinema Cinema,1979.0,0.0,241,6.6,33.0,1330,207,Zeenat Aman,Dharmendra
Circus Queen,1959.0,0.0,1,4.8,5.0,1738,712,John Cawas,Sheila Kashmiri
City Lights,2014.0,126.0,336,7.4,4828.0,901,1719,Patralekhaa Paul,Manav Kaul
City of Gold - Mumbai 1982: Ek Ankahee Kahani,2010.0,145.0,218,6.8,355.0,1429,1897,Seema Biswas,Ankush Chaudhari
Class of '83,2020.0,98.0,29,5.8,5084.0,411,509,Anup Soni,Joy Sengupta
Classic Dance of Love,2005.0,0.0,269,4.7,53.0,454,1305,Meghna Naidu,Vikas Bhardwaj
Clerk,1989.0,165.0,29,2.3,126.0,1494,1231,Ashok Kumar,Rajendra Kumar
Click,2010.0,127.0,311,3.5,317.0,2440,2122,Sada,Sneha Ullal
Climax,2020.0,52.0,69,2.0,228.0,2147,1295,Renan Severo,0
Club 60,2013.0,137.0,269,7.3,433.0,2467,708,Sarika,Raghuvir Yadav
Club Dancer,2016.0,125.0,72,6.9,17.0,436,1690,Nish,Ajaz Khan
Coal India,2015.0,48.0,241,8.0,6.0,120,713,0,0
Cobra Girl,1963.0,0.0,44,5.4,10.0,1659,1648,Mahipal,Tiwari
Cocktail,2012.0,146.0,180,6.3,13486.0,954,1926,Deepika Padukone,Diana Penty
Code Blue,2019.0,0.0,269,6.9,7.0,1290,2497,Rishi Bhutani,Canelle Hoppe
Coffee Bloom,2015.0,90.0,269,5.9,101.0,1505,330,Sugandha Garg,Ishwari Bose-Bhattacharya
Coffee House,2009.0,0.0,269,6.4,8.0,874,383,Sakshi Tanwar,Neha Mishra
College Girl,1960.0,0.0,327,6.4,26.0,2863,2059,Om Prakash,Raj Mehra
College Girl,1978.0,0.0,409,6.2,9.0,2324,495,Rita Bhaduri,Master Bhagwan
Colour photo,2018.0,0.0,162,8.7,21.0,429,772,Shahbaz Khan,Aziz Naser
Colours of Passion,2008.0,132.0,156,7.0,1827.0,1280,1762,Nandana Sen,Paresh Rawal
Come December,2006.0,92.0,269,5.6,58.0,766,344,Hayley Cleghorn,Bobby Darling
Comedy Couple,2020.0,117.0,208,7.7,1662.0,1642,1987,Shweta Basu Prasad,Pooja Bedi
Commander,1981.0,0.0,1,5.1,19.0,2131,212,Tanuja,Arun Govil
Commando,1988.0,149.0,50,4.2,171.0,454,1305,Mandakini,Hemant Birje
Commando,2013.0,124.0,15,6.2,4757.0,715,2438,Hsieh Chang Hai,Nelson Liao Sheng Hua
Commando 2,2017.0,144.0,15,5.3,3015.0,677,2438,Adah Sharma,Esha Gupta
Commando 3,2019.0,133.0,15,5.7,2425.0,86,2438,Adah Sharma,Gulshan Devaiah
Company,2002.0,142.0,29,7.9,14795.0,2147,109,Mohanlal,Manisha Koirala
Compulsed,1974.0,155.0,326,7.1,668.0,2226,207,Parveen Babi,Pran
Congregation,1986.0,140.0,269,6.5,15.0,1623,2031,Farooq Shaikh,Rohini Hattangadi
Consequence Karma,2021.0,92.0,336,9.0,223.0,2542,2155,Monis Khan,Pooja Gupta
Contract,2008.0,117.0,29,4.0,230.0,2147,65,Sakshi Gulati,Amruta Khanvilkar
Cookie,2020.0,104.0,363,6.2,191.0,1367,1376,Amit Ashar,Bhavin Bhanushali
Cooking with Stella,2009.0,104.0,172,5.4,282.0,718,2025,Don McKellar,Lisa Ray
Coolie,1983.0,177.0,20,6.6,2123.0,1483,1594,Amitabh Bachchan,Waheeda Rehman
Coolie No. 1,1995.0,143.0,25,6.6,4843.0,630,768,Karisma Kapoor,Harish
Coolie No. 1,1991.0,146.0,50,6.7,678.0,1157,2428,Tabu,Babu Mohan
Coolie No. 1,2020.0,134.0,25,2.9,56232.0,630,2419,Sara Ali Khan,Paresh Rawal
Corporate,2006.0,142.0,269,6.5,1957.0,1413,499,Kay Kay Menon,Raj Babbar
Courage,1992.0,161.0,50,4.8,787.0,776,109,Karisma Kapoor,Ajit
Court,2014.0,116.0,269,7.7,4338.0,564,2493,Vivek Gomber,Geetanjali Kulkarni
Court Martial,2020.0,120.0,269,6.8,179.0,2705,1030,Saksham Dayma,Rajeev Khandelwal
Cover Story,2000.0,140.0,427,5.3,105.0,798,2292,Joemon Joshy,Biju Menon
Crazy Cukkad Family,2015.0,0.0,162,5.1,46.0,2261,2305,Shilpa Shukla,Kushal Punjabi
Crazy Mad Lover,2011.0,163.0,20,5.6,4059.0,2420,1378,Yugesh Anil,Madhuri Bhattacharya
Crd,2016.0,108.0,327,6.2,119.0,1319,1341,Isha Keskar,Abhay Mahajan
Creature,2014.0,134.0,68,3.1,1308.0,3035,499,Imran Abbas,Mukul Dev
Criminal,1994.0,123.0,80,5.7,450.0,1423,1379,Manisha Koirala,Ramya Krishnan
Crook: It's Good to Be Bad,2010.0,121.0,52,5.1,1965.0,1582,694,Neha Sharma,Arjan Bajwa
Cryptic Road,2016.0,84.0,407,7.3,23.0,1589,794,Vijay Ashok Sharma,Aastha Gautam
Current,1992.0,119.0,269,6.9,54.0,1150,1495,Deepti Naval,Shreeram Lagoo
Cycle Kick,2011.0,86.0,334,6.1,100.0,2598,1466,Sunny Hinduja,Girija Oak
Cypher,2019.0,130.0,160,8.3,29.0,2380,1062,Aarya Adhav,Arun Bali
D,2005.0,107.0,227,6.8,1188.0,3080,1762,Chunky Panday,Rukhsar Rehman
D Company,2021.0,91.0,38,4.4,218.0,2147,1958,Abhilash Chaudhary,Pranay Dixit
Daadagiri,1997.0,138.0,270,4.6,30.0,335,419,Ritu Parna,Simran
Daadi Maa,1966.0,171.0,20,6.2,20.0,1363,377,Bina Rai,Dilip Raj
Daaera,1953.0,139.0,269,6.5,32.0,1210,1274,Nasir Khan,M. Kumar
Daag,1952.0,149.0,327,7.0,159.0,212,658,Nimmi,Usha Kiran
Daag: A Poem of Love,1973.0,146.0,316,7.0,438.0,3106,1703,Sharmila Tagore,Rakhee Gulzar
Daag: The Burning Fire,2002.0,0.0,1,7.0,25.0,29,1172,0,0
Daag: The Fire,1999.0,152.0,52,4.8,670.0,2010,1970,Chandrachur Singh,Mahima Chaudhry
Daaku,1975.0,0.0,84,5.6,8.0,475,971,Bindu,Amrish Puri
Daal Me Kala,1964.0,128.0,172,6.0,21.0,2520,1461,Kishore Kumar,Abhi Bhattacharya
Daal Mein Kuch Kaala Hai,2012.0,130.0,162,3.9,75.0,225,231,Sudesh Berry,Kishore Anand Bhanushali
Daaman Aur Aag,1973.0,0.0,327,6.0,6.0,3053,1973,Saira Banu,Balraj Sahni
Daanveer,1996.0,0.0,29,3.6,17.0,2865,2455,Anusha,Asrani
Daas,2005.0,163.0,77,3.1,115.0,458,2405,Fefsi Vijayan,Krishna Ghattamaneni
Daas Dev,2018.0,140.0,336,5.1,257.0,2754,2532,Rahul Bhatt,Richa Chadha
Daasi,1981.0,0.0,327,5.0,32.0,2013,1981,Rekha,Moushumi Chatterjee
Daata,1989.0,0.0,39,5.4,73.0,2773,2361,Shoma Anand,Arun Bakshi
Daava,1997.0,145.0,50,4.5,571.0,2795,1406,Akshay Kumar,Raveena Tandon
Daawat-e-Biryani,2019.0,89.0,269,7.1,22.0,83,908,Sauraseni Maitra,Suhasini Mulay
Daawat-e-Ishq,2014.0,118.0,180,6.1,5500.0,892,82,Parineeti Chopra,Anupam Kher
Daayan,1998.0,0.0,363,4.4,10.0,615,1982,Satyendra Kapoor,Shakti Kapoor
Daayen Ya Baayen,2010.0,115.0,173,6.3,146.0,485,600,Manav Kaul,Badrul Islam
Dabang Sarkar,2018.0,0.0,1,4.2,18.0,3119,129,C P Bhatt,Samarth Chaturvedi
Dabangg,2010.0,126.0,19,6.2,30194.0,53,1940,Sonakshi Sinha,Sonu Sood
Dabangg 2,2012.0,120.0,19,4.8,16920.0,317,1940,Sonakshi Sinha,Prakash Raj
Dabangg 3,2019.0,160.0,19,3.0,15817.0,1848,1940,Sudeep,Sonakshi Sinha
Dacait,1987.0,158.0,39,6.5,270.0,2006,1736,Sunny Deol,Meenakshi Sheshadri
Dacait,2000.0,0.0,1,5.1,9.0,1106,862,Dharmendra,Mohan Joshi
Dada,1979.0,137.0,43,5.0,24.0,1133,2489,Bindiya Goswami,Jeevan
Dada,1999.0,133.0,1,4.8,30.0,2865,862,Arjun,Mithun Chakraborty
Dadagiri,1987.0,0.0,29,5.5,51.0,656,1787,Rakesh Bedi,Mohan Choti
Dadar Kirti,1980.0,154.0,172,7.2,191.0,2897,2340,Ayan Banerjee,Mahua Roy Chowdhury
Daddy,2017.0,134.0,16,6.4,1886.0,355,332,Aishwarya Rajesh,Nishikant Kamat
Daddy Cool: Join the Fun,2009.0,102.0,172,3.8,362.0,1153,2267,Aarti Chhabria,Aashish Chaudhary
Daddy's Daughter,2017.0,97.0,269,7.7,40.0,52,1304,Farheen Khan,Garima Rastogi
Dafaa 302: Indian Penal Code Section 302 (Section of Murder),1975.0,118.0,323,4.9,7.0,1163,1764,Rekha,Ajit
Dagadi Chaawl,2015.0,120.0,29,6.2,180.0,581,276,Makrand Deshpande,Pooja Sawant
Dahan,1998.0,145.0,269,7.4,285.0,2265,2052,Chandni,Abhishek Chatterjee
Dahej,1950.0,149.0,269,6.3,15.0,2580,1360,Karan Dewan,Jayashree
Dahek: A Burning Passion,1999.0,155.0,331,5.5,189.0,1371,2185,Danny Denzongpa,Anang Desai
Dahek: A Restless Mind,2007.0,0.0,225,5.9,14.0,333,2069,Amit Khaladkar,Rajit Kapoor
Dahleez,1986.0,161.0,39,5.3,50.0,2213,871,Raj Babbar,Meenakshi Sheshadri
Dahshat,1981.0,0.0,363,5.7,58.0,2666,2371,Navin Nischol,Sarika
Daisy,1988.0,0.0,269,7.1,76.0,1895,795,Sohniya,Sonia
Dak Bangla,1987.0,0.0,363,5.2,72.0,1277,16,Bhakti Bhansali,Leena Das
Daku,1955.0,0.0,0,6.8,6.0,402,1268,Anwar Hussain,Shammi Kapoor
Daku Aur Jawan,1978.0,0.0,1,5.4,15.0,2797,2263,Reena Roy,Vinod Khanna
Daku Aur Mahatma,1977.0,127.0,39,4.7,7.0,2231,1696,Reena Roy,Kabir Bedi
Daku Ganga Jamuna,2000.0,93.0,5,3.9,7.0,1234,1986,Amit Pachori,Durgesh Nandini
Daku Hasina,1987.0,0.0,39,5.5,31.0,385,2549,Rajinikanth,Pradeep Kumar
Daku Kali Bhawani,2000.0,120.0,1,3.8,5.0,2341,632,Milind Gunaji,Mohan Joshi
Daku Mangal Singh,1966.0,0.0,39,6.4,10.0,566,576,Mumtaz,Prithviraj Kapoor
Daku Munni Bai,1991.0,0.0,1,7.5,33.0,1560,912,Vijayalalitha,0
Daku Ramkali,2000.0,134.0,108,5.0,17.0,1234,1986,Jay Thakur,Rajesh Vivek
Dal: The Gang,2001.0,0.0,1,4.9,7.0,2996,862,Sadashiv Amrapurkar,Rajesh Bakshi
Dalaal,1993.0,160.0,39,4.9,105.0,1805,1305,Ayesha Jhulka,Ravi Behl
Dam999,2011.0,108.0,111,3.3,980.0,2690,2477,Joshua Fredric Smith,Megha Burman
Damaad,1978.0,110.0,162,7.0,52.0,2052,214,Ranjeeta Kaur,Ashok Saraf
Damadamm!,2011.0,122.0,180,4.0,406.0,2856,824,Sonal Sehgal,Purbi Joshi
Daman: A Victim of Marital Violence,2001.0,0.0,269,5.5,88.0,1206,1792,Sayaji Shinde,Sanjay Suri
Damini,1993.0,175.0,218,7.8,3185.0,2110,1277,Rishi Kapoor,Sunny Deol
Damul,1985.0,106.0,269,6.7,127.0,1865,1223,Annu Kapoor,Sreela Majumdar
Dana Paani,1989.0,0.0,29,4.9,19.0,678,1305,Padmini Kolhapure,Nirupa Roy
Danav,2003.0,0.0,77,4.7,12.0,1441,2186,Aryan Vaid,Sayaji Shinde
Dance Dance,1987.0,153.0,48,6.1,267.0,454,1305,Smita Patil,Mandakini
Dance of the Wind,1997.0,85.0,314,6.6,128.0,2040,190,Roshan Bano,Kitu Gidwani
Dance Party,1995.0,124.0,345,2.6,25.0,649,1747,Raymon Singh,Aartii Naagpal
Dancer,1991.0,150.0,48,3.9,613.0,1308,146,Kirti Singh,Mohnish Bahl
Dand Nayak,1998.0,153.0,1,3.7,24.0,2677,323,Arun Bakshi,Arun Bali
Dangal,2016.0,161.0,17,8.4,165074.0,1726,19,Sakshi Tanwar,Fatima Sana Shaikh
Danger,2005.0,0.0,1,4.7,6.0,174,2009,Aahuthi Prasad,Sai Ram Shankar
Danger,2002.0,0.0,227,6.8,53.0,859,383,Tara Deshpande,Jas Arora
Dangerous Ishq,2012.0,130.0,357,3.9,847.0,3035,1026,Rajniesh Duggall,Divya Dutta
Dank,2019.0,108.0,373,5.7,19.0,1942,2068,Smita Shewale,Ananda Karekar
Dansh,2005.0,103.0,269,7.0,65.0,1224,1001,Kay Kay Menon,Sonali Kulkarni
Dansh,2018.0,85.0,269,8.3,9.0,463,48,Ajay Dubey,Harsh Gupta
Daraar,1996.0,105.0,50,5.4,506.0,39,1252,Rishi Kapoor,Juhi Chawla
Daraar,1987.0,0.0,1,2.6,13.0,2009,173,Raj Babbar,Kiran Kumar
Darasingh: Ironman,1964.0,0.0,6,5.6,10.0,1270,576,Nishi,Jeevan
Darbaan,2020.0,145.0,269,7.5,727.0,530,2075,Sharad Kelkar,Mukesh Ramani
Darbar,2020.0,159.0,84,6.1,5175.0,17,1712,Nayanthara,Nivetha Thomas
Dard,1947.0,0.0,289,6.3,15.0,42,2142,Nusrat,Munawar Sultana
Dard (Conflict of Emotions),1981.0,0.0,280,7.2,64.0,188,1703,Hema Malini,Poonam Dhillon
Dard Ka Rishta,1982.0,152.0,269,7.0,64.0,2797,2263,Reena Roy,Smita Patil
Dard-E-Dil,1983.0,0.0,77,6.7,13.0,2820,1350,Zarina Wahab,Shashikala
Darinda,1977.0,0.0,1,5.9,23.0,1264,1049,Sunil Dutt,Parveen Babi
Darinda,2005.0,76.0,363,5.2,8.0,1234,253,Sapna Sappu,Vinod Tripathi
Dariya Dil,1988.0,146.0,269,5.1,191.0,1160,768,Kimi Katkar,Roshni
Darklight,2019.0,113.0,269,6.5,8.0,1519,530,Raj Arjun,Ishan Chavan
Darkness Visible,2019.0,107.0,427,5.6,329.0,1703,2025,Sayani Gupta,Salóme Gunnarsdóttir
Darling,2007.0,128.0,312,3.8,589.0,2147,701,Esha Deol,Isha Koppikar
Darling Darling,1977.0,0.0,409,6.8,34.0,846,617,Zeenat Aman,Nadira
Darmiyaan: In Between,1997.0,128.0,269,7.2,62.0,1206,1059,Arif Zakaria,Tabu
Darna Mana Hai,2003.0,121.0,363,6.3,3207.0,1905,1926,Sameera Reddy,Vivek Oberoi
Darna Zaroori Hai,2006.0,108.0,363,5.4,1962.0,1014,1210,Sajid Khan,Jijy Philip
Darogaji,1949.0,123.0,225,7.7,9.0,154,1401,Paidi Jairaj,Rashid Khan
Darpan,1970.0,140.0,282,7.1,37.0,93,2263,Waheeda Rehman,Sonia Sahni
Darr,1993.0,178.0,50,7.8,22635.0,3106,952,Sunny Deol,Shah Rukh Khan
Darr @ the Mall,2014.0,124.0,373,4.9,936.0,1819,932,Nushrat Bharucha,Arif Zakaria
Darshan,1941.0,0.0,0,7.0,8.0,597,1600,Jyoti,Bhudo Advani
Darwaza,1978.0,117.0,363,6.0,89.0,2666,2371,Anil Dhawan,Shyamalee
Darwaza,2002.0,84.0,363,4.3,50.0,1234,346,Anil Nagrath,Amit Pachori
Darwaza Bandh Rakho,2006.0,106.0,165,5.3,337.0,1014,862,Abhay Bhargava,Snehal Dabi
Das Capital Gulamon Ki Rajdhani,2020.0,0.0,269,7.1,28.0,2041,582,Yashpal Sharma,Pratibha Sharma
Dashavatar,2008.0,119.0,144,6.4,110.0,506,2474,Kenneth Desai,Rupali Ganguly
Dassehra,2018.0,131.0,84,3.8,316.0,1477,2015,Neil Nitin Mukesh,Tina Desai
Dastaan,1972.0,173.0,183,6.9,122.0,447,658,Sharmila Tagore,Prem Chopra
Dastak,1996.0,141.0,327,4.7,293.0,1423,2301,Mukul Dev,Sharad S. Kapoor
Dastak,1970.0,145.0,269,7.1,122.0,2094,1981,Rehana Sultan,Shakeela Bano Bhopali
Dastan,1950.0,122.0,291,6.8,61.0,42,2281,Raj Kapoor,Veena
Dastoor,1991.0,0.0,323,4.8,11.0,260,1549,Dolly Minhas,Dinesh Hingoo
Dasvidaniya,2008.0,113.0,172,7.8,6140.0,2595,2476,Sarita Joshi,Rajat Kapoor
Dattak,2001.0,125.0,269,7.4,57.0,867,1713,Anjan Srivastav,A.K. Hangal
Daud: Fun on the Run,1997.0,180.0,4,5.9,1006.0,2147,1970,Urmila Matondkar,Paresh Rawal
Daughters of This Century,2001.0,180.0,0,6.7,19.0,2886,2031,Jaya Bachchan,Arjun Chakraborty
Daulat,1982.0,150.0,29,6.1,35.0,1568,2487,Zeenat Aman,Amjad Khan
Daulat Ke Dushman,1983.0,0.0,1,3.3,15.0,525,1237,Manjushree,Mehmood
Daulat Ki Jung,1992.0,143.0,13,5.7,834.0,2323,19,Juhi Chawla,Shafi Inamdar
Dav Pech,1989.0,0.0,1,4.1,18.0,1269,920,Bhanupriya,Prem Chopra
David,2013.0,155.0,29,6.2,2608.0,484,2460,Neil Nitin Mukesh,Vinay Virmani
Dayar E Madina,1975.0,137.0,269,7.2,6.0,7,1432,Tabrez,Heena Kausar
Dayavan,1988.0,173.0,29,6.5,548.0,784,2487,Feroz Khan,Amala Akkineni
Days and Nights on Earth,2017.0,75.0,269,8.1,15.0,1833,538,Rishi Singh,Anuj Sen
Days of Tafree,2016.0,155.0,162,7.3,252.0,1332,2524,Ansh Bagri,Sarabjeet Bindra
D-Day,2013.0,153.0,84,7.2,9525.0,1716,854,Rishi Kapoor,Arjun Rampal
De Dana Dan,2009.0,162.0,19,5.5,7758.0,1925,146,Sunil Shetty,Katrina Kaif
De De Pyaar De,2019.0,135.0,180,6.6,7329.0,157,109,Tabu,Rakul Preet Singh
De Taali,2008.0,140.0,180,4.1,808.0,753,87,Riteish Deshmukh,Ayesha Takia
Dead Morning,2016.0,126.0,214,6.4,10.0,1887,1213,Nidhi Gupta,Saurabh Kishore
Deadline: Sirf 24 Ghante,2006.0,102.0,240,6.3,585.0,2882,1713,Konkona Sen Sharma,Jhanak Shukla
Dear Dad,2016.0,95.0,282,6.3,384.0,2878,356,Ekavali Khanna,Himanshu Sharma
Dear Maya,2017.0,111.0,327,5.8,390.0,2783,1215,Madiha Imam,Shreya Chaudhary
Dear Molly,2018.0,91.0,269,7.8,10.0,804,171,Mrinmayee Godbole,Gurbani Gill
Dear Vs Bear,2014.0,145.0,126,6.6,18.0,2476,2400,Kavita Joshi,Manoj Bakshi
Dear Zindagi,2016.0,151.0,327,7.5,37149.0,819,160,Shah Rukh Khan,Kunal Kapoor
Debshishu,1987.0,100.0,269,7.5,22.0,2942,487,Noni Ganguly,Rohini Hattangadi
Dedh Ishqiya,2014.0,152.0,180,7.1,6978.0,61,1168,Naseeruddin Shah,Arshad Warsi
Deedar,1992.0,130.0,327,4.3,578.0,1873,146,Karisma Kapoor,Laxmikant Berde
Deedar,1951.0,130.0,396,7.6,198.0,1727,1401,Ashok Kumar,Dilip Kumar
Deedar-E-Yaar,1982.0,0.0,327,5.3,45.0,920,920,Rekha,Rishi Kapoor
Deewaanapan,2001.0,153.0,77,4.6,418.0,391,332,Dia Mirza,Vinod Khanna
Deewaangee,1976.0,168.0,29,6.5,40.0,2418,2083,Zeenat Aman,Ranjeet
Deewaar,1975.0,174.0,29,8.1,10361.0,3106,207,Shashi Kapoor,Nirupa Roy
Deewana,1952.0,0.0,409,5.0,10.0,42,2281,Sumitra Devi,Suresh
Deewana,1992.0,185.0,19,6.9,6298.0,2010,1836,Divya Bharti,Shah Rukh Khan
Deewana Hoon Pagal Nahi,1998.0,0.0,283,4.1,8.0,1574,1732,Laxmikant Berde,Vikas Bhalla
Deewana Main Deewana,2013.0,130.0,180,2.4,339.0,1172,768,Priyanka Chopra Jonas,Nasir Khan
Deewana Mastana,1997.0,140.0,208,6.7,2488.0,630,251,Govinda,Juhi Chawla
Deewana Mujh Sa Nahin,1990.0,130.0,413,5.7,953.0,3102,1153,Aamir Khan,Madhuri Dixit
Deewana Tere Naam Ka,1987.0,97.0,327,5.0,25.0,647,1305,Vijayata Pandit,Danny Denzongpa
Deewane,2000.0,164.0,77,4.7,587.0,921,109,Urmila Matondkar,Mahima Chaudhry
Deewane,1991.0,0.0,409,3.2,6.0,571,134,Beena Banerjee,Bindu
Deewane Huye Paagal,2005.0,158.0,20,5.3,4622.0,3035,2043,Akshay Kumar,Sunil Shetty
Deewangee,2002.0,169.0,224,6.6,2620.0,245,109,Akshaye Khanna,Urmila Matondkar
Deha,2007.0,126.0,409,6.4,66.0,1429,1174,Jaya Prada,Supriya Karnik
Dehraadun Diary,2013.0,0.0,427,5.6,50.0,1549,66,Rati Agnihotri,Muntazir Ahmad
Dekh Bhai Dekh: Laughter Behind Darkness,2009.0,105.0,165,4.5,26.0,1995,770,Siddharth Koirala,Raghuvir Yadav
Dekh Kabira Roya,1957.0,141.0,208,7.4,29.0,212,261,Anoop Kumar,Jawahar Kaul
Dekh Tamasha Dekh,2014.0,110.0,162,6.1,284.0,782,2005,Tanvi Azmi,Vinay Jain
Dekha Pyar Tumhara,1985.0,138.0,172,5.6,38.0,3066,983,Rati Agnihotri,Deven Verma
Delhi 47 KM,2018.0,98.0,269,5.9,24.0,2543,2035,Shadab Khan,Shadab Khan
Delhi Belly,2011.0,103.0,19,7.6,28299.0,56,142,Imran Khan,Vir Das
Delhi in a Day,2011.0,88.0,172,6.2,395.0,1885,2434,Siddharth Bhardwaj,Vidya Bhushan
Delhi Safari,2012.0,96.0,134,5.6,1631.0,1716,768,Akshaye Khanna,Urmila Matondkar
Delhi-6,2009.0,141.0,269,6.1,7256.0,2141,2511,Abhishek Bachchan,Sonam Kapoor
Delhii Heights,2007.0,0.0,327,4.2,183.0,1342,932,Neha Dhupia,Manoj Bakshi
Delinquent Dancers,2012.0,94.0,374,5.9,48.0,2424,138,Sulabha Arya,Raqesh Bapat
Department,2012.0,141.0,38,3.1,965.0,2147,1970,Rana Daggubati,Lakshmi Manchu
Des Pardes,1978.0,0.0,282,7.1,151.0,671,617,Ajit,Pran
Desamuduru,2007.0,148.0,50,6.2,1608.0,1939,168,Hansika Motwani,Pradeep Singh Rawat
Desh,2002.0,130.0,269,4.9,50.0,2036,903,Sabyasachi Chakrabarty,Subhendu Chatterjee
Desh Drohee,1980.0,158.0,1,5.5,11.0,1868,1927,Navin Nischol,Rakesh Pandey
Desh Drohi,2008.0,140.0,84,1.4,3899.0,1030,986,Gracy Singh,Hrishitaa Bhatt
Desh Ke Dushman,1989.0,0.0,1,3.9,14.0,2858,1636,Navin Nischol,Aditya Pancholi
Desh Premee,1982.0,165.0,20,6.0,536.0,1483,207,Hema Malini,Navin Nischol
Deshwasi,1991.0,145.0,29,3.6,12.0,2099,2361,Mahesh Bhatt,Poonam Dhillon
Desi Boyz,2011.0,122.0,172,5.7,13203.0,2274,146,John Abraham,Deepika Padukone
Desi Kattey,2014.0,139.0,1,4.0,126.0,1342,137,Tia Bajpai,Jay Bhanushali
Detective,1958.0,114.0,401,6.4,15.0,2564,1564,Mala Sinha,Johnny Walker
Detective Byomkesh Bakshy!,2015.0,139.0,29,7.7,21107.0,710,2299,Anand Tiwari,Neeraj Kabi
Detective Naani,2009.0,140.0,219,6.2,76.0,2286,401,Zain Khan,Simran Singh
Dev,2004.0,172.0,269,6.9,1332.0,862,207,Om Puri,Fardeen Khan
Dev Anand in Goa (Alias Farar),1955.0,0.0,50,5.8,16.0,1825,617,Geeta Bali,Manmohan Krishna
Dev.D,2009.0,144.0,327,8.0,29283.0,300,35,Mahie Gill,Kalki Koechlin
Devaki,2005.0,87.0,269,4.2,31.0,471,1742,Suman Ranganath,Arvin Tucker
Devar,1966.0,156.0,225,7.2,81.0,1568,632,Sharmila Tagore,Shashikala
Devar Bhabhi,1958.0,0.0,269,6.5,6.0,1270,1696,Leela Mishra,Ram Mohan
Devata,1978.0,148.0,282,7.1,50.0,2315,1981,Shabana Azmi,Rakesh Roshan
Devdas,2002.0,185.0,320,7.6,39573.0,2458,2039,Aishwarya Rai Bachchan,Madhuri Dixit
Devdas,1936.0,139.0,327,6.2,91.0,1765,968,A.H. Shore,Pahadi Sanyal
Devdas,1955.0,159.0,320,7.9,1731.0,526,658,Suchitra Sen,Vyjayanthimala
Devi,1970.0,0.0,282,6.6,19.0,2948,1491,Sanjeev Kumar,Rehman
Devi Ahilya Bai,2002.0,146.0,153,6.6,17.0,1081,1414,Sadashiv Amrapurkar,Shabana Azmi
Devi Aur Hero,2019.0,117.0,269,7.8,15.0,88,94,Chitrangada Chakraborty,Vibhawari Deshpande
Devi Durga Shakti,2001.0,0.0,350,5.6,16.0,1931,624,Meena,Varalakshmi P.R.
Devi Maa,2006.0,0.0,350,6.6,14.0,2166,1273,Charan Raj,Ramki
Devi Putrudu,2004.0,161.0,44,5.8,260.0,1311,2428,Anjala Zaveri,Soundarya
Devil (Maupassant's Le Diable),2019.0,79.0,269,5.2,16.0,1337,1091,Anoma Pabuwal,Deeya Dey
Devil's Daughter,2019.0,89.0,174,2.6,172.0,832,788,Esha Gupta,Jackie Shroff
Devta,1956.0,178.0,103,5.7,16.0,1813,2510,Anjali Devi,Gemini Ganesan
Devta,1998.0,177.0,1,3.5,21.0,1030,344,Mithun Chakraborty,Mushtaq Khan
Dhaad,2018.0,135.0,1,5.5,13.0,1800,1945,Nandita Das,Sandeep Kulkarni
Dhaai Akshar Prem Ke,2000.0,167.0,327,3.7,1313.0,2010,46,Aishwarya Rai Bachchan,Amrish Puri
Dhaal: The Battle of Law Against Law,1997.0,148.0,39,5.1,68.0,2412,2487,Sunil Shetty,Gautami
Dhadak,1998.0,0.0,409,6.1,7.0,2471,599,Shoaib Khan,Harsha Mehra
Dhadak,2018.0,138.0,327,4.5,9399.0,2591,887,Ishaan Khattar,Ashutosh Rana
Dhadkan,2000.0,161.0,327,6.5,6953.0,694,146,Shilpa Shetty Kundra,Sunil Shetty
Dhadkanein,2006.0,146.0,29,4.4,12.0,972,394,Preeti,Harsh Chhaya
Dhamaal,2007.0,136.0,4,7.3,13878.0,981,1970,Riteish Deshmukh,Arshad Warsi
Dhamkee,1973.0,132.0,29,5.4,14.0,1207,2487,Kumkum,Mehmood Jr.
Dhamkee,2005.0,0.0,84,2.5,15.0,426,1688,Shweta Menon,Sadhika
Dhan Daulat,1980.0,146.0,269,6.5,57.0,915,1836,Neetu Singh,Pran
Dhan Dhana Dhan Goal,2007.0,167.0,334,5.0,2410.0,3087,938,Arshad Warsi,Bipasha Basu
Dhanwaan,1993.0,123.0,180,3.4,252.0,1169,109,Manisha Koirala,Karisma Kapoor
Dhanwan,1981.0,152.0,219,7.3,55.0,2824,1703,Reena Roy,Rakesh Roshan
Dhara,2008.0,95.0,327,4.3,11.0,1518,2237,Hrishitaa Bhatt,Anuj Punj
Dhara 302,2016.0,148.0,269,4.4,16.0,1108,1365,Dipti Dhotre,Dipti
Dharam Kanta,1982.0,0.0,39,6.2,77.0,2773,1636,Rajesh Khanna,Jeetendra
Dharam Kanta,1991.0,0.0,1,5.8,10.0,1310,1379,Ramya Krishnan,Akkineni Nageshwara Rao
Dharam Karam,1975.0,159.0,342,6.0,140.0,2193,1671,Randhir Kapoor,Rekha
Dharam Sankat,1991.0,155.0,39,3.5,21.0,1631,2487,Amrita Singh,Sahila Chaddha
Dharam Sankat Mein,2015.0,129.0,162,6.3,2118.0,789,1406,Paresh Rawal,Annu Kapoor
Dharam Shatru,1988.0,0.0,38,4.3,7.0,919,2085,Reena Roy,Mahesh Anand
Dharam Veer,1977.0,165.0,4,6.7,715.0,1483,632,Zeenat Aman,Jeetendra
Dharamyudh,1988.0,0.0,326,5.8,24.0,2742,2263,Shatrughan Sinha,Kimi Katkar
Dharavi,1992.0,120.0,218,7.0,289.0,2754,2180,Shabana Azmi,Pramod Bala
Dharini,2002.0,0.0,269,6.3,12.0,2840,1642,Ashok Chaudhary,Robin Das
Dharkan,1972.0,0.0,59,6.7,26.0,681,1973,Mumtaz,Rajendranath Malhotra
Dharm Adhikari,1986.0,159.0,20,5.8,94.0,1157,1151,Dilip Kumar,Jeetendra
Dharm Aur Qanoon,1984.0,0.0,102,6.7,37.0,1127,1703,Dharmendra,Vinod Mehra
Dharma,1973.0,0.0,19,7.0,26.0,566,1576,Navin Nischol,Rekha
Dharma Karma,1997.0,128.0,39,5.8,34.0,2228,725,Dan Dhanoa,Dharmendra
Dharmatma,1935.0,152.0,0,6.8,6.0,2580,440,Ratnaprabha,K. Narayan Kale
Dharmatma,1975.0,163.0,80,6.7,295.0,784,1604,Feroz Khan,Hema Malini
Dharmputra,1961.0,150.0,269,7.3,87.0,3106,1182,Shashi Kapoor,Rehman
Dharti,1970.0,0.0,6,6.7,41.0,562,1696,Waheeda Rehman,Balraj Sahni
Dharti,2011.0,126.0,227,7.0,357.0,1684,932,Surveen Chawla,Japji Khaira
Dharti Kahe Pukar Ke,1969.0,0.0,327,7.4,59.0,745,1391,Jeetendra,Sanjeev Kumar
Dharti Ke Lal,1950.0,125.0,303,6.4,16.0,1292,1782,Hameed Butt,Usha Dutta
Dhartiputra,1993.0,0.0,39,6.1,68.0,991,1187,Jaya Prada,Rishi Kapoor
Dhat Tere... Ki,1983.0,0.0,162,6.2,12.0,1538,1795,Abhi Bhattacharya,Akhil Mishra
Dheet Patangey,2020.0,0.0,330,7.3,64.0,2211,1365,Ali Murad,Priya Banerjee
Dhh,2017.0,128.0,282,7.8,235.0,1473,1406,Kahaan,Karan Patel
Dhill,2001.0,158.0,39,7.0,810.0,692,2460,Laila,Ashish Vidyarthi
Dhira,2020.0,117.0,127,6.5,388.0,343,2508,Vijay Sethupathi,Sai Srinivas Bellamkonda
Dhobi Ghat,2010.0,100.0,269,7.0,12695.0,1297,1590,Monica Dogra,Kriti Malhotra
Dhokha,2007.0,117.0,50,6.2,455.0,1835,1372,Tulip Joshi,Aushima Sawhney
Dhol,2007.0,145.0,169,6.3,5501.0,1925,175,Sharman Joshi,Tusshar Kapoor
Dholak,1951.0,155.0,208,6.3,6.0,2291,119,Meena Shorey,Shyamlal
Dhongee,1979.0,122.0,20,4.5,22.0,385,1764,Neetu Singh,Asrani
Dhool Ka Phool,1959.0,153.0,269,6.7,158.0,3106,1182,Rajendra Kumar,Nanda
Dhoom,2004.0,129.0,29,6.7,18768.0,2449,46,John Abraham,Uday Chopra
Dhoom 2,2006.0,152.0,38,6.5,24610.0,2449,831,Abhishek Bachchan,Aishwarya Rai Bachchan
Dhoom 3,2013.0,172.0,38,5.4,43831.0,3012,19,Katrina Kaif,Abhishek Bachchan
Dhoom Dadakka,2008.0,128.0,165,3.4,87.0,2597,871,Anupam Kher,Satish Shah
Dhoomketu,1985.0,113.0,269,6.4,8.0,1149,1222,0,0
Dhoon,1953.0,0.0,327,7.0,29.0,1391,687,Raj Kapoor,M. Kumar
Dhoondte Reh Jaaoge!,1998.0,0.0,173,4.8,40.0,1343,180,Antara Mali,Tinnu Anand
Dhoondte Reh Jaoge,2009.0,131.0,172,5.6,751.0,2936,1523,Kunal Khemu,Sonu Sood
Dhoop,2003.0,126.0,269,7.2,242.0,396,1495,Revathi,Gul Panag
Dhoop Chhaon,1935.0,129.0,0,5.7,7.0,1727,505,Vikram Kapoor,Nawab
Dhoop Chhaon,1977.0,0.0,269,5.5,30.0,1862,1981,Hema Malini,Yogeeta Bali
Dhoti Lota Aur Chowpatty,1975.0,139.0,162,4.5,19.0,1562,496,Laxmi Chhaya,Mohan Choti
Dhrupad,1983.0,72.0,241,7.8,57.0,1455,707,Zia Mohiyuddin Dagar,0
Dhruvanakshatram,1989.0,147.0,39,8.1,90.0,3102,1313,Brahmanandam,Venkatesh Daggubati
Dhuan,1981.0,152.0,269,7.2,78.0,745,1736,Mithun Chakraborty,Ranjeeta Kaur
Dhumm,2002.0,139.0,43,6.9,58.0,1402,2231,Rakshitha,Srinath
Dhund,1973.0,130.0,326,7.2,529.0,447,1426,Zeenat Aman,Sanjay Khan
Dhund: The Fog,2003.0,153.0,120,2.4,247.0,2666,180,Aditi Govitrikar,Apoorva Agnihotri
Dhuusar,2019.0,106.0,149,8.9,47.0,2686,2205,Arpita Banerjee,Ritwik Bhowmik
Dial 100,1982.0,145.0,29,6.1,17.0,2315,377,Vinod Mehra,Bindiya Goswami
Diamond Queen,1940.0,155.0,2,6.1,31.0,956,712,Radharani,Nazira
Diary of a Butterfly,2012.0,97.0,269,3.6,88.0,3055,2382,Sofia Hayat,Ronny Jhutti
Didi,1959.0,0.0,269,8.0,32.0,1154,2263,Shubha Khote,Feroz Khan
Didi,1989.0,59.0,282,7.6,7.0,2886,783,Deepti Naval,Ritesh Talwar
Diksha,1991.0,120.0,269,7.0,170.0,341,2244,Vijay Kashyap,Anubhav Mishra
Dil,1990.0,172.0,180,6.7,5017.0,981,19,Madhuri Dixit,Saeed Jaffrey
Dil Aashna Hai (...The Heart Knows),1992.0,164.0,327,5.0,1536.0,932,920,Mithun Chakraborty,Dimple Kapadia
Dil Apna Aur Preet Parai,1960.0,0.0,396,6.6,125.0,1307,1636,Meena Kumari,Nadira
Dil Aur Deewaar,1978.0,156.0,29,5.5,30.0,1147,920,Moushumi Chatterjee,Rakesh Roshan
Dil Aur Mohabbat,1968.0,137.0,1,6.1,20.0,226,377,Joy Mukherjee,Sharmila Tagore
Dil Bechara,2020.0,101.0,180,6.6,117377.0,1600,2299,Sanjana Sanghi,Sahil Vaid
Dil Bechara Pyaar Ka Maara,2004.0,0.0,208,5.4,53.0,1749,2454,Aslam Khan,Divya Palat
Dil Bhi Khaali Jeb Bhi Khaali,2014.0,0.0,1,5.5,11.0,1036,417,Kader Khan,Anil Kochar
Dil Bhi Tera Hum Bhi Tere,1960.0,0.0,327,6.8,32.0,324,443,Kumkum,Sushil
Dil Bole Hadippa!,2009.0,148.0,180,4.6,3902.0,302,2043,Rani Mukerji,Anupam Kher
Dil Chahta Hai,2001.0,183.0,180,8.1,68138.0,775,19,Saif Ali Khan,Akshaye Khanna
Dil Daulat Duniya,1972.0,0.0,172,6.8,56.0,1912,1703,Sadhana,Ashok Kumar
Dil Deke Dekho,1959.0,187.0,396,7.0,146.0,1681,2059,Asha Parekh,Sulochana Latkar
Dil Dhadakne Do,2015.0,170.0,180,6.9,15722.0,3137,251,Shefali Shah,Priyanka Chopra Jonas
Dil Diwana,1974.0,134.0,208,6.2,33.0,1671,1764,Jaya Bachchan,Satyendra Kapoor
Dil Diya Dard Liya,1966.0,169.0,320,6.4,119.0,42,658,Dilip Kumar,Waheeda Rehman
Dil Diya Hai,2006.0,121.0,331,3.5,473.0,86,694,Ashmit Patel,Geeta Basra
Dil Dosti Etc,2007.0,112.0,165,7.0,2793.0,1476,840,Shreyas Talpade,Smriti Mishra
Dil Ek Mandir,1963.0,148.0,320,6.7,129.0,562,1274,Rajendra Kumar,Raaj Kumar
Dil Hai Betaab,1993.0,157.0,50,3.1,114.0,1172,2507,Ajay Devgn,Pratibha Sinha
Dil Hai Ki Manta Nahin,1991.0,154.0,94,7.3,4087.0,1423,19,Pooja Bhatt,Anupam Kher
Dil Hai Tumhaara,2002.0,185.0,327,5.3,1720.0,1358,332,Preity Zinta,Mahima Chaudhry
Dil Hi Dil Mein,1982.0,0.0,327,3.6,5.0,669,1217,Dhumal,Iftekhar
Dil Hi To Hai,1963.0,128.0,180,7.1,122.0,557,1503,Raj Kapoor,Nutan
Dil Hi To Hai,1992.0,164.0,327,5.1,102.0,403,674,Gulshan Grover,Amjad Khan
Dil Jo Bhi Kahey...,2005.0,144.0,327,4.6,332.0,2285,207,Revathi,Karan Sharma
Dil Jo Na Keh Saka,2017.0,130.0,409,5.3,103.0,1676,819,Priya Banerjee,Bhuvnesh Mann
Dil Juunglee,2018.0,124.0,208,3.7,417.0,172,2318,Saqib Saleem,Nidhi Singh
Dil Ka Doctor,1995.0,0.0,162,3.5,21.0,419,297,Mahmud Babai,Nimai Bali
Dil Ka Kya Kasoor,1992.0,157.0,396,5.7,191.0,1374,1612,Divya Bharti,Sanam
Dil Ka Raaja,1972.0,0.0,172,5.6,13.0,1757,119,Indrani Mukherjee,Master Anil
Dil Ka Rishta,2003.0,150.0,320,4.8,1615.0,1677,332,Aishwarya Rai Bachchan,Priyanshu Chatterjee
Dil Ka Sathi Dil,1982.0,0.0,409,6.7,18.0,1630,983,Zarina Wahab,0
Dil Ka Sauda,2014.0,136.0,29,5.3,6.0,1369,660,Rakhi Sawant,Donny Kapoor
Dil Kaa Heera,1979.0,0.0,269,6.6,29.0,745,632,Hema Malini,Abhi Bhattacharya
Dil Kabaddi,2008.0,120.0,172,5.7,653.0,264,854,Rahul Bose,Rahul Khanna
Dil Ke Jharoke Main,1997.0,0.0,396,3.8,28.0,356,311,Vikas Bhalla,Chandrashekhar
Dil Ke Pechey Pechey',2005.0,110.0,336,4.9,12.0,849,383,Divya Dutta,Abbas
Dil Ki Baazi,1993.0,162.0,39,5.3,494.0,255,1736,Avinash Wadhawan,Akshay Kumar
Dil Ki Rahen,1973.0,0.0,282,7.3,6.0,448,1734,Rehana Sultan,Sulochana Latkar
Dil Kitna Nadan Hai,1997.0,0.0,320,5.8,24.0,2221,1680,Raageshwari,Kiran Kumar
Dil Kya Kare,1999.0,158.0,320,5.1,1102.0,1865,109,Mahima Chaudhry,Kajol
Dil Lagake Dekho,1989.0,0.0,327,4.4,10.0,1325,2216,0,0
Dil Maange More!!!,2004.0,123.0,396,5.2,1808.0,240,2043,Ayesha Takia,Tulip Joshi
Dil Ne Jise Apna Kaha,2004.0,135.0,327,4.4,1716.0,409,1940,Preity Zinta,Bhoomika Chawla
Dil Ne Phir Yaad Kiya,2001.0,0.0,320,3.3,106.0,2053,768,Tabu,Faraaz Khan
Dil Ne Phir Yaad Kiya,1966.0,0.0,327,5.8,60.0,557,1491,Dharmendra,Rehman
Dil Ne Pukara,1967.0,173.0,327,7.0,28.0,1564,2083,Sanjay Khan,Rajshree
Dil Pardesi Ho Gayaa,2003.0,150.0,414,4.8,91.0,2357,1006,Saloni Aswani,Amrish Puri
Dil Pe Mat Le Yaar!!,2000.0,148.0,269,5.0,213.0,901,1225,Tabu,Saurabh Shukla
Dil Sala Sanki,2016.0,110.0,409,5.0,21.0,2842,2038,Hrishitaa Bhatt,Avtar Gill
Dil Se Mile Dil,1978.0,0.0,409,4.3,11.0,510,477,Shyamalee,Om Shivpuri
Dil Se Pooch... Kidhar Jaana Hai,2006.0,0.0,269,6.7,14.0,2655,84,Vani Tripathi,Rohitash Gaud
Dil Se..,1998.0,163.0,327,7.6,27393.0,1456,2039,Manisha Koirala,Preity Zinta
Dil Tera Aashiq,1993.0,151.0,180,5.1,720.0,1374,1168,Salman Khan,Kader Khan
Dil Tera Diwana,1962.0,150.0,208,7.0,94.0,437,2059,Mala Sinha,Mehmood
Dil Tera Diwana,1996.0,139.0,323,5.0,185.0,1374,1926,Twinkle Khanna,Shatrughan Sinha
Dil to Pagal Hai,1997.0,180.0,178,7.0,21182.0,3106,2039,Madhuri Dixit,Karisma Kapoor
Dil Toh Baccha Hai Ji,2011.0,143.0,180,5.8,3723.0,1413,109,Emraan Hashmi,Omi Vaidya
Dil Toh Deewana Hai,2016.0,135.0,327,6.5,17.0,2029,2549,Raj Babbar,Meenu Bhardwaj
Dil Tujhko Diya,1987.0,127.0,409,5.0,22.0,2131,1100,Rati Agnihotri,Mala Sinha
Dil Vil Pyar Vyar,2002.0,150.0,320,5.3,454.0,240,1159,Jimmy Sheirgill,Sanjay Suri
Dil... Akhir Dil Hai,1982.0,216.0,269,5.5,15.0,760,1736,Parveen Babi,Naseeruddin Shah
Dilbar,1994.0,138.0,327,3.8,21.0,433,1189,Rishikesh Raj,Nawaz Khan
Dildaar,1977.0,165.0,20,4.5,18.0,1147,920,Rekha,Sujit Kumar
Dil-E-Nadaan,1982.0,0.0,327,6.3,37.0,562,1703,Jaya Prada,Shatrughan Sinha
Dil-E-Nadan,1953.0,142.0,409,6.7,10.0,42,2322,Shyama,Shyam Kumar
Diler,1979.0,0.0,1,6.4,9.0,1189,1712,Kavita,Vishnuvardhan
Diljalaa,1987.0,140.0,39,5.1,23.0,473,871,Farha Naaz,Tanuja
Diljale,1996.0,159.0,50,5.8,1559.0,921,109,Sonali Bendre,Amrish Puri
Dil-Ki-Rani (Sweet-Heart),1947.0,130.0,208,7.4,64.0,1572,1671,Madhubala,Shyam Sunder
Dillagi,1978.0,0.0,208,6.9,206.0,476,632,Hema Malini,Mithu Mukherjee
Dillagi,1999.0,188.0,320,5.3,1076.0,2815,2271,Bobby Deol,Urmila Matondkar
Dillagi,1966.0,146.0,180,6.3,18.0,2336,1182,Sanjay Khan,Nazima
Dilli Ka Thug,1958.0,0.0,19,6.8,56.0,2324,1068,Nutan,Amar
Dilliwaali Zaalim Girlfriend,2015.0,121.0,172,3.7,176.0,1058,853,Natalia Kapchuk,Vijay Meenu
Dilruba,1950.0,123.0,224,7.1,30.0,750,1816,Dev Anand,Cuckoo
Dilwaala,1986.0,160.0,20,3.7,1134.0,1153,1305,Smita Patil,Meenakshi Sheshadri
Dilwale,1994.0,172.0,50,5.7,2755.0,921,109,Sunil Shetty,Raveena Tandon
Dilwale,2015.0,158.0,20,5.1,32366.0,2282,2039,Kajol,Varun Dhawan
Dilwale Dulhania Le Jayenge,1995.0,181.0,327,8.1,65134.0,85,2039,Kajol,Amrish Puri
Dilwale Dulhaniya Le Jayenge,1980.0,120.0,409,7.2,58.0,2067,449,Desh Gautam,Tariq Shah
Dilwale Kabhi Na Hare,1992.0,0.0,409,3.5,13.0,2949,1660,Prithvi,Nagma
Direct Ishq,2016.0,130.0,25,4.0,66.0,2104,1722,Nidhi Subbaiah,Arjun Bijlani
Dirty Politics,2015.0,130.0,269,2.5,575.0,1172,297,Atul Kulkarni,Awdhesh Mishra
Disco Dancer,1982.0,135.0,320,6.4,1291.0,454,1305,Kim,Kalpana Iyer
Disha,1990.0,135.0,178,7.0,145.0,2385,2031,Nana Patekar,Raghuvir Yadav
Dishkiyaoon,2014.0,119.0,84,5.2,986.0,2428,800,Harsh Chhaya,Sunny Deol
Dishoom,2016.0,124.0,4,5.1,7100.0,2274,938,Varun Dhawan,Jacqueline Fernandez
Divine Temple Khajuraho,2002.0,0.0,360,4.2,8.0,381,1189,Sadhika,Mink Singh
Divorce,1984.0,133.0,414,5.7,7.0,1631,2078,Girish Karnad,Vijayendra Ghatge
Divorce: Not Between Husband and Wife,2005.0,140.0,0,5.3,10.0,1390,1198,Tannishtha Chatterjee,Snehal Dabi
Divya Shakti,1993.0,180.0,39,3.8,199.0,2412,109,Raveena Tandon,Satyendra Kapoor
Diwan,2003.0,0.0,1,3.1,13.0,1063,1993,Kiran Rathod,Sharmilee
Diwana,1967.0,171.0,327,6.9,117.0,1426,1671,Saira Banu,Lalita Pawar
Diya Aur Toofan,1995.0,0.0,52,4.2,54.0,1147,1305,Madhoo,Maya Alagh
Do Anjaane,1976.0,155.0,269,6.9,421.0,745,207,Rekha,Prem Chopra
Do Ankhen Barah Haath,1957.0,143.0,165,8.4,1710.0,2580,2065,Sandhya,Ulhas
Do Ankhen Barah Hath,1997.0,0.0,269,4.2,62.0,1299,335,Ishrat Ali,Sadashiv Amrapurkar
Do Aur Do Paanch,1980.0,132.0,20,7.0,954.0,2131,2083,Amitabh Bachchan,Hema Malini
Do Badan,1966.0,0.0,347,7.3,92.0,2013,369,Manoj Kumar,Simi Garewal
Do Behnen,1959.0,0.0,327,5.5,15.0,1270,2143,Rajendra Kumar,Chand Usmani
Do Bhai,1969.0,150.0,29,6.2,34.0,547,377,Mala Sinha,Jeetendra
Do Bhai,1994.0,0.0,0,4.8,12.0,1135,0,0,0
Do Bigha Zamin,1953.0,131.0,269,8.4,1857.0,526,443,Nirupa Roy,Ratan Kumar
Do Boond Pani,1971.0,141.0,39,6.3,15.0,1292,884,Simi Garewal,Kiran Kumar
Do Chehere,1977.0,0.0,282,3.5,6.0,1283,632,Veerendra,Aruna Irani
Do Chehre,2015.0,120.0,1,5.3,20.0,374,1081,Mohnish Bahl,Negar Khan
Do Dil,1966.0,0.0,409,6.4,27.0,963,504,Mumtaz,Rajshree
Do Dil Diwane,1981.0,0.0,409,6.5,15.0,560,983,Rati Agnihotri,Unni Mary
Do Dilon Ke Khel Mein,2010.0,0.0,180,5.5,35.0,147,1703,Annu Kapoor,Nausheen Ali Sardar
Do Dilon Ki Dastaan,1985.0,0.0,409,5.1,26.0,10,1970,Padmini Kolhapure,Shakti Kapoor
Do Dishayen,1982.0,149.0,327,6.0,20.0,745,632,Shreeram Lagoo,Nirupa Roy
Do Dooni Chaar,2010.0,112.0,172,7.5,5232.0,892,1836,Neetu Singh,Aditi Vasudev
Do Dooni Char,1968.0,135.0,172,7.2,66.0,641,1068,Asit Kumar Sen,Surekha
Do Fantoosh,1994.0,0.0,162,2.7,11.0,2677,2426,Sadashiv Amrapurkar,Vikas Anand
Do Gaz Zameen Ke Neeche,1972.0,127.0,363,6.1,88.0,2920,2287,Pooja,Imtiaz
Do Ghadi Ki Mouj,1935.0,153.0,0,5.4,5.0,955,1872,Dinshaw Bilimoria,Jillo
Do Gulab,1983.0,0.0,327,6.8,5.0,746,2441,Rakesh Bedi,Dilip Dhawan
Do Hawaldar,1979.0,0.0,269,5.9,15.0,1270,390,Zarina Wahab,Jagdeep
Do Jasoos,1975.0,135.0,205,6.1,100.0,1675,1671,Rajendra Kumar,Shailendra Singh
Do Jhoot,1975.0,0.0,409,5.8,9.0,1110,2489,Moushumi Chatterjee,Pran
Do Kaliyaan,1968.0,160.0,289,6.5,71.0,1953,1878,Mala Sinha,Biswajit Chatterjee
Do Kaliyan,1948.0,0.0,0,6.9,8.0,2035,438,Baby Bhate,Gopal Bokre
Do Knot Disturb,2009.0,126.0,172,3.6,1130.0,630,768,Sushmita Sen,Riteish Deshmukh
Do Ladke Dono Kadke,1979.0,0.0,164,6.0,111.0,476,1426,Amol Palekar,Moushumi Chatterjee
Do Lafzon Ki Kahani,2016.0,128.0,50,6.5,1411.0,659,977,Anil George,Randeep Hooda
Do Matwale,1991.0,0.0,1,3.2,32.0,119,1970,Sonam,Chunky Panday
Do Musafir,1978.0,147.0,291,7.1,22.0,681,2083,Rekha,Ashok Kumar
Do Nambar Ke Amir,1974.0,136.0,218,7.2,5.0,1766,370,Sajid Khan,A.K. Hangal
Do Numbri,1998.0,139.0,1,3.8,24.0,2865,1305,Sneha,Sadashiv Amrapurkar
"Do Paise Ki Dhoop, Chaar Aane Ki Baarish",2009.0,0.0,269,6.4,172.0,667,1713,Manisha Koirala,Sanaj Naval
Do Phool,1958.0,161.0,282,6.0,7.0,42,1102,Master Romi,Vijaya Choudhury
Do Phool,1974.0,140.0,20,6.7,59.0,2315,377,Vinod Mehra,Aruna Irani
Do Premee,1980.0,135.0,84,5.7,54.0,2013,1836,Moushumi Chatterjee,Om Prakash
Do Qaidi,1989.0,158.0,84,4.4,104.0,119,1970,Govinda,Farha Naaz
Do Raaste,1969.0,165.0,327,7.0,273.0,2013,1703,Mumtaz,Balraj Sahni
Do Raha,1971.0,130.0,269,6.3,9.0,783,249,Radha Saluja,Roopesh Kumar
Do Rahain,1997.0,0.0,39,4.4,16.0,1381,1297,Meenakshi Sheshadri,Kanwaljit Singh
Do Roti,1957.0,0.0,19,5.9,7.0,1003,1464,Balraj Sahni,Johnny Walker
Do Shikari,1979.0,0.0,6,6.3,18.0,2033,1096,Vinod Khanna,Rekha
Do Sholay,1977.0,145.0,1,3.3,6.0,2767,521,Lata Arora,Billa
Do Sitare,1951.0,0.0,327,7.7,9.0,612,2281,Dev Anand,Prem Nath
Do Thug,1975.0,0.0,29,6.3,7.0,2324,2085,Hema Malini,Ajit
Do Ustad,1959.0,139.0,29,7.1,69.0,2888,1671,Madhubala,Sulochana Latkar
Do Ustad,1982.0,0.0,1,4.6,7.0,2324,2085,Reena Roy,Danny Denzongpa
Do Waqt Ki Roti,1988.0,110.0,1,6.4,24.0,2514,715,Sanjeev Kumar,Reena Roy
Do Yaar,1972.0,0.0,1,4.9,8.0,1283,2487,Shatrughan Sinha,Rekha
DOA: Death of Amar,2014.0,90.0,427,7.1,29.0,1795,2223,Zareen Khan,Rajeev Khandelwal
Dobaara,2018.0,66.0,327,6.9,59.0,484,1193,Parvathy Omanakuttan,0
Dobaara: See Your Evil,2017.0,106.0,366,3.7,325.0,1905,70,Huma Qureshi,Madalina Bellariu Ion
Dobara,2004.0,135.0,383,3.2,129.0,2597,871,Raveena Tandon,Mahima Chaudhry
Doctor,1940.0,144.0,269,6.5,6.0,1825,2226,Pankaj Mullick,Ahindra Choudhury
Doctor I Love You,2021.0,0.0,427,7.9,65.0,1606,2100,Sheetal Shah,0
Doli,1969.0,156.0,327,7.2,59.0,93,1703,Babita Kapoor,Prem Chopra
Doli Saja Ke Rakhna,1998.0,170.0,327,6.4,505.0,1925,149,Jyotika,Anupam Kher
Dolly Ki Doli,2015.0,98.0,208,4.5,2880.0,64,1183,Karan Ashar,Mohd. Zeeshan Ayyub
Dolly Kitty and Those Twinkling Stars,2019.0,126.0,172,5.4,4755.0,169,1075,Bhumi Pednekar,Amol Parashar
Dombivli Return,2019.0,129.0,336,4.9,46.0,1420,1959,Rajeshwari Sachdev,Amol Parashar
Don,2006.0,171.0,38,7.2,35121.0,775,2039,Priyanka Chopra Jonas,Arjun Rampal
Don,1978.0,166.0,38,7.8,11591.0,576,207,Zeenat Aman,Pran
Don 2,2011.0,148.0,38,7.1,50435.0,775,2039,Florian Lukas,Om Puri
Don Muthu Swami,2008.0,112.0,172,4.7,60.0,357,1305,Ali Asgar,Arun Bakshi
Dongri Ka Raja,2016.0,139.0,48,3.9,155.0,893,1863,Ashmit Patel,Gashmeer Mahajani
Doodh Aur Apheem,2006.0,83.0,107,6.7,17.0,1113,2310,Nizam Khan,Mohamad Khan
Doodh Ka Karz,1990.0,168.0,44,4.6,118.0,374,871,Neelam Kothari,Prem Chopra
Dooj Ka Chand,1964.0,0.0,282,5.0,8.0,1727,1636,Saroja Devi B.,Chandrashekhar
Door Bell,2017.0,99.0,269,4.0,7.0,101,2134,Nataliya Kozhenova,Nishant Kumar
Door Gagan Ki Chhaon Men,1964.0,153.0,317,8.2,53.0,1305,1068,Supriya Choudhury,Amit Kumar
Door Ka Raahi,1971.0,138.0,269,7.7,47.0,1305,1068,Ashok Kumar,Tanuja
Door Ki Awaaz,1964.0,135.0,409,6.0,33.0,681,946,Saira Banu,Pran
Doordarshan,2020.0,119.0,172,6.2,1336.0,801,1239,Mahie Gill,Dolly Ahluwalia
Dooriyaan,1979.0,0.0,282,6.1,18.0,509,2399,Sharmila Tagore,Shreeram Lagoo
Doosara Aadmi,1977.0,137.0,291,7.0,168.0,2183,2083,Rishi Kapoor,Neetu Singh
Doosri Dulhan,1983.0,153.0,282,6.9,15.0,1381,2434,Sharmila Tagore,Shabana Azmi
Doosri Sita,1974.0,0.0,282,6.2,8.0,846,1752,Romesh Sharma,Jaya Bachchan
Dor,2006.0,147.0,269,7.9,5785.0,1651,418,Shreyas Talpade,Gul Panag
Dosh,2007.0,141.0,224,5.3,13.0,1793,1902,Kulbir Badesron,Pinky Chinoy
Dost,1944.0,0.0,269,6.0,6.0,2602,1266,Husn Banu,Kanhaiyalal Chaturvedi
Dost,1974.0,164.0,269,7.0,222.0,745,632,Hema Malini,Shatrughan Sinha
Dost,1989.0,162.0,1,5.2,36.0,1153,1305,Amala Akkineni,Vikas Anand
Dost Garibon Ka,1989.0,0.0,18,4.3,30.0,559,768,Neelam Kothari,Sumeet Saigal
Dosti,1964.0,163.0,289,8.4,1552.0,2520,2240,Sushil Kumar,Sanjay Khan
Dosti,1946.0,0.0,0,7.1,10.0,1516,1257,0,0
Dosti Dushmani,1986.0,152.0,39,5.7,71.0,2161,390,Bhanupriya,Poonam Dhillon
Dosti Ke Side Effects,2019.0,130.0,269,3.3,46.0,894,1365,Vikrant Anand,Sai Ballal
Dosti Ki Saugandh,1993.0,0.0,39,3.3,6.0,1574,530,Ajinkya Deo,Shakti Kapoor
Dosti: Friends Forever,2005.0,136.0,327,5.5,2462.0,2790,146,Bobby Deol,Kareena Kapoor
Double Boss,2011.0,0.0,1,5.8,21.0,1992,1428,Shivaji Prabhu,Darshan Thoogudeep
Double Cross,1972.0,0.0,84,4.9,24.0,846,2440,Rekha,Madan Puri
Double Cross: Ek Dhoka,2005.0,104.0,162,4.2,44.0,2998,417,Negar Khan,Sahil Khan
Double Dhamaal,2011.0,138.0,165,3.8,3642.0,981,1970,Riteish Deshmukh,Arshad Warsi
Downup the Exit 796,2018.0,102.0,427,8.2,37.0,1043,1701,Ruchika Dhankhar,Aniket Dhawalshankh
Dozakh in Search of Heaven,2015.0,92.0,269,7.0,62.0,3131,728,Roobie,Lalit Mohan Tiwari
Dr. Cabbie,2014.0,101.0,162,6.0,2860.0,1085,2481,Adrianne Palicki,Kunal Nayyar
Dr. Kotnis Ki Amar Kahani,1947.0,124.0,159,6.8,77.0,2580,2065,Jayashree,Keshavrao Date
Dr. Vidya,1962.0,0.0,269,6.5,20.0,2064,1231,Vyjayanthimala,Mumtaz Begum
Dracula,1999.0,92.0,363,3.8,18.0,512,1617,Kiran Kumar,Mohan Joshi
Dracula 2012,2013.0,137.0,363,1.9,128.0,3045,2351,Shraddha Das,Monal Gajjar
Draupadi,1931.0,124.0,269,5.3,6.0,491,1048,Ermeline,Jillo
Dreadlocks Story,2014.0,83.0,261,8.1,8.0,1384,393,David Hinds,Bill 'Blade' Howell
Dream Girl,1977.0,0.0,422,5.9,186.0,1873,377,Dharmendra,Hema Malini
Dream Girl,2019.0,132.0,208,7.0,12276.0,1975,422,Nushrat Bharucha,Annu Kapoor
Dreams... Do Come True,2009.0,110.0,315,6.2,12.0,34,1227,Aashish Chanana,Ashish Chanana
Dreamz: The Movie,2013.0,120.0,269,5.2,15.0,2776,2029,Melissa Biggs,Aiden Angeli
Drishti,1990.0,171.0,269,7.1,84.0,862,663,Shekhar Kapur,Mita Vashisht
Drishyam,2015.0,163.0,224,8.2,74326.0,1723,109,Shriya Saran,Tabu
Drive,2019.0,147.0,38,3.5,6418.0,2898,2299,Jacqueline Fernandez,Vikramjeet Virk
Droh Kaal,1994.0,162.0,336,7.6,390.0,862,1495,Naseeruddin Shah,Mita Vashisht
Drohi,1992.0,130.0,36,5.9,135.0,875,1741,Nagarjuna Akkineni,Urmila Matondkar
Drying for Freedom,2011.0,60.0,251,7.3,22.0,2727,153,0,0
Dubai Return,2005.0,0.0,162,7.0,46.0,84,854,Vijay Maurya,Razak Khan
Dudes in the 10th Century,2003.0,130.0,162,4.6,850.0,976,1523,Iqbal Khan,Anuj Sawhney
Duet,1994.0,156.0,396,6.5,276.0,1146,1561,Ramesh Aravind,Meenakshi Sheshadri
Duhai,1943.0,120.0,0,5.0,7.0,2962,284,Shanta Apte,Noor Jehan
Dukaan: Pila House,2004.0,0.0,327,3.7,11.0,991,1787,Vikas Kalantri,Rambha
Dulaara,1994.0,0.0,165,4.6,262.0,3042,768,Karisma Kapoor,Ranjeet
Dulaara,2015.0,160.0,269,5.2,13.0,2109,41,Rani Chatterjee,Mohini Ghosh
Dulari,1949.0,133.0,396,6.5,31.0,42,2289,Shyam Kumar,Madhubala
Dulha Bikta Hai,1982.0,0.0,342,5.8,25.0,306,1668,Anita Raj,Simple Kapadia
Dulha Dulhan,1964.0,141.0,173,7.1,90.0,2235,1671,Sadhana,Agha
Dulha Mil Gaya,2010.0,152.0,180,4.2,2487.0,1598,2301,Fardeen Khan,Ishita Sharma
Dulhan,1974.0,0.0,269,6.7,31.0,560,581,Agha,Nasir Hussain
Dulhan,1958.0,0.0,269,6.2,5.0,2962,1464,Raaj Kumar,Nanda
Dulhan Banoo Main Teri,1999.0,0.0,50,5.7,35.0,454,344,Beena Banerjee,Sheeba Bhakri
Dulhan Chahi Pakistan Se,2016.0,159.0,43,5.1,19.0,2109,1565,Mukesh Rishi,Subhi Sharma
Dulhan Ek Raat Ki,1967.0,170.0,222,6.7,40.0,612,632,Nutan,Johnny Walker
Dulhan Hum Le Jayenge,2000.0,158.0,180,5.1,3238.0,630,1940,Karisma Kapoor,Om Puri
Dulhan Wahi Jo Piya Man Bhaaye,1977.0,165.0,386,7.9,62.0,1381,1753,Prem Krishan,Madan Puri
Dulhe Raja,1998.0,143.0,162,6.6,2610.0,919,768,Raveena Tandon,Kader Khan
Dum,2003.0,166.0,29,5.6,1597.0,753,2508,Dia Mirza,Atul Kulkarni
Dum Laga Ke Haisha,2016.0,109.0,269,7.3,28.0,2588,422,Bhumi Pednekar,0
Dum Laga Ke Haisha,2015.0,110.0,180,7.5,18540.0,2588,422,Bhumi Pednekar,Sanjay Mishra
Dum Maaro Dum,2011.0,128.0,29,6.2,3860.0,2271,46,Deepika Padukone,Bipasha Basu
Dum: Man Of Power,2000.0,0.0,1,5.1,8.0,496,2428,Atul Kulkarni,Soundarya
Dumkata,2007.0,0.0,138,4.8,13.0,215,836,Mihir Amrutkar,Shubhankar Atre
Duniya,1968.0,0.0,218,7.1,61.0,2863,617,Vyjayanthimala,Balraj Sahni
Duniya,1984.0,169.0,39,7.0,192.0,2183,377,Dilip Kumar,Rishi Kapoor
Duniya Jhukti Hai,1960.0,0.0,291,4.3,7.0,1013,2263,Shyama,Kumkum
Duniya Ka Mela,1974.0,0.0,327,5.2,6.0,1357,1973,Rekha,Mehmood
Duniya Meri Jeb Mein,1979.0,139.0,84,7.0,78.0,2911,2083,Rishi Kapoor,Neetu Singh
Duniya Na Mane,1937.0,166.0,269,6.9,31.0,2580,2063,Keshavrao Date,Vimala Vasishta
Duniya Na Mane,1959.0,0.0,291,5.2,13.0,2944,1564,Mala Sinha,Sheikh Mukhtar
Duniya Rang Rangili,1957.0,0.0,172,5.4,5.0,1392,941,Shyama,Rajendra Kumar
Duniyadari,1977.0,0.0,269,5.9,7.0,2151,1491,Parikshit Sahni,Vinod Mehra
Dunno Y 2... Life Is a Moment,2015.0,95.0,327,6.3,33.0,2916,1977,Zeenat Aman,Kapil Kaustubh Sharma
Dunno Y Na Jaane Kyun...,2010.0,137.0,327,3.7,143.0,2463,2549,Kabir Bedi,Hazel Croney
Duplicate,1998.0,164.0,19,5.6,7174.0,1423,2039,Juhi Chawla,Sonali Bendre
Duplicate Sholay,2002.0,147.0,162,6.5,50.0,1234,1986,Amit Pachori,Dimple
Dur Naheen Manzil,1973.0,0.0,269,6.2,5.0,909,1564,Sanjeev Kumar,Reshma
Durdesh,1983.0,143.0,29,6.2,33.0,188,2083,Sharmila Tagore,Parveen Babi
Durga,2002.0,116.0,269,4.6,17.0,1014,868,Snehal Dabi,Jayaprakash
Durgaa,1985.0,0.0,28,6.3,21.0,2617,810,Raj Babbar,Pran
Durgaa Maa,1986.0,0.0,294,6.7,7.0,1184,449,Shubha Khote,Raj Kiran
Durgamati: The Myth,2020.0,155.0,373,3.8,4976.0,373,481,Mahie Gill,Arshad Warsi
Durgesh Nandini,1956.0,0.0,355,6.5,8.0,434,1564,Ajit,Nalini Jaywant
Dus,1997.0,0.0,1,9.1,44.0,1607,1653,Sanjay Dutt,Salman Khan
Dus Kahaniyaan,2007.0,110.0,269,5.7,1556.0,1529,1971,Apoorva Lakhia,Hansal Mehta
Dus Lakh,1966.0,162.0,178,6.6,44.0,681,1494,Sanjay Khan,Babita Kapoor
Dus Numbri,1976.0,155.0,20,5.6,104.0,1408,1231,Hema Malini,Prem Nath
Dus Tola,2010.0,120.0,172,6.9,301.0,142,1225,Aarti Chhabria,Pallavi Sharda
Dushman,1998.0,145.0,227,6.9,1841.0,2879,978,Sanjay Dutt,Ashutosh Rana
Dushman,1990.0,146.0,39,5.4,38.0,2564,1305,Mandakini,Sadashiv Amrapurkar
Dushman,1938.0,144.0,0,6.8,8.0,1727,968,Leela Desai,Najmul Hussain
Dushman,1957.0,138.0,269,7.1,17.0,2023,617,Usha Kiran,Prabhu Dayal
Dushman Devta,1991.0,0.0,1,4.0,22.0,255,632,Dimple Kapadia,Sonam
Dushman Dost,1981.0,0.0,100,7.1,8.0,2076,1813,Rekha,Shatrughan Sinha
Dushman Duniya Ka,1996.0,153.0,269,4.0,652.0,1532,2319,Laila,Mehmood
Dushman Zamana,1992.0,129.0,77,5.0,25.0,1030,336,Divya Bharti,Gulshan Grover
Dushmani,2002.0,0.0,1,6.6,23.0,972,2192,Ishrat Ali,Raj Babbar
Dushmani: A Violent Love Story,1995.0,156.0,50,4.9,213.0,2457,1017,Bunty Soorma,Sunny Deol
Dushmano Ka Dushman,1984.0,0.0,216,6.0,9.0,1605,155,Chiranjeevi,Kannika
Dushmun,1971.0,177.0,269,7.1,200.0,745,1274,Rajesh Khanna,Mumtaz
Duty,1986.0,0.0,1,4.4,15.0,2231,324,Arun Bakshi,Rakesh Bedi
Duvidha,1973.0,82.0,299,7.0,577.0,1455,793,Manohar Lalas,Ravi Menon
Dvandva,2009.0,51.0,224,6.1,15.0,595,2012,Charudatta Bhagwat,Chetan Dhanani
Dwarkadhish - Kingdom of Krishna,2019.0,0.0,241,8.4,8.0,417,0,0,0
Earth,1998.0,110.0,332,7.7,7523.0,644,19,Nandita Das,Rahul Khanna
Ebn-e-Batuta,2014.0,125.0,424,4.3,27.0,2974,1498,Rajeev Verma,Dev Gohar
Edegarike,2012.0,105.0,218,7.4,199.0,611,77,Atul Kulkarni,Akanksha
Eduruleni Manishi,2001.0,138.0,172,4.5,126.0,2717,867,Nagarjuna Akkineni,Soundarya
Eeb Allay Ooo!,2019.0,98.0,172,7.4,1247.0,1894,2074,Mahender Nath,Nutan Sinha
Eena Meena Deeka,1994.0,133.0,19,4.7,325.0,630,2487,Rishi Kapoor,Juhi Chawla
Eent Ka Jawab Patthar,1982.0,0.0,1,3.0,7.0,1774,2288,Neeta Mehta,Om Prakash
Eeshwar,1989.0,147.0,318,7.2,455.0,1169,1705,Anil Kapoor,Vijayshanti
Ehsaas: The Feeling,2001.0,116.0,327,5.6,95.0,1429,2267,Shabana Raza,Kirron Kher
Ehsan,1970.0,0.0,409,5.8,11.0,2625,946,Anjana Mumtaz,K.N. Singh
Ei8ht Shani,2006.0,0.0,363,4.6,38.0,1253,1677,Meghna Naidu,Gulshan Grover
Eiga Doraemon: Nobita no getsumen tansaki,2019.0,111.0,129,6.8,556.0,1096,2099,Wasabi Mizuta,Sang Hyun Uhm
Eight Days,1946.0,141.0,172,6.5,8.0,614,377,Ashok Kumar,Veera
Eik Dasttak,2007.0,0.0,218,5.0,8.0,2610,194,Kanika Dang,Vasundhara Das
Ek Aadat,2010.0,0.0,165,3.5,8.0,1870,474,Kumar Amit,Charlie
Ek Aasha,2018.0,123.0,269,7.8,10.0,1520,671,Annu Akade,Vijya Laxmi
Ek Aasman Kai Dishayen,1987.0,0.0,1,6.6,16.0,1211,1707,S.M. Zaheer,Chanda
Ek Adhuri Kahani,1972.0,115.0,269,7.7,10.0,1595,2396,Shekhar Chatterjee,Vivek Chatterjee
Ek Ajnabee,2005.0,142.0,29,5.2,1601.0,310,207,Arjun Rampal,Perizaad Zorabian
Ek Ajooba,2000.0,71.0,339,5.7,16.0,2794,1287,Harsh Lunia,Amrish Puri
Ek Alag Mausam,2003.0,120.0,269,6.7,46.0,1177,1394,Rajit Kapoor,Anupam Kher
Ek Anari Do Khiladi,1996.0,0.0,79,4.5,11.0,2222,1792,Balakrishna,Ramya Krishnan
Ek Aur Ek Gyarah,1981.0,153.0,84,6.3,47.0,385,2083,Vinod Khanna,Neetu Singh
Ek Aur Jung,2001.0,0.0,1,5.2,8.0,977,1668,Dharmendra,Siddharth Dhawan
Ek Aur Sikander,1986.0,139.0,39,6.6,18.0,505,1305,Anita Raj,Rakesh Roshan
Ek Aur Visphot,2002.0,0.0,216,3.5,6.0,1396,1181,Kishori Godbole,Raza Murad
Ek Baap Chhe Bete,1978.0,132.0,172,5.5,8.0,1532,1289,Moushumi Chatterjee,Tracy Ali
Ek Baar Chale Aao,1983.0,137.0,269,6.7,13.0,1036,390,Bharat Bhushan,Jankidas
Ek Baar Kaho,1980.0,142.0,291,7.0,41.0,1381,1426,Shabana Azmi,Dilip Dhawan
Ek Baar Phir (Once Again),1980.0,147.0,269,6.3,30.0,3056,2293,Deepti Naval,Pradeep Verma
Ek Bar Mooskura Do,1972.0,0.0,282,6.1,19.0,2156,946,Tanuja,Deb Mukherjee
Ek Battey Do,2020.0,100.0,269,8.5,6.0,2853,55,Monika Chowdhury,Chandra Shekhar Dutta
Ek Bechara,1972.0,109.0,39,4.7,17.0,2331,920,Rekha,Vinod Khanna
Ek Chadar Maili Si,1986.0,133.0,269,7.1,124.0,2769,810,Rishi Kapoor,Poonam Dhillon
Ek Chalis Ki Last Local,2007.0,143.0,93,7.3,4874.0,2459,35,Neha Dhupia,Amit Mistry
Ek Chhotisi Love Story,2002.0,122.0,269,2.9,554.0,2599,1996,Manisha Koirala,Jesse Randhawa
Ek Chitthi Pyar Bhari,1985.0,139.0,269,6.6,14.0,3022,1668,Reena Roy,Agha
Ek Chor Ek Hasina,1987.0,0.0,269,5.3,10.0,1157,2216,Krishna Ghattamaneni,0
Ek Daku Saher Mein,1985.0,133.0,1,3.8,5.0,1204,377,Pradeep Kumar,Suresh Oberoi
Ek Dil Sau Afsane,1963.0,146.0,180,6.4,52.0,1960,1671,Waheeda Rehman,Lalita Pawar
Ek Din 24 Ghante,2003.0,95.0,427,3.9,78.0,236,1652,Ahmed Chaudhary,Nandita Das
Ek Din Achanak,1989.0,105.0,269,7.1,257.0,1595,2031,Shreeram Lagoo,Aparna Sen
Ek Din Bahu Ka,1983.0,0.0,269,5.4,11.0,669,2293,Swapna,Vijay Arora
Ek Din Ka Sultan,1945.0,0.0,303,3.8,5.0,2692,0,0,0
Ek Din... Achanak,2011.0,0.0,336,4.9,17.0,2063,1859,Manasi Joshi Roy,Mohan Kapur
Ek Do Teen Chaar,1980.0,0.0,1,6.2,21.0,3003,617,Shashi Kapoor,Dharmendra
Ek Doctor Ki Maut,1990.0,122.0,151,8.3,1330.0,2886,2031,Pankaj Kapur,Irrfan Khan
Ek Duuje Ke Liye,1981.0,167.0,320,7.5,1081.0,1146,983,Rati Agnihotri,Madhavi
Ek Gaon Ki Kahani,1957.0,137.0,269,6.4,14.0,745,2322,Mala Sinha,I.S. Johar
Ek Ghar,1991.0,100.0,269,7.2,78.0,838,1406,Deepti Naval,Chanda
Ek Ghat Ki Kahani,1987.0,0.0,241,6.9,8.0,856,0,0,0
Ek Gunah Aur Sahi,1980.0,0.0,38,4.6,8.0,3121,2263,Parveen Babi,Gulshan Arora
Ek Haseena Thi Ek Deewana Tha,2017.0,105.0,269,2.5,104.0,2790,2101,Natasha Fernandez,Upen Patel
Ek Hasina Do Diwane,1972.0,140.0,180,5.4,18.0,2331,920,Babita Kapoor,Johnny Walker
Ek Hasina Thi,2004.0,120.0,224,7.5,6992.0,2720,1926,Urmila Matondkar,Seema Biswas
Ek Hi Bhool,1981.0,144.0,291,5.8,136.0,2161,920,Rekha,Nazneen
Ek Hi Maqsad,1988.0,0.0,52,4.9,16.0,1904,1672,Om Puri,Divya Rana
Ek Hi Raasta,1977.0,0.0,269,6.2,25.0,1568,920,Shabana Azmi,Vinod Mehra
Ek Hi Raasta,1993.0,130.0,1,3.4,186.0,647,109,Raveena Tandon,Saeed Jaffrey
Ek Hindustani,2003.0,0.0,1,5.8,39.0,2911,2267,Raveena Tandon,Mohan Joshi
Ek Hota Vidushak,1992.0,145.0,172,7.0,106.0,1020,1311,Satish Alekar,Laxmikant Berde
Ek Jaan Hain Hum,1983.0,151.0,347,6.5,51.0,2102,1732,Avtar Gill,Gulshan Grover
Ek Jhalak,1957.0,0.0,282,7.4,5.0,1204,1564,Rajendra Kumar,Vyjayanthimala
Ek Jugnu,1982.0,0.0,1,3.4,12.0,2340,1712,Radhika Sarathkumar,Sridevi
Ek Kali Muskai,1968.0,120.0,291,6.3,10.0,2976,377,Joy Mukherjee,Meera
Ek Ke Baad Ek,1960.0,0.0,282,6.5,20.0,2023,617,Tarla Mehta,Sharda
Ek Khiladi Ek Haseena,2005.0,143.0,171,5.7,595.0,2816,701,Koena Mitra,Kay Kay Menon
Ek Khilari Bawan Pattey,1972.0,0.0,70,6.3,7.0,2219,619,Laxmi Chhaya,Naqi Jehan
Ek Krantiveer: Vasudev Balwant Phadke,2007.0,126.0,66,6.5,43.0,804,207,Ajinkya Deo,Ramesh Deo
Ek Kunwari Ek Kunwara,1973.0,0.0,108,6.1,14.0,1868,1576,Leena Chandavarkar,Rakesh Roshan
Ek Ladka Ek Ladki,1992.0,162.0,208,5.7,1073.0,3022,1940,Neelam Kothari,Anupam Kher
Ek Ladki Ko Dekha Toh Aisa Laga,2019.0,120.0,180,5.5,3934.0,2615,2189,Anil Kapoor,Rajkummar Rao
Ek Lootera,2001.0,0.0,1,6.1,9.0,1106,632,Prithvi,Durgesh Nandini
Ek Mahal Ho Sapno Ka,1975.0,0.0,282,7.0,65.0,681,377,Dharmendra,Sharmila Tagore
Ek Main Aur Ek Tu,1986.0,138.0,409,6.9,17.0,2226,2083,Rubina,Tanuja
Ek Main Aur Ekk Tu,2012.0,110.0,180,5.7,6485.0,2565,1024,Imran Khan,Zenobia Shroff
Ek Musafir Ek Hasina,1962.0,0.0,24,6.7,49.0,2013,946,Sadhana,Dhumal
Ek Mutthi Aasmaan,1973.0,0.0,282,6.7,12.0,3067,2441,Radha Saluja,I.S. Johar
Ek Nai Paheli,1984.0,0.0,269,6.7,55.0,1146,1636,Hema Malini,Kamal Haasan
Ek Nanhi Munni Ladki Thi,1970.0,136.0,269,6.1,10.0,3079,1358,Bobby,Laxmi Chhaya
Ek Nari Do Roop,1973.0,0.0,323,5.7,7.0,1415,2085,Rashmi Dhawan,Malika
Ek Nari Ek Brahmachari,1971.0,0.0,172,6.3,27.0,1312,1358,Jeetendra,B.B. Bhalla
Ek Naya Itihas,1984.0,0.0,269,8.6,9.0,450,2503,Hema Malini,C.S. Dubey
Ek Naya Rishta,1988.0,0.0,339,6.7,20.0,3056,1819,Raj Kiran,Mazhar Khan
Ek Nazar,1972.0,0.0,327,6.0,95.0,448,207,Jaya Bachchan,Nadira
Ek Number Ka Chor,1990.0,180.0,29,4.0,7.0,2875,29,Mashhoor Amrohi,Mazhar Khan
Ek Paheli,1971.0,131.0,311,6.8,63.0,1675,715,Tanuja,Sanjeev Kumar
Ek Paheli Leela,2015.0,145.0,405,3.7,1700.0,538,2275,Rahul Dev,Mohit Ahlawat
Ek Pal,1986.0,135.0,269,6.9,43.0,1206,2031,Naseeruddin Shah,Farooq Shaikh
Ek Phool Char Kante,1960.0,136.0,180,6.8,46.0,497,2263,Waheeda Rehman,Johnny Walker
Ek Phool Do Mali,1969.0,150.0,289,6.6,207.0,681,1973,Balraj Sahni,Sadhana
Ek Phool Ek Bhool,1968.0,0.0,327,6.2,6.0,1270,619,Zeb Rehman,Sudhir
Ek Phool Teen Kante,1997.0,0.0,162,5.9,16.0,293,2458,Monica Bedi,Sadashiv Amrapurkar
Ek Raat,1968.0,155.0,29,5.8,6.0,2111,2091,Simi Garewal,Ravi Kumar
Ek Raat Shaitan Ke Saath,2004.0,0.0,363,2.7,15.0,574,430,Sapna Sappu,Rajesh Sabharwal
Ek Raaz,1963.0,132.0,162,6.8,30.0,2564,1068,Jamuna,Pran
Ek Rani Aisi Bhi Thi,2013.0,0.0,161,6.1,8.0,868,810,Vinod Khanna,Sachin Khedekar
Ek Saal,1957.0,134.0,291,7.3,37.0,681,377,Madhubala,Johnny Walker
Ek Sainik - The Tale of a warrior,2020.0,45.0,39,8.2,17.0,1898,1593,Shivani Pathak,Priyom Gautam
Ek Sapera Ek Lutera,1965.0,125.0,23,4.9,22.0,1675,715,Kumkum,Sunder
Ek Saudagar,1985.0,0.0,269,5.1,9.0,1762,1556,Kushboo,Rajinikanth
Ek Se Badhkar Ek,1976.0,158.0,19,7.0,44.0,547,377,Raaj Kumar,Sharmila Tagore
Ek Se Badhkar Ek,2004.0,146.0,214,4.4,155.0,1358,2267,Raveena Tandon,Shekhar Suman
Ek Se Bhale Do,1985.0,0.0,20,5.9,22.0,2352,1787,Balwant Dullat,Kumar Gaurav
Ek Se Bure Do,2009.0,180.0,19,4.3,62.0,2892,260,Lankesh Bhardwaj,Snehal Dabi
Ek Se Mera Kya Hoga,2006.0,0.0,409,4.5,15.0,361,1184,Lyvi Rohatgi,Sangeeta Tiwari
Ek Second... Jo Zindagi Badal De...,2010.0,0.0,331,3.2,47.0,1805,482,Nikita Anand,Venita Anand
Ek Shola,1956.0,0.0,180,4.4,9.0,570,1564,Mala Sinha,Shubha Khote
Ek Shriman Ek Shrimati,1969.0,140.0,327,6.6,47.0,497,2083,Babita Kapoor,Rajendranath Malhotra
Ek Sthree,2000.0,115.0,269,5.7,15.0,247,2250,Kashish,Vivek Anand
Ek tha Bhujang,2015.0,73.0,269,6.9,8.0,1578,2527,Siddant Gupta,Pritma Manohar
Ek Tha Hero,2018.0,120.0,282,4.0,5.0,3118,390,Ashwini Kalsekar,Ayush Mahesh Khedekar
Ek Tha Raja,1996.0,150.0,84,3.9,115.0,632,80,Sunil Shetty,Saif Ali Khan
Ek Tha Tiger,2012.0,132.0,80,5.5,31627.0,1193,1940,Katrina Kaif,Girish Karnad
Ek Thi Daayan,2013.0,135.0,371,5.7,4006.0,1231,694,Konkona Sen Sharma,Kalki Koechlin
Ek Thi Larki,1949.0,164.0,269,6.9,18.0,2291,1275,Motilal,Kuldip Kaur
Ek Tho Chance,2009.0,120.0,269,4.4,15.0,2377,220,Ali Fazal,Uttam Halder
Ek Vivaah... Aisa Bhi,2008.0,132.0,327,5.2,448.0,1266,858,Sonu Sood,Anand Abhyankar
Ek: The Power of One,2009.0,140.0,52,4.7,327.0,2440,509,Shriya Saran,Kulbhushan Kharbanda
Ek-Hi-Rasta,1956.0,151.0,269,6.9,52.0,447,377,Meena Kumari,Sunil Dutt
Ekk Deewana Tha,2012.0,136.0,327,5.9,2973.0,826,1590,Amy Jackson,Sachin Khedekar
Ekka Raja Rani,1994.0,0.0,20,4.8,76.0,96,2487,Govinda,Ayesha Jhulka
Ekkees Tareekh Shubh Muhurat,2018.0,97.0,269,5.7,394.0,1816,1975,Mahesh Sharma,Kajal Jain
Ekkees Toppon Ki Salaami,2014.0,140.0,162,6.0,502.0,2236,297,Neha Dhupia,Divyendu Sharma
Eklavya: The Royal Guard,2007.0,105.0,49,6.1,3191.0,3000,207,Saif Ali Khan,Sanjay Dutt
Ekram,2019.0,94.0,269,5.8,21.0,2382,1916,Kunal Sharma,Vandana Chopra
Ekta,2019.0,99.0,368,8.0,36.0,792,1935,Navneet Kaur Dhillon,Avneet Kaur
Elaan,1994.0,146.0,38,5.3,854.0,866,146,Amrish Puri,Madhoo
Elaan,1971.0,144.0,48,6.0,49.0,1158,2489,Rekha,Vinod Khanna
Elaan,2005.0,159.0,84,4.4,698.0,3035,332,Ameesha Patel,John Abraham
Elan,1947.0,133.0,269,6.2,12.0,1530,2286,Munawwar Sultana,Mohammad Afzal
Eli Eli Lama Sabachthani?,2017.0,0.0,216,6.7,18.0,1101,756,Sanal Aman,Rajshri Deshpande
EMI: Liya Hai To Chukana Padega,2008.0,180.0,165,4.2,582.0,2524,1974,Sanjay Dutt,Urmila Matondkar
Enakkul Oruvan,1984.0,149.0,39,6.5,126.0,2340,983,Shobana,Sathyaraj
Encounter Dayanayak,2005.0,145.0,29,5.7,40.0,609,470,Kaushal,Shekar Kotyan
Encounter: The Killing,2002.0,150.0,218,6.1,147.0,127,1406,Dilip Prabhavalkar,Tara Deshpande
Enemmy,2013.0,0.0,29,4.9,225.0,391,2267,Kay Kay Menon,Johnny Lever
English ki taay taay fisss,2020.0,137.0,208,6.1,11.0,2556,103,Manoj Joshi,Leysan Karimova
English Vinglish,2012.0,134.0,173,7.8,34289.0,819,2216,Adil Hussain,Mehdi Nebbou
Ennavo Nadikkaradhu,1991.0,0.0,0,3.6,9.0,2708,0,0,0
Escape from Taliban,2003.0,133.0,112,4.3,164.0,2929,1215,Nawab Shah,Vineeta Malik
Espousal,1974.0,0.0,39,6.1,15.0,1235,1860,Shabana Azmi,Asha Sachdev
Ethirum Puthirum,2001.0,0.0,1,5.1,20.0,2956,1187,Aachi Manorama,Nassar
Evadithe Nakenti,2007.0,170.0,29,6.2,58.0,1091,1685,Samudra V.,Rajasekhar
Evening Shadows,2018.0,102.0,269,7.1,472.0,2710,1327,Ananth Narayan Mahadevan,Devansh Doshi
Everybody Says I'm Fine!,2001.0,103.0,299,5.9,323.0,1999,1814,Koel Purie,Rahul Bose
Evil Eye,2020.0,90.0,368,4.7,2958.0,758,1692,Sarita Choudhury,Sunita Mani
Extra Or Extraordinary,2015.0,0.0,269,7.3,7.0,262,2374,Krish,Om
Extraordinaari,2015.0,144.0,285,3.4,9.0,2785,1843,Abhishek Gupta,Satyajit Sharma
F. M. (Fun Aur Masti),2007.0,0.0,162,8.1,41.0,2533,554,Adnan Sajid Khan,Aziz Naser
F.A.L.T.U,2011.0,120.0,172,4.6,2963.0,2245,342,Riteish Deshmukh,Jackky Bhagnani
Faasle,1985.0,146.0,327,4.5,64.0,3106,2263,Rekha,Rohan Kapoor
Facebook Wala Pyar,2019.0,114.0,327,5.3,27.0,1668,1649,Akhilendra Mishra,Neeta Mohindra
Faisla,1988.0,0.0,35,5.8,11.0,2315,377,Vinod Khanna,Saira Banu
Faisla Main Karungi,1995.0,0.0,1,3.6,8.0,265,2083,Anita Raj,Sadashiv Amrapurkar
Faith Connections,2013.0,115.0,246,7.3,158.0,1781,479,Hatha Yogi Baba,Pant Shirt Baba
Fakira,1976.0,139.0,52,6.5,96.0,559,2083,Shabana Azmi,Asrani
Falak (The Sky),1988.0,166.0,29,6.0,45.0,2599,1736,Jackie Shroff,Shekhar Kapur
Falsafa,2019.0,135.0,52,7.1,16.0,949,1216,Geetanjali Singh,Ridhima Grover
Family of Thakurganj,2019.0,127.0,39,8.4,427.0,1493,1609,Jimmy Sheirgill,Mahie Gill
Family: Ties of Blood,2006.0,150.0,29,5.6,1866.0,2110,207,Akshay Kumar,Bhoomika Chawla
Famous Pandey,2017.0,104.0,269,4.9,8.0,756,1649,Dharmendra Singh,Meher Vij
Fan,2016.0,142.0,52,7.0,43273.0,1451,2039,Sayani Gupta,Shriya Pilgaonkar
Fanaa,2006.0,168.0,50,7.2,31437.0,1352,19,Kajol,Rishi Kapoor
Faraar,1975.0,136.0,29,6.9,314.0,2573,1981,Sharmila Tagore,Amitabh Bachchan
Faraar,1965.0,137.0,408,6.1,8.0,1827,247,Balraj Sahni,Shabnam
Faraib,1983.0,131.0,84,4.5,14.0,2052,1305,Ranjeeta Kaur,Shreeram Lagoo
Fareb,1996.0,147.0,29,4.7,128.0,3035,700,Suman Ranganath,Ashok Lath
Fareb,2005.0,129.0,336,4.1,174.0,659,2096,Manoj Bajpayee,Shamita Shetty
Farishta,1958.0,0.0,219,7.4,5.0,2235,2177,Ashok Kumar,Meena Kumari
Farishta,1968.0,0.0,350,6.6,7.0,1270,619,Nivedita,Master Shahid
Farishta Ya Qatil,1977.0,126.0,39,5.1,14.0,2331,2083,Rekha,Jayshree T.
Farishtay,1991.0,0.0,20,4.8,243.0,265,632,Vinod Khanna,Sridevi
Farz,1967.0,170.0,38,6.2,100.0,2231,920,Babita Kapoor,Aruna Irani
Farz,2001.0,0.0,84,4.3,417.0,2010,2271,Preity Zinta,Jackie Shroff
Farz Aur Kanoon,1982.0,0.0,39,5.5,20.0,1157,920,Hema Malini,Rati Agnihotri
Farz Ki Jung,1989.0,139.0,269,4.3,37.0,1969,2083,Govinda,Neelam Kothari
Fashion,1957.0,148.0,282,8.0,9.0,1382,1564,Manoj Kumar,Mala Sinha
Fashion,2008.0,167.0,327,6.9,11918.0,1413,1623,Kangana Ranaut,Mugdha Godse
Fashionable Wife,1959.0,0.0,282,5.4,5.0,444,914,Abhi Bhattacharya,Anoop Kumar
Fast Forward,2009.0,57.0,48,5.6,46.0,3130,2487,Akshay Kapoor,Rehan Khan
Fastey Fasaatey,2019.0,119.0,327,4.6,119.0,193,486,Ashok Awasthi,V.M. Badola
Fate,1933.0,68.0,327,6.2,12.0,1118,627,Himanshu Rai,Abraham Sofaer
Fate,1943.0,113.0,269,6.6,14.0,1530,1334,Nargis,Chandra Mohan
Fateh,1991.0,0.0,1,5.2,55.0,2876,2031,Sanjay Dutt,Ekta Sohini
Fatso!,2012.0,98.0,191,5.7,432.0,2049,771,Purab Kohli,Ranvir Shorey
Fauj Mein Mauj,2010.0,0.0,162,4.2,16.0,1614,390,Lillete Dubey,Paresh Rawal
Fauji,1995.0,0.0,29,4.5,13.0,1374,1254,Raj Babbar,Suresh Chatwal
Fauji Calling,2021.0,134.0,269,5.4,77.0,33,485,Anil Chouhan,Mugdha Godse
Faulad,1963.0,145.0,6,6.2,19.0,1558,576,Mumtaz,Minoo Mumtaz
Fear,2007.0,0.0,363,3.7,125.0,3035,163,Alisha Baig,Jennifer Butler
Fearless: The Hunterwali Story,1994.0,62.0,241,7.6,7.0,2266,712,0,0
Feast of Varanasi,2016.0,97.0,227,5.5,27.0,2042,70,Holly Gilbert,Tannishtha Chatterjee
Ferrari Ki Sawaari,2012.0,140.0,173,6.4,5138.0,2079,2077,Boman Irani,Ritvik Sahore
'Ferry',1954.0,128.0,282,5.8,28.0,942,617,Archana,Babu
Fever,2016.0,123.0,235,4.7,645.0,2059,1694,Gauahar Khan,Gemma Atkinson
Fida,2004.0,122.0,29,5.5,2470.0,1272,1024,Fardeen Khan,Shahid Kapoor
Fiffty Fiffty,1981.0,136.0,23,6.1,41.0,2641,1703,Tina Ambani,Om Shivpuri
Fight Club: Members Only,2006.0,140.0,28,3.3,1403.0,45,2463,Sunil Shetty,Sohail Khan
Filhaal...,2002.0,151.0,327,5.5,243.0,1529,2320,Sushmita Sen,Sanjay Suri
Film Hi Film,1983.0,133.0,177,5.8,23.0,951,1576,Ramesh Deo,Seema Deo
Film Star,2005.0,145.0,269,5.1,62.0,2879,1176,Priyanshu Chatterjee,Vasundhara Das
Filmistaan,2012.0,117.0,162,7.3,3371.0,1730,2075,Inaamulhaq,Kumud Mishra
Filter Coffee Liquor Cha,2019.0,80.0,269,6.9,9.0,639,1466,Priyanka Sarkar,Usha Uthup
Final Solution,2004.0,218.0,241,8.5,369.0,2140,0,0,0
Finding Fanny,2014.0,102.0,94,5.7,6225.0,954,609,Arjun Kapoor,Naseeruddin Shah
Firaaq,2008.0,101.0,307,7.4,2081.0,1663,846,Nassar,Shahana Goswami
Firangi,2017.0,158.0,172,4.4,1081.0,2098,1008,Ishita Dutta,Monica Gill
Fire,1996.0,104.0,327,7.2,5773.0,644,2031,Nandita Das,Karishma Jhalani
Fire in the Blood,2013.0,87.0,261,7.7,685.0,751,2538,Peter Mugyenyi,Bill Clinton
Fire in the Mountains,2021.0,84.0,269,6.8,26.0,140,2471,Chandan Bisht,Harshita Tiwari
Fired,2010.0,87.0,363,4.4,261.0,2394,1652,Dinesh Lamba,Nassar Abdulla
Fireflies,2013.0,100.0,282,6.2,95.0,2358,1656,Arjun Mathur,Shivaani Ghai
Fireflies in the Abyss,2015.0,88.0,254,7.0,71.0,584,1468,Raj Rai,Suraj Subba
First Love Letter,1991.0,165.0,409,4.8,47.0,2627,2507,Manisha Koirala,Dalip Tahil
First Rank,1990.0,150.0,51,5.3,1110.0,671,617,Aamir Khan,Ekta Sohini
Fitoor,2016.0,131.0,327,5.4,4526.0,67,82,Katrina Kaif,Tabu
Fiza,2000.0,170.0,29,6.1,3894.0,1287,903,Karisma Kapoor,Hrithik Roshan
Flame: An Untold Love Story,2014.0,97.0,269,6.0,11.0,2104,2251,Hrishitaa Bhatt,Kamna Singh Chandel
Flat 211,2017.0,105.0,237,5.1,83.0,2806,913,Sonal Singh,Samonica Shrivastava
Flight,2021.0,116.0,84,8.3,359.0,2819,2498,Babita Ashiwal,Shibani Bedi
Flying Colors,2016.0,84.0,269,6.0,13.0,2031,476,Eknath Kamble,Pawan
Flying Lessons,2007.0,106.0,269,6.3,365.0,786,753,Andrea Miglio Risi,Angel Tom Karumathy
Flying on One Engine,2008.0,51.0,254,7.9,25.0,1128,2072,0,0
Fool N Final,2007.0,144.0,19,3.4,1906.0,104,2271,Shahid Kapoor,Vivek Oberoi
Foot Path,1953.0,148.0,165,7.5,57.0,3135,658,Meena Kumari,Ramesh Thapar
Footfairy,2020.0,115.0,240,5.0,287.0,1227,774,Sagarika Ghatge,Kunaal Roy Kapur
Footpath,2003.0,164.0,29,5.3,824.0,3035,87,Bipasha Basu,Rahul Dev
Force,2011.0,137.0,29,6.5,7301.0,1723,938,Genelia D'Souza,Vidyut Jammwal
Force 2,2016.0,127.0,15,6.2,5048.0,56,938,Sonakshi Sinha,Tahir Raj Bhasin
Foresting Life,2013.0,69.0,247,9.0,6.0,31,0,0,0
Forty Days,1959.0,0.0,1,6.1,9.0,750,1604,Shakila,K.N. Singh
Foto,2007.0,86.0,162,6.4,23.0,3065,2361,Sameer Gupta,Arjun Gokul Jaykrishna
Four Faces of India,1959.0,160.0,269,7.5,57.0,1292,1671,Ajit,Shammi Kapoor
Four Pillars of Basement,2015.0,134.0,76,4.6,19.0,833,2087,Ravi Gadariya,Zakir Husain
Four Two Ka One,2012.0,112.0,162,4.7,52.0,307,864,Jimmy Sheirgill,Rajpal Yadav
Fox,2009.0,145.0,224,5.2,553.0,659,332,Sunny Deol,Udita Goswami
Fraud Saiyaan,2019.0,109.0,172,4.3,677.0,2705,342,Saurabh Shukla,Flora Saini
Freaky Ali,2016.0,120.0,213,4.9,2642.0,2687,1429,Arbaaz Khan,Amy Jackson
Fredrick,2016.0,129.0,84,4.9,19.0,2073,408,Prashant Narayanan,Tulna Butalia
Free Entry,2006.0,0.0,327,5.0,53.0,1234,253,Amit Pachori,Sapna Sappu
Freedom,2014.0,0.0,427,2.9,14.0,3087,593,Payal Ghosh,Ravi Shankar Jaiswal
Friends In Law,2018.0,85.0,162,6.8,48.0,198,2118,Ashlin Harris,Amiran Winter
Friendship,1980.0,152.0,29,6.6,927.0,2013,207,Shatrughan Sinha,Zeenat Aman
Friendship,2008.0,145.0,180,6.5,14142.0,2898,46,John Abraham,Priyanka Chopra Jonas
From Sydney with Love,2012.0,0.0,208,6.2,69.0,1893,485,Sabyasachi Chakrabarty,Ronjini Chakraborty
Frozen,2007.0,109.0,269,7.1,191.0,2631,575,Gauri,Aungchuk
Fruit & Nut,2009.0,90.0,165,2.8,71.0,1355,565,Boman Irani,Mahesh Manjrekar
FryDay,2018.0,114.0,172,5.2,783.0,64,768,Digangana Suryavanshi,Varun Sharma
Fuddu,2016.0,100.0,172,5.4,155.0,2811,2130,Swati Kapoor,Uday Tikekar
Fugly,2014.0,134.0,336,4.7,1008.0,1195,932,Mohit Marwah,Kiara Advani
Fukrey,2013.0,139.0,180,6.9,10762.0,1594,1626,Manjot Singh,Ali Fazal
Fukrey Boyzzz: Space Mein Fukrapanti,2020.0,74.0,139,8.3,6.0,418,1208,Amit Deondi,Ketan Kava
Fukrey Returns,2017.0,141.0,162,6.5,4890.0,1594,1626,Varun Sharma,Ali Fazal
Full Moon,1960.0,169.0,320,7.2,476.0,1392,2511,Guru Dutt,Rehman
Fun: Can Be Dangerous Sometimes,2005.0,138.0,427,3.1,72.0,2468,2150,Aryan Vaid,Payal Rohatgi
Funtoosh,1956.0,0.0,172,7.3,74.0,592,617,Sheila Ramani,K.N. Singh
Future to Bright Hai Ji,2012.0,180.0,269,6.2,97.0,2443,18,Sonal Sehgal,Asrani
G Kutta Se,2017.0,104.0,269,8.3,47.0,2000,1728,Neha Chauhan,Vibha Tyagi
Gaai Aur Gori,1973.0,148.0,282,6.0,17.0,1393,2085,Jaya Bachchan,Bindu
Gaban,1966.0,169.0,225,5.8,50.0,1320,829,Sunil Dutt,Sadhana
Gabbar is Back,2015.0,128.0,19,7.1,23209.0,1981,146,Shruti Haasan,Kareena Kapoor
Gabbar Singh,2007.0,111.0,1,4.8,9.0,1234,203,Shiva Rindani,Sapna Sappu
Gadar: Ek Prem Katha,2001.0,170.0,50,7.2,10264.0,265,2271,Ameesha Patel,Amrish Puri
Gaddaar,1973.0,0.0,216,7.6,60.0,919,2487,Yogeeta Bali,Pran
Gaddaar,1995.0,152.0,50,4.6,96.0,1977,2267,Harish,Sonali Bendre
Gafla,2006.0,127.0,269,7.2,454.0,2409,2180,Anshul Chobey,Nishikant Dixit
Gair,1999.0,148.0,39,3.7,195.0,374,109,Raveena Tandon,Reena Roy
Gair Kaanooni,1989.0,152.0,20,5.3,90.0,1906,2216,Govinda,Kimi Katkar
Gaja Gamini,2000.0,122.0,294,5.0,726.0,1394,1168,Shabana Azmi,Naseeruddin Shah
Gajendra,2004.0,145.0,1,3.5,77.0,2830,1992,Rajat Bedi,Flora
Gali Gali Chor Hai,2012.0,109.0,173,5.1,596.0,2301,149,Mugdha Godse,Satish Kaushik
Galiyon Ka Badshah,1989.0,0.0,271,4.9,29.0,2616,965,Raaj Kumar,Hema Malini
Galiyon Ka Badshah,2001.0,0.0,84,5.6,9.0,1234,862,Hemant Birje,Amisha Desai
"Gallit Gondhal, Dillit Mujra",2009.0,120.0,162,7.3,106.0,1650,1180,Suzanne Bernert,Nagesh Bhonsle
Galti,2021.0,0.0,427,5.6,5.0,469,2124,Kant Arun,0
Gaman,1978.0,119.0,269,7.1,181.0,1623,708,Smita Patil,Gita Siddharth
Gambeeram,2004.0,165.0,19,4.5,62.0,2826,2326,Brahmanandam,Jasper
Gambler,1971.0,154.0,239,6.5,149.0,186,617,Zaheeda,Kishore Sahu
Gambler,1995.0,169.0,19,5.0,356.0,632,768,Shilpa Shetty Kundra,Aditya Pancholi
Game,1993.0,131.0,29,5.1,53.0,260,1406,Aditya Pancholi,Rahul Roy
Game,2011.0,135.0,29,5.2,2175.0,56,46,Kangana Ranaut,Anupam Kher
Game,2007.0,146.0,29,5.3,25.0,2637,2095,Sameer Dharmadhikari,Prashant Narayanan
Game of Ayodhya,2017.0,148.0,254,6.5,8.0,2810,344,Abhay Bhargava,Makrand Deshpande
Game Over,2017.0,140.0,427,7.1,89.0,1801,1829,Rajesh Sharma,Yashpal Sharma
Game Paisa Ladki,2018.0,107.0,269,5.8,8.0,2362,863,Deepans Garge,Ashraf Ul Haq
Gandharvya Kanya,1979.0,0.0,8,4.7,6.0,1771,429,Anita,Anuradha
Gandhi,1982.0,191.0,153,8.0,220118.0,2252,452,John Gielgud,Rohini Hattangadi
Gandhi to Hitler,2011.0,108.0,308,2.5,207.0,2136,406,Raghuvir Yadav,Neha Dhupia
"Gandhi, My Father",2007.0,136.0,153,7.3,1594.0,782,149,Darshan Jariwala,Shefali Shah
Gandhigiri,2016.0,128.0,269,4.6,56.0,2484,1983,Sanjay Mishra,Rishi Bhutani
Gandhiji My Mentor,2016.0,97.0,303,7.6,29.0,1718,254,Deepak Antani,Nilay Dave
Gandhinagar 2nd Street,1986.0,137.0,187,7.6,741.0,2506,1317,Karthika,Sreenivasan
Gandhi's Children,2008.0,185.0,254,8.0,6.0,631,0,0,0
Gang,2000.0,152.0,29,6.1,225.0,1523,871,Nana Patekar,Kumar Gaurav
Gang of Ghosts,2014.0,128.0,192,3.6,376.0,2509,2077,Mahie Gill,Asrani
Gang of Littles,2016.0,112.0,269,5.2,6.0,3014,45,Shehzad Khan,Viju Khote
Ganga,2006.0,102.0,47,4.7,65.0,62,207,Hema Malini,Nagma
Ganga Aur Ranga,1994.0,0.0,1,3.2,8.0,1115,1923,Suresh Chatwal,Anita Chopra
Ganga Aur Suraj,1980.0,157.0,269,6.4,17.0,6,2263,Shashi Kapoor,Reena Roy
Ganga Bani Shola,1992.0,0.0,84,4.5,8.0,1234,718,Jamuna,Goga Kapoor
Ganga Devi,2012.0,0.0,269,5.3,46.0,62,207,Jaya Bachchan,Vinay Bihari
Ganga Jamuna Ki Lalkaar,1991.0,0.0,1,5.0,16.0,1234,2038,Charan Dev,Goga Kapoor
Ganga Ki Kasam,1998.0,0.0,269,4.2,18.0,2865,1305,Jackie Shroff,Deepti Bhatnagar
Ganga Ki Lahren,1964.0,0.0,269,6.5,30.0,684,426,Brahm Bhardwaj,Dharmendra
Ganga Ki Saugand,1978.0,142.0,39,5.4,146.0,2773,207,Rekha,Amjad Khan
Ganga Meri Maa,1983.0,145.0,269,5.7,7.0,2665,2455,Birbal,Danny Denzongpa
Ganga Tera Pani Amrit,1971.0,0.0,269,4.9,11.0,3067,1426,Yogeeta Bali,Nirupa Roy
Ganga Tere Desh Mein,1988.0,0.0,1,4.8,25.0,3020,632,Jaya Prada,Shatrughan Sinha
Gangaa Jamunaa Saraswathi,1988.0,187.0,50,4.6,581.0,1483,207,Mithun Chakraborty,Jaya Prada
Gangaajal,2003.0,157.0,29,7.8,16172.0,1865,109,Gracy Singh,Mohan Joshi
Gangavataran,1937.0,134.0,0,6.7,11.0,1412,645,Chitnis,Suresh Pardesi
Gangobai,2002.0,0.0,1,4.0,11.0,1106,1612,Satnam Kaur,Durgesh Nandni
Gangoobai,2013.0,110.0,282,7.3,296.0,1924,1995,Purab Kohli,Mita Vashisht
Gangotri,2007.0,0.0,29,5.8,33.0,62,207,Bhoomika Chawla,Manoj Tiwari
Gangs of Wasseypur,2012.0,321.0,19,8.2,86355.0,300,1225,Richa Chadha,Nawazuddin Siddiqui
Gangster,1994.0,0.0,52,5.1,59.0,671,1189,Manu Gargi,Anita Ayoob
Gangster,2006.0,123.0,29,7.1,5645.0,298,998,Shiney Ahuja,Emraan Hashmi
Gangvaa,1984.0,126.0,39,5.3,26.0,2046,1712,Shabana Azmi,Sarika
Ganwaar,1970.0,0.0,289,5.9,40.0,1675,2510,Rajendra Kumar,Nishi
Gaon,2018.0,124.0,269,5.3,106.0,824,2034,Neha Mahajan,Dibyendu Bhattacharya
Gaon Hamara Shaher Tumhara,1972.0,127.0,291,6.8,30.0,1675,1696,Rekha,Sujit Kumar
Gaon Ki Gori,1945.0,0.0,269,6.9,9.0,1143,1487,Durga Khote,Nazir
Garajna,1991.0,0.0,1,5.7,28.0,1180,282,Rishi Kapoor,Vinod Khanna
Garam,2005.0,102.0,269,4.5,30.0,1234,1986,Imran,Tanveer
Garam Coat,1955.0,129.0,269,7.3,15.0,184,1464,Jayant,Rashid Khan
Garam Dukaan,2004.0,142.0,427,6.0,12.0,574,86,Shah Gayaz Khan,0
Garam Khoon,1980.0,0.0,1,5.7,9.0,6,2487,Sulakshana Pandit,Ajit
Garam Masala,1972.0,129.0,200,5.8,68.0,402,348,Mehmood,Jeevan
Garam Masala,2005.0,146.0,162,6.7,14431.0,1925,146,John Abraham,Paresh Rawal
Garbage,2018.0,105.0,336,3.4,950.0,1948,2330,Trimala Adhikari,Satarupa Das
Gardish,1993.0,153.0,29,7.4,807.0,1925,871,Amrish Puri,Dimple Kapadia
Garibon Ka Daata,1989.0,0.0,1,4.5,13.0,2173,462,Mithun Chakraborty,Uday Chandra
Garjjanam,2009.0,0.0,29,4.5,12.0,2964,2363,Bhavana,Ashish Vidyarthi
Garm Hava,1974.0,146.0,269,8.1,689.0,1403,443,A.K. Hangal,Gita Siddharth
Gateway of India,1957.0,0.0,165,7.2,43.0,1012,464,Pradeep Kumar,Madhubala
Gattu,2011.0,90.0,269,7.3,398.0,2040,1400,Mohammad Samad,Jayanta Das
Gauraiya,2014.0,125.0,216,7.0,64.0,2075,1009,Karamveer Choudhary,Vijay Jora
Gaurav Gupta: Market Down Hai,2021.0,50.0,162,7.5,226.0,1706,733,0,0
Gauri,1943.0,0.0,0,8.5,8.0,1293,1331,Prithviraj Kapoor,Raj Kapoor
Gauri,1968.0,152.0,282,6.5,40.0,1,2263,Nutan,Sanjeev Kumar
Gauri: The Unborn,2007.0,98.0,313,3.5,109.0,168,1312,Anupam Kher,Atul Kulkarni
Gauru: Journey of Courage,2016.0,124.0,339,8.8,85.0,2186,878,Vedshree Rao,Ila Arun
Gautam Govinda,1979.0,131.0,29,6.0,58.0,2731,2083,Shatrughan Sinha,Moushumi Chatterjee
Gautam Govinda,2002.0,119.0,1,2.7,11.0,825,862,Mithun Chakraborty,Pinky Chinoy
Gautama the Buddha,1967.0,0.0,241,7.4,9.0,526,0,0,0
Gawaahi,1989.0,111.0,401,5.6,36.0,236,2549,Vikram Gokhale,Ashutosh Gowariker
Gayab,2004.0,138.0,301,4.2,781.0,1905,2377,Antara Mali,Raghuvir Yadav
Geet,1970.0,0.0,34,7.1,98.0,2165,1696,Mala Sinha,Nasir Hussain
Geet,1992.0,151.0,269,5.9,56.0,1805,411,Divya Bharti,Laxmikant Berde
Geet Gaata Chal,1975.0,130.0,173,6.9,108.0,951,1899,Sarika,Urmila Bhatt
Geet Gaaya Pattharon Ne,1964.0,0.0,320,6.4,92.0,2580,920,Rajshree,Bharathi
Geetaa Mera Naam,1974.0,0.0,52,6.9,57.0,2375,2263,Sadhana,Feroz Khan
Geetanjali,1993.0,150.0,269,6.0,45.0,2564,920,Rekha,Vijay Arora
Gehra Daag,1963.0,0.0,225,7.1,27.0,1743,1696,Mala Sinha,Madan Puri
Gehra Raaz,1996.0,0.0,363,4.8,12.0,2174,1939,Harbans Darshan M. Arora,Raj Babbar
Gehrayee,1980.0,135.0,309,6.8,148.0,3032,349,Shreeram Lagoo,Anant Nag
Gehri Chaal,1973.0,147.0,38,5.4,127.0,562,920,Hema Malini,Amitabh Bachchan
Gemeni,2002.0,0.0,1,6.2,6.0,2986,979,Namitha,0
Gemini,2002.0,150.0,19,6.1,910.0,2492,2460,Kiran Rathod,Kalabhavan Mani
Genesis,1986.0,105.0,269,6.7,113.0,1595,2031,Naseeruddin Shah,Om Puri
Genius,2018.0,165.0,84,5.3,1823.0,265,2395,Ishita Chauhan,Mithun Chakraborty
Gentleman,1989.0,139.0,168,4.9,42.0,3051,768,Anuradha Patel,Shakti Kapoor
Geraftaar,1985.0,167.0,39,6.1,435.0,1906,983,Poonam Dhillon,Madhavi
Ghaath,2000.0,0.0,227,4.7,141.0,149,1225,Tabu,Om Puri
Ghaav: The Wound,2002.0,0.0,29,5.4,16.0,1345,1513,Rahul Bhatt,Seema Biswas
Ghajini,2008.0,186.0,49,7.3,57604.0,17,19,Asin Thottumkal,Jiah Khan
Ghamandee,1981.0,0.0,269,4.8,13.0,2174,1305,Chandrashekhar,Leena Das
Ghanchakkar,2013.0,137.0,171,5.8,4797.0,2015,694,Vidya Balan,Rajesh Sharma
Ghar,1978.0,121.0,327,7.0,192.0,1459,776,Vinod Mehra,Rekha
Ghar Aaya Mera Pardesi,1993.0,0.0,275,4.7,13.0,2237,411,Varsha Usgaonkar,Bhagyashree
Ghar Basake Dekho,1963.0,139.0,172,5.8,16.0,1307,1231,Sudesh Kumar,Randhir
Ghar Bazar,1998.0,130.0,29,4.4,10.0,615,2094,Natasha Shailendra,Sharmila Tagore
Ghar Dwaar,1985.0,153.0,269,7.1,42.0,1207,2333,Sachin Pilgaonkar,Raj Kiran
Ghar Ek Mandir,1984.0,156.0,269,5.5,75.0,1147,2083,Moushumi Chatterjee,Mithun Chakraborty
Ghar Ghar Ki Kahani,1988.0,155.0,172,4.9,207.0,1207,768,Farha Naaz,Rishi Kapoor
Ghar Ghar Ki Kahani,1970.0,120.0,282,7.6,67.0,2863,443,Nirupa Roy,Bharathi
Ghar Grihasti,2004.0,142.0,282,4.0,130.0,1433,101,Sulabha Arya,Sajid Sheikh
Ghar Ho To Aisa,1990.0,155.0,269,6.0,360.0,1207,251,Meenakshi Sheshadri,Raj Kiran
Ghar Jamai,1992.0,148.0,184,5.8,25.0,337,1841,Birbal,Mithun Chakraborty
Ghar Ka Chiraag,1989.0,158.0,269,5.9,65.0,2677,1703,Neelam Kothari,Chunky Panday
Ghar Ka Chirag,1967.0,157.0,269,6.6,13.0,1029,37,Biswajit Chatterjee,Dharmendra
Ghar Ka Sukh,1987.0,94.0,282,6.6,11.0,1207,2113,Bharat Bhushan,Sudhir Dalvi
Ghar Ki Izzat,1948.0,136.0,282,5.7,24.0,2144,1361,Jeevan,Gope
Ghar Ki Izzat,1994.0,0.0,172,4.7,57.0,1207,920,Rishi Kapoor,Anita Raj
Ghar Ki Laaj,1960.0,0.0,282,3.8,5.0,2962,2177,Feroz Khan,Nirupa Roy
Ghar Mein Raam Gali Mein Shyam,1996.0,0.0,162,5.3,12.0,2986,2209,Vineetha,0
Ghar Mein Ram Gali Mein Shyam,1988.0,136.0,283,4.7,43.0,2736,449,Rita Bhaduri,Govinda
Ghar Parivaar,1991.0,0.0,269,4.9,38.0,1574,1703,Rishi Kapoor,Raj Kiran
Ghar Pe Bataao,2021.0,72.0,269,7.6,43.0,1705,2016,Priyanka Sonawane Hedau,0
Ghar Sansar,1986.0,0.0,172,5.2,64.0,1147,920,Sridevi,Kader Khan
Ghar Sansar,1958.0,0.0,282,6.8,21.0,2962,443,Nargis,Rajendra Kumar
Gharana,1961.0,154.0,173,7.1,53.0,2348,1696,Raaj Kumar,Bipin Gupta
Gharana,1989.0,0.0,269,5.3,70.0,1160,2120,Tanuja,Rishi Kapoor
Gharaonda,1977.0,141.0,327,6.9,196.0,509,214,Zarina Wahab,Sadhu Meher
Gharwali Baharwali,1998.0,138.0,162,4.6,640.0,630,251,Raveena Tandon,Rambha
Gharwali Baharwali,1988.0,0.0,339,4.3,9.0,2719,708,Anuradha Patel,Kim
Ghashiram Kotwal,1976.0,108.0,161,6.7,71.0,1150,1204,Saeed Akhtar Mirza,Kamal Swaroop
Ghat Ghat Ka Paani,2017.0,68.0,241,7.8,9.0,148,0,0,0
Ghatak: Lethal,1996.0,158.0,39,7.4,3326.0,2110,2271,Meenakshi Sheshadri,Danny Denzongpa
Ghatothkach,2008.0,91.0,144,6.9,55.0,2680,2260,Shreya Ghoshal,Mahalakshmi Iyer
Ghatotkachudu,1995.0,0.0,174,7.0,100.0,2351,1765,Satyanarayana Kaikala,Roja
Ghayal,1990.0,163.0,29,7.6,4114.0,2110,2271,Amrish Puri,Meenakshi Sheshadri
Ghayal Once Again,2016.0,127.0,29,6.3,4960.0,2815,2271,Soha Ali Khan,Om Puri
Ghayal Sherni,1988.0,0.0,38,5.4,11.0,1147,347,Jayanthi,Satyanarayana Kaikala
Ghazab,1982.0,162.0,20,6.8,137.0,559,2027,Dharmendra,Krishan Dhawan
Ghazab Tamasha,1992.0,144.0,208,5.4,27.0,2200,1660,Anu Agrawal,Tanuja
Gho Gho Rani,2019.0,105.0,362,9.4,47.0,1612,1470,Pankaj Kamal,Akash Kumar
Ghoomketu,2020.0,108.0,162,5.5,2708.0,1944,1429,Ragini Khanna,Richa Chadha
Ghoonghat,1997.0,120.0,20,5.4,27.0,598,847,Ayesha Jhulka,Arun Bakshi
Ghost,2012.0,118.0,363,2.3,225.0,1932,2098,Sayali Bhagat,Julia Bliss
Ghost,2019.0,130.0,373,5.0,1288.0,3035,1956,Shivam Bhaargava,Vikram Bhatt
Ghost Stories,2020.0,144.0,373,4.3,4620.0,3137,651,Karan Johar,Anurag Kashyap
Ghost Story - An Abstract Film,2020.0,0.0,363,8.4,8.0,3138,709,Samidha Kiran,Aabid Shamim
Ghulam,1998.0,162.0,29,7.3,10997.0,3035,19,Rani Mukerji,Rajit Kapoor
Ghulam Begam Badshah,1973.0,123.0,282,6.2,8.0,1050,2085,Anil Dhawan,Moushumi Chatterjee
Ghulam Begum Badshah,1956.0,124.0,303,6.6,5.0,1133,570,Malika,Nishi
Ghulam-E-Musthafa,1997.0,162.0,29,6.6,1120.0,1805,1390,Raveena Tandon,Paresh Rawal
Ghulami,1985.0,199.0,39,7.2,474.0,1018,632,Mithun Chakraborty,Naseeruddin Shah
Ghunghat,1960.0,0.0,282,6.7,27.0,2165,1564,Bina Rai,Bharat Bhushan
Ghungroo,1983.0,0.0,282,5.7,47.0,2158,2166,Shashi Kapoor,Kunal Goswami
Ghungroo Ki Awaaz,1981.0,138.0,408,6.3,34.0,2666,2371,Vijay Anand,Rekha
Ghutan,2007.0,126.0,363,4.9,51.0,2666,363,Tarun Arora,Pooja Bharti
Giddh: The Vulture,1984.0,103.0,269,6.8,64.0,2870,1495,Smita Patil,Nana Patekar
Ginny Aur Johnny,1976.0,0.0,173,7.3,84.0,1532,1289,Baby Ginni,Amjad Khan
Ginny Weds Sunny,2020.0,125.0,180,5.7,3872.0,1936,2516,Vikrant Massey,Ayesha Raza
Gippi,2013.0,95.0,172,5.6,790.0,2694,58,Anjali,Faraz Ansari
Giraftaari,1991.0,0.0,1,5.4,10.0,1925,173,Nagarjuna Akkineni,Sharat Saxena
Girl Friend,1960.0,0.0,409,7.7,6.0,2520,1068,Waheeda Rehman,Nasir Hussain
Girlfriend,2004.0,126.0,269,3.2,344.0,1253,858,Aashish Chaudhary,Amrita Arora
Girls' Hostel,1962.0,0.0,269,4.4,9.0,2235,119,Nalini Jaywant,Johnny Walker
Glamour Girl,2000.0,123.0,216,2.1,23.0,2127,1067,Dolly Bindra,Poonam Dasgupta
Global Baba,2016.0,120.0,427,5.6,184.0,1497,1517,Sandeepa Dhar,Abhimanyu Singh
Go,2007.0,110.0,225,2.7,144.0,1475,735,Priyanka Kothari,Kay Kay Menon
Go Goa Gone,2013.0,111.0,4,6.7,11942.0,1324,1673,Saif Ali Khan,Kunal Khemu
Goa Dalli CID 999,1968.0,145.0,240,8.1,76.0,703,1716,Sabitha Perara,Lakshmi
God and Gun,1995.0,0.0,269,5.1,27.0,760,1636,Jackie Shroff,Gautami
God of gods,2019.0,90.0,241,9.3,46.0,2985,2348,Triyug Mantri,Raj Singh Verma
God Only Knows!,2007.0,0.0,162,5.6,54.0,498,266,Dilip Prabhavalkar,Viju Khote
God Tussi Great Ho,2008.0,152.0,174,3.6,3998.0,2301,207,Salman Khan,Priyanka Chopra Jonas
Godaan,1963.0,110.0,269,7.0,58.0,2918,1636,Kamini Kaushal,Shashikala
Godam,1983.0,140.0,269,7.1,37.0,714,2010,Madan Jain,Achyut Potdar
Godmother,1999.0,150.0,227,6.7,202.0,3044,2031,Milind Gunaji,Nirmal Pandey
Gogola,1966.0,0.0,424,7.0,5.0,468,423,Nayam Palli,Polson
Gokul,1985.0,0.0,269,6.4,9.0,346,670,Manoj Mitra,Tanuja
Gola Barood,1989.0,0.0,29,3.5,26.0,630,2085,Kimi Katkar,Chunky Panday
GOLD,2018.0,151.0,306,7.3,11932.0,2241,146,Mouni Roy,Kunal Kapoor
Golden Eyes Secret Agent 077,1968.0,136.0,35,6.3,12.0,1221,1358,Sailesh Kumar,B.M. Vyas
Golimar,2010.0,160.0,38,5.9,506.0,1939,2363,Priyamani,Roja
Golmaal 3,2010.0,155.0,18,5.5,7644.0,2282,1305,Ajay Devgn,Kareena Kapoor
Golmaal Again,2017.0,140.0,21,5.0,8423.0,2282,109,Arshad Warsi,Tabu
Golmaal Returns,2008.0,135.0,169,5.1,7236.0,2282,109,Kareena Kapoor,Arshad Warsi
Golmaal: Fun Unlimited,2006.0,150.0,20,7.4,15556.0,2282,109,Arshad Warsi,Sharman Joshi
Gomti Ke Kinare,1972.0,0.0,282,6.0,20.0,2357,90,Jalal Agha,Harbans Darshan M. Arora
Gone Kesh,2019.0,110.0,172,7.0,1222.0,1947,2139,Alisha,Deepika Amin
"Good Boy, Bad Boy",2007.0,115.0,199,3.8,1710.0,396,2377,Emraan Hashmi,Isha Sharvani
Good Luck!,2008.0,0.0,172,3.0,17.0,86,364,Sayali Bhagat,Sharat Saxena
Good Newwz,2019.0,134.0,162,6.9,15644.0,2018,146,Kareena Kapoor,Diljit Dosanjh
Gooli,2008.0,138.0,50,6.4,80.0,1760,2231,Mamta Mohandas,Kishore Kumar G.
Goonga Pehelwan,2014.0,46.0,250,8.4,14.0,3089,1588,Mit Jani,0
Goonj,1989.0,142.0,48,5.8,44.0,1049,1100,Juhi Chawla,Tinnu Anand
Goonj,1974.0,0.0,29,5.7,15.0,2350,1735,Reena Roy,Mahendra Sandhu
Goonj Uthi Shehnai,1959.0,174.0,396,7.6,32.0,3005,1696,Ameeta,Anita Guha
Goopi Gawaiya Bagha Bajaiya,2013.0,79.0,138,7.0,118.0,2619,83,Manish Bhawan,Vishal Kumar
Gopal Krishna,1938.0,132.0,0,6.6,10.0,3078,2090,Ram Marathe,Shanta Apte
Gopal Krishna,1979.0,132.0,350,6.9,33.0,3023,1899,Zarina Wahab,Manher Desai
Gopalaa,1994.0,0.0,1,2.9,9.0,145,560,Shilpa Shirodkar,Kiran Kumar
Gopi,1970.0,143.0,20,7.0,195.0,1,658,Saira Banu,Pran
Gopi Kishan,1994.0,161.0,20,5.5,814.0,1601,2267,Karisma Kapoor,Shilpa Shirodkar
Gopichand Jasoos,1982.0,150.0,214,5.9,124.0,1675,1671,Zeenat Aman,I.S. Johar
Gopinath,1948.0,155.0,269,7.4,38.0,1426,1124,Raj Kapoor,Tripti Mitra
Gora Aur Kala,1972.0,128.0,20,5.0,102.0,1675,1696,Hema Malini,Rekha
Goraa,1987.0,0.0,39,4.9,16.0,669,1703,Sulakshana Pandit,Raj Kiran
Gori Tere Pyaar Mein!,2013.0,150.0,180,4.9,3609.0,1938,843,Kareena Kapoor,Nizhalgal Ravi
Gour Hari Dastaan: The Freedom File,2015.0,114.0,151,7.4,533.0,240,2476,Konkona Sen Sharma,Ranvir Shorey
Govindha Govindha,1993.0,145.0,29,6.7,326.0,2147,1379,Sridevi,Kota Srinivasa Rao
GRADE,2017.0,64.0,269,6.1,27.0,294,1340,Swati Ghosh,Mrinalini Chatterjee
Grahan,2001.0,110.0,218,5.1,85.0,2599,871,Manisha Koirala,Anupama Verma
Grahasthi,1984.0,0.0,269,5.6,14.0,1886,2530,Bharat Bhushan,Ramesh Deo
Grahasti,1963.0,154.0,282,6.8,35.0,1307,377,Nirupa Roy,Pushpavalli
Grand Masti,2013.0,137.0,183,4.4,5921.0,981,1842,Vivek Oberoi,Aftab Shivdasani
Great Grand Masti,2016.0,134.0,174,3.6,2393.0,981,2391,Riteish Deshmukh,Vivek Oberoi
Great Target,1991.0,0.0,1,4.7,6.0,744,1573,Ashima Bhalla,Biswajit Chatterjee
Greater Elephant,2012.0,90.0,162,5.7,47.0,2716,834,Naveen Kaushik,Rajiv Mishra
Griha Pravesh,1979.0,134.0,327,6.9,102.0,475,1981,Sharmila Tagore,Sarika
Grihalakshmi - The Awakening,2019.0,70.0,339,8.7,20.0,348,0,0,0
GST - Galti Sirf Tumhari,2017.0,0.0,269,4.7,6.0,2838,1424,Poonam Pandey,Manisha Thakur
Guddi,1971.0,121.0,278,7.2,1028.0,963,632,Jaya Bachchan,Sumita Sanyal
Guddu,1995.0,160.0,327,4.2,2248.0,1911,613,Mukesh Khanna,Manisha Koirala
Guddu Ki Gun,2015.0,130.0,162,4.7,672.0,2605,2064,Kunal Khemu,Payel Sarkar
Guddu Rangeela,2015.0,124.0,172,5.3,864.0,2732,342,Amit Sadh,Ronit Roy
Gudgudee,1997.0,138.0,396,4.2,336.0,476,297,Pratibha Sinha,Jugal Hansraj
Gudia,1997.0,139.0,269,6.7,49.0,856,1305,Nandana Sen,Pran
Guest House,1959.0,0.0,401,6.1,8.0,2235,119,Shakila,Pran
Guest House,1980.0,0.0,363,6.1,45.0,2666,2371,Prem Krishan,Padmini Kapila
Guest iin London,2017.0,132.0,162,5.4,1770.0,394,1028,Kriti Kharbanda,Paresh Rawal
Guide,1965.0,120.0,320,8.4,7629.0,3003,617,Waheeda Rehman,Leela Chitnis
Guilty,2020.0,119.0,336,5.4,3919.0,2296,1050,Taher Shabbir,Akansha Ranjan Kapoor
Gul Makai,2020.0,132.0,159,2.4,213.0,213,1811,Divya Dutta,Atul Kulkarni
Gulaab Gang,2014.0,139.0,39,6.1,2078.0,2701,1168,Juhi Chawla,Divya Jagdale
Gulaal,2009.0,140.0,227,8.1,14239.0,300,1040,Raj Singh Chaudhary,Raja Chaudhary
Gulabi Gang,2012.0,96.0,241,7.5,209.0,1725,1954,Ram Dulari,Devrati
Gulabi Raaten,1990.0,0.0,216,4.4,7.0,1763,623,Raj Mohan,Pramila
Gulabo Sitabo,2020.0,124.0,172,6.3,11364.0,2644,207,Ayushmann Khurrana,Vijay Raaz
Gully Boy,2019.0,154.0,316,8.0,33901.0,3137,2447,Nakul Roshan Sahdev,Ranveer Singh
Gully Life: The Story of Divine,2019.0,0.0,248,9.1,15.0,159,0,0,0
Gumnaam,1965.0,151.0,326,7.0,1456.0,2033,1391,Manoj Kumar,Pran
Gumnaam: The Mystery,2008.0,107.0,28,3.7,94.0,1698,666,Mahima Chaudhry,Suman Ranganath
Gumnaami,2019.0,142.0,45,7.8,1695.0,2713,1578,Anirban Bhattacharya,Tanushree Chakraborty
Gumnam Hai Koi,2001.0,0.0,427,2.4,22.0,1175,2172,Rani Sinha,Meenakshi
Gumnam Qatil,2001.0,0.0,363,2.8,6.0,910,2535,Mahesh Raaj,Ghanshyam Rohera
Gumrah,1963.0,155.0,327,6.9,147.0,447,377,Mala Sinha,Sunil Dutt
Gumrah,1976.0,0.0,77,4.4,14.0,1460,1813,Subhash Ghai,Danny Denzongpa
Gumrah,1993.0,149.0,29,6.2,700.0,1423,1970,Sridevi,Anupam Kher
Gumsum,1982.0,0.0,269,5.6,5.0,634,345,Madhu Kapoor,Shakti Kapoor
Gunaah,1993.0,117.0,84,4.7,83.0,1423,2271,Dimple Kapadia,Sumeet Saigal
Gunaah,2002.0,135.0,227,3.3,356.0,216,499,Dino Morea,Ashutosh Rana
Gunah Aur Kanoon,1970.0,110.0,216,5.6,7.0,448,1981,Kumkum,Sailesh Kumar
Gunahon Ka Devta,1967.0,154.0,269,5.8,20.0,684,1289,Jeetendra,Rajshree
Gunahon Ka Devta,1990.0,149.0,1,5.1,16.0,1269,1305,Sangeeta Bijlani,Aditya Pancholi
Gunahon Ka Faisla,1988.0,169.0,1,4.9,14.0,2617,2085,Dimple Kapadia,Chunky Panday
Gunda,1969.0,136.0,29,6.7,32.0,1558,1465,Master Bhagwan,Shakeela Bano Bhopali
Gunda,1998.0,129.0,19,7.3,9990.0,1234,1305,Mukesh Rishi,Mohan Joshi
Gunda Gang,1992.0,0.0,1,8.1,39.0,1310,1313,Charan Raj,Vijayshanti
Gundaraj,1995.0,140.0,1,4.2,345.0,866,109,Amrish Puri,Kajol
Gunday,2014.0,152.0,48,2.4,58144.0,173,1778,Arjun Kapoor,Priyanka Chopra Jonas
Gunehgaar,1980.0,0.0,1,5.6,34.0,2006,1836,Parveen Babi,Rajendra Kumar
Gunehgar,1995.0,125.0,269,4.1,40.0,3035,395,Ishrat Ali,Pooja Bhatt
Gunehgar the Criminal,1982.0,0.0,1,4.4,5.0,1212,2219,0,0
Gunga Jumna,1961.0,178.0,48,7.6,523.0,1727,658,Vyjayanthimala,Nasir Khan
Gunjan Saxena: The Kargil Girl,2020.0,112.0,17,5.3,25005.0,2586,887,Pankaj Tripathi,Angad Bedi
Guns of Banaras,2020.0,134.0,1,6.8,41.0,2614,1021,Nathalia Kaur,Ganesh Venkatraman
Gunwali Dulhaniya,2019.0,114.0,208,3.5,20.0,2579,997,Mayur Kumar,Elvis Chaturvedi
Gupt: The Hidden Truth,1997.0,173.0,35,7.3,4687.0,2103,509,Kajol,Manisha Koirala
Gurgaon,2016.0,107.0,240,6.5,1883.0,2577,147,Pankaj Tripathi,Aamir Bashir
Guru,1989.0,174.0,216,5.5,113.0,2935,1305,Sridevi,Shakti Kapoor
Guru,1980.0,159.0,29,6.7,481.0,970,983,Sridevi,Y.G. Mahendran
Guru,2003.0,162.0,1,5.6,75.0,2855,1305,Kaushik Banerjee,Rachana Banerjee
Guru,2007.0,166.0,269,7.7,22476.0,1456,1305,Abhishek Bachchan,Aishwarya Rai Bachchan
Guru Ho Jaa Shuru,1979.0,0.0,29,5.5,8.0,2625,377,Mahendra Sandhu,Prema Narayan
Guru Mahaaguru,2002.0,0.0,39,4.5,8.0,2865,449,Kishore Anand Bhanushali,Birbal
Guru Sishyan,1988.0,139.0,18,7.1,382.0,2340,1712,Prabhu,Gautami
Guru Sishyan,2010.0,150.0,409,2.7,18.0,2397,181,Shruti Marathe,Sathyaraj
Guru Suleman Chela Pahelwan,1981.0,134.0,18,6.0,7.0,1982,576,Mehmood,Bindu
Gurudev,1993.0,147.0,50,4.9,150.0,3054,1836,Sridevi,Anil Kapoor
Gustakhi Maaf,1969.0,136.0,162,6.6,9.0,2014,1717,Tanuja,Sanjeev Kumar
Guy in the blue,2015.0,86.0,405,6.7,7.0,153,888,Varsha Varsha,Uma Verma
Guzaarish,2010.0,126.0,327,7.5,17631.0,2458,831,Aishwarya Rai Bachchan,Shernaz Patel
Gyara Hazar Ladkian,1962.0,152.0,269,5.8,5.0,1292,1182,Bharat Bhushan,Helen
Haadsaa,1983.0,0.0,84,5.0,23.0,150,135,Ranjeeta Kaur,Smita Patil
Haal-e-Dil,2008.0,124.0,327,3.4,240.0,252,206,Nakuul Mehta,Adhyayan Suman
Haan Maine Bhi Pyaar Kiya,2002.0,174.0,320,3.7,1277.0,694,146,Karisma Kapoor,Abhishek Bachchan
Haar Jeet,1940.0,0.0,0,7.0,8.0,185,994,Pahadi Sanyal,Meera Dutta
Haar Jeet,1972.0,0.0,269,5.1,11.0,559,1817,Radha Saluja,Anil Dhawan
Haar Jeet,1990.0,0.0,52,3.1,8.0,419,942,Kabir Bedi,Sudhir Dalvi
Haasil,2003.0,160.0,225,7.6,2808.0,2909,932,Hrishitaa Bhatt,Irrfan Khan
Haat - The Weekly Bazaar,2011.0,102.0,269,5.7,14.0,2531,675,Mukesh Tiwari,Archana Puran Singh
Haath Ki Safai,1974.0,137.0,39,6.3,104.0,1868,1764,Vinod Khanna,Simi Garewal
Haathi Ka Anda,2002.0,75.0,90,6.2,11.0,342,2372,Parzaan Dastur,Amin Gazi
Haathi Mere Saathi,1971.0,170.0,289,6.9,1148.0,1393,1703,Tanuja,David Abraham
Haathkadi,1982.0,156.0,344,5.4,28.0,2824,1981,Reena Roy,Shatrughan Sinha
Haathkadi,1995.0,156.0,20,4.2,131.0,2161,768,Shilpa Shetty Kundra,Madhoo
Haathon Ki Lakeeren,1986.0,139.0,386,7.3,42.0,592,1981,Zeenat Aman,Jackie Shroff
Haatim Tai,1990.0,125.0,299,5.8,314.0,459,920,Sangeeta Bijlani,Sonu Walia
Habari,1979.0,0.0,1,6.7,9.0,2616,1170,Priti Sapru Walia,Narendra Nath
Hacked,2020.0,118.0,427,4.3,1208.0,3035,825,Sid Makkar,Rohan Shah
Hadh Kar Di Aapne,2000.0,134.0,208,5.3,1754.0,1490,768,Rani Mukerji,Johnny Lever
Hadh: Life on the Edge of Death,2001.0,0.0,29,4.0,13.0,2904,2180,Shama Deshpande,Vikram Gokhale
Hafta Bandh,1991.0,0.0,1,4.2,19.0,649,871,Varsha Usgaonkar,Aditya Pancholi
Hafta Vasuli,1998.0,140.0,1,4.9,25.0,649,871,Aditya Pancholi,Ayub Khan
Haggada Kone: End of the Rope,2014.0,102.0,269,8.4,52.0,633,1423,Suchendra Prasad,Mohan
Hai Apna Dil Toh Awara,2016.0,120.0,162,6.1,18.0,1588,1918,Divya Chouksey,Sareh Far
Hai Golmaal in White House,2015.0,125.0,162,2.5,8.0,2399,344,Krishna Bhatt,Rajesh Chowdhury
Hai Kaun Woh,1999.0,0.0,363,2.8,6.0,2373,1750,Rachna Goel,Mohan Joshi
Hai Meri Jaan,1991.0,0.0,282,5.4,8.0,2292,464,Birbal,Anil Dhawan
Haider,2014.0,160.0,29,8.1,51354.0,3070,2043,Tabu,Shraddha Kapoor
Hair is Falling: A Serious Comedy Film,2011.0,120.0,172,5.3,31.0,2994,1700,Sanjana Tiwari,Priyanka
Haisiyat,1984.0,185.0,50,4.9,26.0,1669,920,Jaya Prada,Pran
Haiwan,1977.0,107.0,395,6.1,10.0,2156,1864,Ram Rano,Laxmi Chhaya
Halaal Ki Kamai,1988.0,0.0,339,4.1,18.0,2858,768,Farha Naaz,Sonika Gill
Halahal,2020.0,97.0,224,7.1,1441.0,2192,447,Sachin Khedekar,Manu Rishi Chadha
Halaku,1956.0,122.0,108,6.8,36.0,612,1274,Ajit,Pran
Half Girlfriend,2017.0,135.0,327,4.4,6621.0,1582,2025,Shraddha Kapoor,Vikrant Massey
Half Songs,2021.0,79.0,375,9.7,7.0,2721,1670,Emon Chatterjee,Purshottam Mulani
Half Ticket,1962.0,168.0,382,7.4,484.0,1204,1068,Madhubala,Pran
Halkaa,2018.0,114.0,282,7.2,378.0,1717,1779,Paoli Dam,Aryan Preet
Halla Bol,2008.0,142.0,218,6.1,2211.0,2110,109,Vidya Balan,Pankaj Kapur
Halo,1996.0,92.0,282,7.9,449.0,2489,453,Rajkumar Santoshi,Sahil Choujar
Ham Sab Chor Hain,1956.0,117.0,162,6.4,28.0,969,837,Majnu,Shammi Kapoor
Hamaara Sansaar,1978.0,128.0,269,6.7,10.0,2863,1524,Nutan,Mithun Chakraborty
Hamara Dil Aapke Paas Hai,2000.0,165.0,50,5.6,1799.0,2509,251,Aishwarya Rai Bachchan,Sonali Bendre
Hamara Khandaan,1988.0,0.0,327,5.6,39.0,306,1836,Farha Naaz,Kiran Juneja
"Hamara Shahar - Bombay, Our City",1985.0,82.0,241,7.8,43.0,231,590,Rita Bhatia,Supriya Pathak
Hamara Tiranga,2018.0,118.0,106,7.5,8.0,2389,1653,Harry Key,Thomas Munro
Hamare Tumhare,1979.0,0.0,339,6.7,43.0,2935,1981,Rakhee Gulzar,Amjad Khan
Hamari Adhuri Kahani,2015.0,129.0,327,6.7,5546.0,1582,1719,Emraan Hashmi,Vidya Balan
Hamari Baat,1943.0,0.0,0,8.2,9.0,1395,627,Suraiya,David Abraham
Hamari Bahu Alka,1982.0,0.0,282,6.8,67.0,476,1735,Bindiya Goswami,Utpal Dutt
Hamari Beti,1950.0,0.0,282,7.0,6.0,2639,2112,Motilal,Nutan
Hamari Yaad Aayegi,1961.0,0.0,282,6.8,8.0,1293,378,Tanuja,Anand Kumar
Hameshaa,1997.0,141.0,50,5.3,629.0,2451,1926,Kajol,Aditya Pancholi
Hamid,2018.0,108.0,269,7.8,1055.0,106,2323,Vikas Kumar,Rasika Dugal
Hamlet,1954.0,0.0,269,6.3,21.0,1307,1564,Mala Sinha,Kishore Sahu
Hamraaz,1967.0,170.0,395,7.1,390.0,447,1882,Urmila Bhatt,Birbal
Hamrahi,1963.0,149.0,282,6.4,29.0,2863,1696,Jamuna,Mehmood
Hamrahi,1944.0,121.0,327,6.7,10.0,526,1267,Radhamohan Bhattacharya,Tulsi Chakraborty
Hamrahi,1974.0,0.0,187,6.8,25.0,233,1764,Tanuja,Gajanan Jagirdar
Hanan,2004.0,127.0,379,6.0,44.0,1441,1225,Sonali Kulkarni,Seema Biswas
Hanky Panky,1979.0,144.0,208,8.5,18376.0,963,214,Bindiya Goswami,Deven Verma
Hansa,2012.0,88.0,269,7.7,36.0,1445,2365,Abhay Joshi,Ashish Kumar
Hansa: Ek Sanyog,2019.0,135.0,269,7.6,13.0,2486,639,Master Ayushman,Istiyak Khan
Hanste Khelte,1994.0,0.0,191,6.0,30.0,501,862,Aparajita,Asrani
Hanste Khelte,1984.0,108.0,216,5.7,23.0,634,1305,Zarina Wahab,Vijayendra Ghatge
Hanste Zakhm,1973.0,0.0,327,7.2,76.0,592,1426,Priya Rajvansh,Balraj Sahni
Hanuman,2005.0,89.0,127,7.6,796.0,2957,1299,Mukesh Khanna,Viraj
Hanuman Da Damdaar,2017.0,105.0,144,5.4,131.0,2296,1940,Sunny Deol,Raveena Tandon
Hanuman Vijay,1974.0,120.0,350,7.4,11.0,459,817,Ashish Kumar,Kanan Kaushal
Hanuman vs. Mahiravana,2018.0,91.0,127,6.9,103.0,762,1702,0,0
Happi,2019.0,135.0,172,7.4,69.0,508,1515,Supriya Pathak,Hrishitaa Bhatt
Happy Bhaag Jayegi,2016.0,126.0,208,6.5,5046.0,1598,649,Abhay Deol,Jimmy Sheirgill
Happy Ending,2014.0,135.0,208,5.4,3453.0,1324,1673,Saif Ali Khan,Ileana D'Cruz
Happy Hardy and Heer,2020.0,123.0,208,5.9,580.0,2126,385,Karen Elliot,Trupti Khamkar
Happy Husbands,2011.0,134.0,172,3.2,22.0,1048,240,Kurush Deboo,Mohit Ghai
Happy New Year,2014.0,180.0,19,5.0,34890.0,770,2039,Deepika Padukone,Abhishek Bachchan
Happy Phirr Bhag Jayegi,2018.0,136.0,162,4.5,1251.0,1598,2183,Diana Penty,Jimmy Sheirgill
Haqeeqat,1964.0,184.0,73,7.8,458.0,592,443,Dharmendra,Vijay Anand
Haqeeqat,1985.0,148.0,218,4.6,22.0,2161,390,Raj Babbar,Beena Banerjee
Haqeeqat,1995.0,166.0,50,4.6,321.0,1339,109,Tabu,Aruna Irani
Haque,1991.0,121.0,269,4.4,25.0,912,663,Anupam Kher,Aasif Sheikh
Har Dil Jo Pyar Karega...,2000.0,173.0,178,5.2,4199.0,2010,1940,Preity Zinta,Rani Mukerji
Har Har Gange,1979.0,135.0,105,6.6,8.0,459,1443,Ashish Kumar,Anjana Mumtaz
Har Har Mahadev,1974.0,0.0,350,6.9,23.0,579,576,Jayshree Gadkar,Shahu Modak
Har Har Mahadev,1950.0,137.0,350,6.4,8.0,1072,1464,Trilok Kapoor,Jeevan
Har Kisse Ke Hisse: Kaamyaab,2018.0,109.0,269,7.9,3781.0,904,1975,Deepak Dobriyal,Sarika Singh
Haraamkhor,2015.0,90.0,327,6.4,3764.0,2638,1429,Shweta Tripathi,Trimala Adhikari
Harami,2020.0,100.0,225,7.7,957.0,2664,694,Rizwan Shaikh,Dhanshree Patil
Hare Kanch Ki Chooriyan,1967.0,165.0,291,6.5,17.0,1307,504,Shiv Kumar,Lalita Pawar
Haré Rama Haré Krishna,1971.0,149.0,317,7.2,770.0,671,2549,Dev Anand,Mumtaz
Harfan Maulaa,1976.0,138.0,29,5.5,10.0,2334,377,Kabir Bedi,Asha Sachdev
Hari Darshan,1982.0,160.0,350,7.5,45.0,579,37,Satyajeet,Jayshree Gadkar
Hari Om,2004.0,108.0,412,6.2,111.0,807,3,Jean-Marie Lamour,Camille Natta
Hari Puttar: A Comedy of Terrors,2008.0,90.0,173,1.9,314.0,2070,1145,Jackie Shroff,Sarika
Hari-Bhari,2000.0,134.0,282,5.7,103.0,2662,2031,Rajit Kapoor,Rajeshwari Sachdev
Harishchandra Taramati,1963.0,0.0,350,6.4,14.0,444,1613,Jaymala Adarsh,B.M. Vyas
Hariyali Aur Rasta,1962.0,160.0,388,6.9,68.0,3005,1231,Mala Sinha,Shashikala
Harjaee,1981.0,0.0,409,6.5,31.0,2175,2059,Mala Sinha,Randhir Kapoor
Harsh Beauty,2005.0,53.0,241,6.4,14.0,170,0,0,0
Hasee Toh Phasee,2014.0,141.0,208,6.8,13936.0,3047,2156,Parineeti Chopra,Adah Sharma
Haseena,2018.0,135.0,162,4.4,92.0,2996,727,Mohit Arora,Inayat Sharma
Haseena Maan Jaayegi,1999.0,147.0,25,6.2,3040.0,630,1970,Govinda,Karisma Kapoor
Haseena Maan Jayegi,1968.0,165.0,48,6.7,108.0,1868,1571,Shashi Kapoor,Babita Kapoor
Haseenon Ka Devata,1971.0,131.0,29,5.4,10.0,2231,1973,Rekha,Sujit Kumar
Hasina Aur Nagina,1996.0,0.0,363,3.0,6.0,821,1902,Jagdeep,Arif Khan
Hasti,1993.0,149.0,1,4.7,35.0,374,871,Naseeruddin Shah,Nagma
Hate Story,2012.0,140.0,336,5.3,3493.0,3087,1455,Gulshan Devaiah,Paoli Dam
Hate Story 2,2014.0,130.0,336,4.4,2087.0,3075,900,Surveen Chawla,Sushant Singh
Hate Story 3,2015.0,126.0,336,4.5,3047.0,3075,2077,Karan Singh Grover,Zareen Khan
Hate Story IV,2018.0,131.0,227,3.3,1470.0,3075,2391,Gulshan Grover,Ihana Dhillon
Hatey Bazarey,1967.0,133.0,269,7.9,50.0,2886,126,Bhanu Bannerjee,Samit Bhanja
Hathyar,1989.0,140.0,28,6.0,269.0,1018,1964,Dharmendra,Sanjay Dutt
Hathyar: Face to Face with Reality,2002.0,140.0,29,5.6,625.0,1429,1970,Shilpa Shetty Kundra,Sharad S. Kapoor
Hatimtai,1956.0,0.0,115,6.8,17.0,956,2050,Paidi Jairaj,Meenaxi
Hattrick,2007.0,110.0,180,4.2,460.0,1542,1390,Danny Denzongpa,Paresh Rawal
Hatya,1988.0,151.0,29,6.9,390.0,1299,768,Neelam Kothari,Raj Kiran
Hatya: The Murder,2004.0,131.0,29,4.1,492.0,1197,146,Varsha Usgaonkar,Navin Nischol
Hatyara,1977.0,0.0,28,6.4,32.0,2824,2487,Moushumi Chatterjee,Rakesh Roshan
Hatyara,1998.0,136.0,1,5.6,31.0,2865,1305,Suman Ranganath,Rami Reddy
Hatyarin,1991.0,129.0,363,4.1,17.0,3057,1759,Sunil Dhawan,Kamna
Haunted - 3D,2011.0,143.0,61,6.3,2165.0,3035,1300,Tia Bajpai,Achint Kaur
Haunted Hills,2020.0,102.0,363,6.7,31.0,2470,2073,Gavie Chahal,Krishna Chaturvedi
Hava Aney Dey,2004.0,93.0,269,6.2,101.0,1807,244,Nishikant Kamat,Tannishtha Chatterjee
Haveli,1985.0,0.0,364,5.8,30.0,1277,1735,Marc Zuber,Aaloka
Hawa,2003.0,129.0,313,3.3,290.0,866,2320,Shahbaaz Khan,Mukesh Tiwari
Hawaa Hawaai,2014.0,120.0,292,7.4,1686.0,217,1181,Partho A. Gupte,Devraya Gole
Hawaizaada,2015.0,148.0,151,5.5,1753.0,2991,1388,Mithun Chakraborty,Kanishka Singh Deo
Hawalaat,1987.0,0.0,29,5.8,43.0,2824,1836,Mandakini,Mithun Chakraborty
Hawas,1974.0,0.0,291,6.3,35.0,2357,249,Neetu Singh,Pradeep Kumar
Hawas,2004.0,123.0,331,2.7,202.0,1253,2087,Meghna Naidu,Tarun Arora
Hawayein,2003.0,176.0,327,6.2,180.0,211,209,Babbu Mann,Anandee Tripathi
Haye Mera Dil,1968.0,170.0,269,6.5,11.0,2980,1068,Kumkum,I.S. Johar
Hazaar Chaurasi Ki Maa,1998.0,186.0,269,7.1,274.0,862,903,Anupam Kher,Seema Biswas
Hazaaron Khwaishein Aisi,2003.0,120.0,269,7.9,4744.0,2754,1040,Shiney Ahuja,Chitrangda Singh
Heart of a Murderer,2013.0,56.0,254,7.8,9.0,563,0,0,0
Heartless,2014.0,131.0,291,5.1,458.0,2612,66,Ariana Ayam,Deepti Naval
Heer,1956.0,0.0,409,4.8,12.0,897,1491,Pradeep Kumar,Darpan
Heer Raanjha,1970.0,142.0,397,7.0,192.0,592,1636,Priya Rajvansh,Pran
Heer Ranjha,1992.0,159.0,327,5.1,147.0,919,251,Sridevi,Anupam Kher
Heera,1973.0,0.0,43,5.3,23.0,2773,2263,Asha Parekh,Shatrughan Sinha
Heera Lal Panna Lal,1999.0,127.0,270,4.0,60.0,1269,1305,Johnny Lever,Payal Malhotra
Heera Moti,1959.0,0.0,269,4.5,11.0,1320,2129,Ashim Kumar,Kumari Naaz
Heera Panna,1973.0,0.0,409,6.5,240.0,671,617,Zeenat Aman,Rakhee Gulzar
Heeralal Pannalal,1978.0,0.0,18,6.7,77.0,385,2083,Randhir Kapoor,Zeenat Aman
Heera-Moti,1979.0,0.0,1,4.3,6.0,566,2085,Reena Roy,Danny Denzongpa
Heeron Ka Chor,1982.0,133.0,1,3.4,9.0,2326,1305,Chandrashekhar,Leena Das
Helicopter Eela,2018.0,135.0,269,5.6,1042.0,1856,978,Riddhi Sen,Tota Roy Chowdhury
Hello,2008.0,129.0,327,3.3,1981.0,409,2077,Amrita Arora,Sohail Khan
Hello Brother,1999.0,139.0,21,4.7,3998.0,2687,1940,Rani Mukerji,Arbaaz Khan
Hello Charlie,2021.0,102.0,162,5.6,3167.0,1789,8,Jackie Shroff,Shloka Pandit
Hello Darling,2010.0,104.0,172,2.7,115.0,1497,771,Celina Jaitly,Isha Koppikar
Hello Hum Lallann Bol Rahe Hain,2010.0,130.0,172,6.3,132.0,721,1723,Preeti Mehra,Makarand Anaspure
Hello Mumbai: Salaam Mumbai,2016.0,107.0,180,3.8,1045.0,832,1310,Dia Mirza,Benyamin Bahadori
Hello Zindagi,2010.0,125.0,282,6.0,13.0,2038,1072,Milind Gunaji,Neena Gupta
Help,2010.0,109.0,373,4.3,358.0,2063,509,Mugdha Godse,Shreyas Talpade
Henna,1991.0,184.0,329,6.4,667.0,2193,1836,Zeba Bakhtiar,Ashwini Bhave
Hera Pheri,1976.0,164.0,19,6.8,998.0,1868,1927,Vinod Khanna,Amitabh Bachchan
Hera Pheri,2000.0,156.0,19,8.2,59545.0,1925,146,Sunil Shetty,Paresh Rawal
Hercules,1964.0,142.0,90,5.3,33.0,2653,576,Mumtaz,Habib
Hero,1983.0,173.0,50,6.7,810.0,2731,1981,Shammi Kapoor,Jackie Shroff
Hero,2015.0,145.0,48,3.5,2398.0,1716,2200,Athiya Shetty,Tigmanshu Dhulia
Hero Hindustani,1998.0,152.0,20,4.8,308.0,430,342,Namrata Shirodkar,Kader Khan
Hero Hiralal,1988.0,146.0,20,6.2,263.0,1280,2402,Naseeruddin Shah,Sanjana Kapoor
Hero No. 1,1997.0,134.0,178,6.2,2737.0,630,768,Karisma Kapoor,Kader Khan
Heroes,2008.0,139.0,4,5.5,2059.0,2420,2172,Vatsal Sheth,Amrita Arora
Heroine,2012.0,149.0,269,5.1,4132.0,1413,1024,Arjun Rampal,Randeep Hooda
Heropanti,2014.0,146.0,77,5.3,8372.0,2360,2353,Kriti Sanon,Parthaa Akerkar
Hey Bro,2015.0,113.0,20,2.9,169.0,111,726,Maninder Singh,Nupur Sharma
Hey Ram,2000.0,186.0,220,7.9,11870.0,1212,983,Shah Rukh Khan,Rani Mukerji
Hey Ram Hamne Gandhi Ko maar Diya,2018.0,106.0,269,6.3,166.0,1646,893,Samiksha Bhatnagar,Subrat Dutta
Heyy Babyy,2007.0,144.0,172,6.0,13705.0,2392,146,Fardeen Khan,Riteish Deshmukh
Hichki,2018.0,116.0,172,7.5,11094.0,2673,387,Rani Mukerji,Neeraj Kabi
Hide & Seek,2010.0,105.0,313,4.2,220.0,2604,1629,Arjan Bajwa,Mrinalini Sharma
Hifazat,1987.0,136.0,282,5.4,140.0,1906,377,Nutan,Anil Kapoor
High Jack,2018.0,102.0,162,5.4,303.0,143,2254,Mantra Mugdh,Sonnalli Seygall
Highway,2014.0,133.0,225,7.6,27168.0,974,160,Randeep Hooda,Durgesh Kumar
Highway 203,2007.0,0.0,427,5.5,13.0,2540,1040,Arif Zakaria,Perizaad Zorabian
Highway Courtesans,2004.0,71.0,241,7.3,30.0,1624,0,0,0
Hijack,2008.0,117.0,84,3.7,312.0,1354,2098,Mona Ambegaonkar,Ishita Chauhan
Hill Station,1957.0,0.0,409,7.2,11.0,2564,1564,Bina Rai,Shyama
Himalay Ki Godmein,1965.0,120.0,104,6.8,92.0,3005,1182,Manoj Kumar,Shashikala
Himalay Putra,1997.0,0.0,327,5.0,127.0,1786,2487,Hema Malini,Akshaye Khanna
Himalay Se Ooncha,1975.0,0.0,6,5.7,39.0,451,2263,Mallika Sarabhai,Ranjeet
Himmat,1970.0,152.0,52,6.4,31.0,2231,920,Mumtaz,Prem Chopra
Himmat,1996.0,138.0,52,4.5,196.0,2808,229,Sunny Deol,Tabu
Himmat Aur Mehanat,1987.0,137.0,20,5.0,43.0,1147,920,Sridevi,Asrani
Himmatvar,1996.0,149.0,39,5.1,18.0,2876,344,Gajendra Chauhan,Dharmendra
Himmatwala,1983.0,179.0,20,4.5,275.0,1157,2216,Jeetendra,Amjad Khan
Himmatwala,1998.0,120.0,1,4.3,26.0,1073,2357,Beena Banerjee,Mithun Chakraborty
Himmatwala,2013.0,150.0,20,1.7,8186.0,2392,109,Tamannaah Bhatia,Mahesh Manjrekar
Hind Ka Napak Ko Jawab,2017.0,130.0,84,6.6,3993.0,959,779,Gurmeet Ram Rahim Singh,Honeypreet Insan
Hindi Medium,2017.0,132.0,172,7.9,24676.0,2395,854,Saba Qamar,Dishita Sehgal
Hindustan Ki Kasam,1973.0,152.0,53,6.2,120.0,592,1636,Priya Rajvansh,Balraj Sahni
Hindustani Sipahi,2002.0,128.0,1,5.3,7.0,1812,2434,Sabyasachi Chakrabarty,Mithun Chakraborty
Hinsa Par Vijay,2015.0,0.0,339,6.6,8.0,1353,2431,Samiksha Bhatt,Sanjay Swaraj
Hip Hip Hurray,1984.0,0.0,334,7.1,84.0,1865,1672,Deepti Naval,Satish Anand
Hira Aur Patthar,1977.0,125.0,339,5.9,14.0,3005,377,Shashi Kapoor,Shabana Azmi
Hiraasat,1987.0,180.0,29,5.4,33.0,2824,810,Shatrughan Sinha,Mithun Chakraborty
Hisaab Khoon Ka,1989.0,0.0,323,5.4,33.0,2824,1305,Poonam Dhillon,Mandakini
Hisss,2010.0,98.0,176,2.9,1661.0,1095,1185,Irrfan Khan,Jeff Doucette
History of Yoga,2015.0,0.0,261,7.5,6.0,660,1755,0,0
Hitler,1988.0,138.0,29,5.4,53.0,2865,1305,Shilpa Shirodkar,Manek Bedi
Ho Jaata Hai Pyaar,2005.0,0.0,327,2.8,15.0,474,1787,Aleeza,Beena Banerjee
Ho Sakta Hai!,2004.0,101.0,231,6.1,45.0,3099,2434,Krishna Bhatt,Mahesh Bhatt
Hogaya Dimaagh Ka Dahi,2015.0,124.0,172,3.8,45.0,779,1699,Danish Bhatt,Bunty Chopra
Hogi Pyaar Ki Jeet,1999.0,180.0,20,4.3,513.0,1762,109,Shabana Raza,Arshad Warsi
Holi,1985.0,120.0,172,7.4,557.0,1280,382,Aamir Khan,Rahul Ranade
Holi Ayee Re,1970.0,144.0,282,5.9,9.0,926,1182,Balraj Sahni,Premendra
Holiday,2006.0,0.0,320,4.3,139.0,1835,1500,Dino Morea,Kashmira Shah
Holiday in Bombay,1963.0,0.0,269,5.8,19.0,1768,2083,Vijaya Choudhury,Rajendranath Malhotra
Holiday: A Soldier is Never Off Duty,2014.0,160.0,84,7.2,26163.0,17,146,Sonakshi Sinha,Freddy Daruwala
Hollywood,2003.0,130.0,212,7.0,196.0,609,693,Felicity Mason,Anant Nag
Home Delivery: Aapko... Ghar Tak,2005.0,151.0,208,3.1,600.0,2766,2508,Mahima Chaudhry,Ayesha Takia
Home Stories,2020.0,47.0,162,6.6,18.0,2883,289,Ashwin Laxmi Narayan,Sahirr Sethhi
Honeymoon,1973.0,128.0,173,6.5,33.0,951,1131,Anil Dhawan,Nazima
Honeymoon,1992.0,160.0,172,5.6,51.0,2824,1836,Varsha Usgaonkar,Ashwini Bhave
Honeymoon Travels Pvt. Ltd.,2007.0,118.0,180,6.1,2411.0,2241,35,Minissha Lamba,Boman Irani
Hope Aur Hum,2018.0,96.0,173,6.3,414.0,2758,1406,Kabir Sajid,Virti Vaghani
Horn 'OK' Pleassss,2009.0,0.0,162,3.8,41.0,2138,1372,Nana Patekar,Rimi Sen
Horror Night,2017.0,115.0,363,3.5,11.0,2818,1924,Johnny Janarden,Shubham Kathe
Horror Story,2013.0,91.0,363,4.2,1747.0,422,1015,Nishant Malkani,Hasan Zaidi
Hoshiyar,1985.0,147.0,20,4.7,33.0,1157,920,Shatrughan Sinha,Asrani
Hostel,2011.0,111.0,29,5.2,579.0,1466,2423,Tulip Joshi,Mukesh Tiwari
Hota Hai Dil Pyaar Mein Paagal,2006.0,118.0,409,5.1,15.0,1425,390,Bobby Darling,Manoj Joshi
Hote Hote Pyar Hogaya,1999.0,140.0,410,5.0,291.0,785,978,Atul Agnihotri,Jackie Shroff
Hotel,1981.0,135.0,366,6.2,97.0,2666,2371,Navin Nischol,Rakesh Roshan
Hotel Beautifool,2017.0,130.0,162,5.8,10.0,2425,1714,Brijendra Kala,Johnny Lever
Hotel Milan,2018.0,130.0,172,3.8,78.0,3073,1105,Karishma Sharma,Zeishan Quadri
Hotel Mumbai,2018.0,123.0,45,7.6,56048.0,288,620,Armie Hammer,Nazanin Boniadi
Hotel Salvation,2016.0,102.0,172,7.1,2009.0,2658,70,Lalit Behl,Geetanjali Kulkarni
House Arrest,2019.0,104.0,162,5.5,1486.0,2423,2081,Ali Fazal,Shriya Pilgaonkar
House No. 13,1991.0,112.0,363,5.8,36.0,460,1938,Baby Vijaya,Anil Dhawan
House No. 44,1955.0,0.0,218,7.3,70.0,1397,617,Kalpana Kartik,K.N. Singh
House No. 446,2021.0,0.0,373,7.8,8.0,1336,2412,Vishal Singh,Prince Thakur
House of Memories,2000.0,130.0,282,7.3,311.0,308,2207,Aparna Sen,Rituparna Sengupta
Houseful,2009.0,127.0,269,6.4,37.0,471,1578,Rimjhim Gupta,Sreelekha Mitra
Housefull,2010.0,144.0,208,5.5,13169.0,2392,146,Deepika Padukone,Riteish Deshmukh
Housefull 2,2012.0,145.0,23,5.3,13576.0,2392,146,John Abraham,Asin Thottumkal
Housefull 3,2016.0,140.0,25,5.0,8653.0,2390,703,Akshay Kumar,Abhishek Bachchan
Housefull 4,2019.0,145.0,20,3.5,10908.0,774,146,Sam Nagar,Riteish Deshmukh
Howrah Bridge,1958.0,153.0,399,6.9,200.0,2564,1166,Ashok Kumar,K.N. Singh
Hu Tu Tu,1999.0,172.0,269,6.4,442.0,870,1390,Sunil Shetty,Tabu
Hukumat,1987.0,130.0,39,6.1,140.0,265,632,Rati Agnihotri,Shammi Kapoor
Hulchul,1951.0,0.0,269,7.5,54.0,2328,1401,Sitara,Dilip Kumar
Hulchul,1995.0,152.0,78,4.6,416.0,245,2487,Ajay Devgn,Kajol
Hulchul,1971.0,149.0,93,7.1,83.0,1743,1493,Prem Chopra,Madan Puri
Hulchul,2004.0,149.0,20,7.0,7251.0,1925,149,Kareena Kapoor,Amrish Puri
Hulla,2008.0,107.0,172,6.4,234.0,1041,2298,Kartika Rane,Rajat Kapoor
Hum,1991.0,184.0,20,6.8,2794.0,1607,207,Rajinikanth,Govinda
Hum Aapke Dil Mein Rehte Hain,1999.0,168.0,327,5.7,1564.0,2509,251,Kajol,Anupam Kher
Hum Aapke Hain Koun...!,1994.0,206.0,178,7.5,19669.0,2699,1168,Salman Khan,Mohnish Bahl
Hum Bhi Insaan Hain,1948.0,0.0,269,7.1,16.0,1825,617,Ramola,Amir Banu
Hum Bhi Insaan Hain,1989.0,149.0,29,5.8,37.0,1478,1970,Jackie Shroff,Neelam Kothari
Hum Chaar,2019.0,143.0,269,5.7,286.0,63,1610,Simran Sharma,Anshuman Malhotra
Hum Dil De Chuke Sanam,1999.0,177.0,178,7.5,17490.0,2458,102,Salman Khan,Ajay Devgn
Hum Do Anjaane,2011.0,0.0,29,3.3,15.0,1548,1399,Ankita Bhargava Patel,Jackie Shroff
Hum Do Hamare Do,1984.0,0.0,282,5.2,11.0,448,1668,Smita Patil,Shoma Anand
Hum Dono,1985.0,156.0,186,6.6,56.0,449,1703,Hema Malini,Reena Roy
Hum Dono,1961.0,164.0,320,7.5,394.0,186,617,Nanda,Sadhana
Hum Dono,1995.0,154.0,26,6.3,192.0,2544,1836,Nana Patekar,Pooja Bhatt
Hum Dum,2005.0,0.0,208,6.9,99.0,1362,1861,Anjana Sukhani,Benjamin Gilani
Hum Ek Hain,1946.0,121.0,269,7.1,28.0,1768,685,Kamala Kotnis,Dev Anand
Hum Farishte Nahin,1988.0,0.0,84,4.7,15.0,1067,1668,Om Puri,Deepak Seth
Hum Hai Raahi CAR Ke,2013.0,0.0,208,3.0,145.0,1140,618,Adah Sharma,Sanjay Dutt
Hum Hai Teen Khurafaati,2014.0,126.0,162,6.2,10.0,2757,1365,Manoj Bakshi,Sheet Chhabra
Hum Hain Bemisaal,1994.0,145.0,29,4.8,586.0,647,594,Akshay Kumar,Sunil Shetty
Hum Hain Kamaal Ke,1993.0,142.0,19,5.5,177.0,3020,2088,Sujoy Mukherjee,Kader Khan
Hum Hain Karan Arjun,1994.0,0.0,1,5.7,10.0,752,1379,Ramya Krishnan,Charan Raj
Hum Hain Lajawaab,1984.0,0.0,20,4.4,18.0,1568,1100,Padmini Kolhapure,Monty Nath
Hum Hain Pyaar Mein,2002.0,0.0,327,3.2,6.0,1274,1738,Neelima Azim,Hemant Birje
Hum Hain Rahi Pyar Ke,1993.0,163.0,180,7.4,5476.0,1423,19,Juhi Chawla,Sharokh Bharucha
Hum Hindustani,1960.0,0.0,282,7.2,55.0,2156,2263,Joy Mukherjee,Asha Parekh
Hum Ho Gaye Aap Ke,2001.0,168.0,320,4.2,399.0,102,2264,Fardeen Khan,Reema Sen
Hum Intezaar Karenge,1989.0,0.0,327,5.5,25.0,1845,1305,Padmini Kolhapure,Vinod Mehra
Hum Kaun Hai?,2004.0,119.0,365,3.6,322.0,2224,207,Dimple Kapadia,Dharmendra
Hum Kisi Se Kum Nahin,2002.0,161.0,20,4.4,1351.0,630,207,Sanjay Dutt,Asad Aleem
Hum Kisise Kum Naheen,1977.0,169.0,20,7.2,477.0,1681,1836,Tariq,Kaajal Kiran
Hum Log,1951.0,144.0,269,6.5,15.0,3135,1491,Shyama,Durga Khote
Hum Nahin Sudhrenge,1980.0,122.0,165,5.6,11.0,403,390,Yogeeta Bali,Rita Bhaduri
Hum Naujawan,1985.0,137.0,336,5.3,69.0,671,617,Bunty Behl,Richa Sharma
Hum Paanch,1980.0,163.0,39,6.5,189.0,473,1981,Shabana Azmi,Mithun Chakraborty
Hum Panchhi Ek Daal Ke,1957.0,0.0,269,6.7,11.0,1768,1260,Satish Vyas,Daisy Irani
Hum Panchi Ek Daal Ke,2003.0,0.0,115,4.7,16.0,1371,102,Ashutosh Rana,Sunil Shetty
Hum Phirr Milein Na Milein,2009.0,0.0,327,4.0,7.0,1465,2000,Kkhushi,Vikram Gokhale
Hum Pyar Tumhi Se Kar Baithe,2002.0,138.0,396,5.7,46.0,1571,949,Tina Rana,Sachin Khedekar
Hum Rahe Na Hum,1984.0,0.0,269,6.4,12.0,592,1044,Vijay Anand,Shabana Azmi
Hum Saath-Saath Hain: We Stand United,1999.0,177.0,317,6.3,7359.0,2699,1325,Salman Khan,Saif Ali Khan
Hum Sab Chor Hain,1995.0,143.0,50,3.5,37.0,188,920,Dharmendra,Kamal Sadanah
Hum Sab Ustad Hain,1965.0,0.0,18,6.7,22.0,1512,1068,Dara Singh,Sheikh Mukhtar
Hum Se Badkar Kaun,1981.0,0.0,103,6.0,42.0,647,501,Mithun Chakraborty,Mohan Choti
Hum Se Hai Zamana,1983.0,119.0,1,6.0,47.0,647,1305,Zeenat Aman,Danny Denzongpa
Hum Se Na Takrana,1990.0,145.0,29,4.5,48.0,647,632,Mithun Chakraborty,Anita Raj
Hum Sey Hai Jahaan,2008.0,0.0,409,3.5,18.0,1514,1247,Prem Chopra,Govinda
Hum Tere Ashiq Hain,1979.0,0.0,269,6.5,24.0,1915,920,Hema Malini,Amjad Khan
Hum To Chale Pardes,1988.0,137.0,269,5.8,19.0,2237,2083,Mandakini,Rajiv Kapoor
Hum To Mohabbat Karega,2000.0,153.0,25,2.7,384.0,1358,1026,Bobby Deol,Rohit Roy
Hum Tum,2004.0,143.0,180,7.0,13486.0,1352,1926,Rani Mukerji,Kirron Kher
Hum Tum Aur Ghost,2010.0,125.0,174,4.7,673.0,1192,342,Dia Mirza,Boman Irani
Hum Tum Aur Mom: Mother Never Misguides,2005.0,134.0,269,4.6,42.0,383,1678,Krishna Abhishek,Mohnish Bahl
Hum Tum Aur Woh,1971.0,142.0,269,5.9,10.0,2625,377,Vinod Khanna,Bharti
Hum Tum Dushman Dushman,2015.0,114.0,338,6.4,18.0,991,1246,Sohini Pal,Mukesh Rishi
Hum Tum Pe Marte Hain,1999.0,165.0,180,5.3,488.0,1640,768,Urmila Matondkar,Dimple Kapadia
Hum Tum Shabana,2011.0,126.0,165,3.6,291.0,2379,2377,Shreyas Talpade,Minissha Lamba
Hum Tumhare Hain Sanam,2002.0,174.0,327,5.4,6610.0,1181,2039,Madhuri Dixit,Salman Khan
Humayun,1945.0,118.0,303,7.5,46.0,1530,377,Veena,Nargis
Hume Tumse Pyaar Kitna,2019.0,91.0,50,4.9,115.0,1368,1023,Priya Banerjee,Mahesh Balraj
Humein Tumse Pyar Ho Gaya Chupke Chupke,2003.0,135.0,269,1.7,27.0,1875,1286,Siddharth Dhawan,Dinesh Hingoo
Humjoli,1970.0,0.0,180,5.9,84.0,2169,920,Leena Chandavarkar,Pran
Humkadam,1980.0,124.0,386,6.7,26.0,255,1736,Parikshit Sahni,Biswajit Chatterjee
Humko Deewana Kar Gaye,2006.0,155.0,327,5.2,3977.0,2010,146,Katrina Kaif,Bipasha Basu
Humko Tumse Pyaar Hai,2006.0,128.0,327,4.8,552.0,554,332,Ameesha Patel,Bobby Deol
Humlaa,1992.0,0.0,39,4.7,51.0,1625,377,Dharmendra,Anil Kapoor
Humne Jeena Seekh Liya,2007.0,149.0,269,6.9,51.0,1549,1497,Siddharth Chandekar,Gaurav Chopra
Humpty Sharma Ki Dulhania,2014.0,133.0,180,6.0,11840.0,2591,2419,Alia Bhatt,Ashutosh Rana
Humraaz,2002.0,173.0,71,6.4,3207.0,39,1252,Bobby Deol,Akshaye Khanna
Humsafar,1953.0,0.0,327,7.9,9.0,14,539,Dev Anand,Kalpana Kartik
Humsaya,1968.0,0.0,49,6.4,18.0,1130,1182,Joy Mukherjee,Sharmila Tagore
Humse Badhkar Kaun: The Entertainer,1998.0,0.0,18,3.3,119.0,646,2267,Saif Ali Khan,Sonali Bendre
Humse Na Jeeta Koi,1983.0,120.0,162,5.3,9.0,2617,212,Randhir Kapoor,Raj Kiran
Humshakal,1992.0,0.0,20,5.3,24.0,1207,2059,Vinod Khanna,Meenakshi Sheshadri
Humshakal,1974.0,142.0,431,6.1,38.0,1050,1703,Tanuja,Moushumi Chatterjee
Humshakals,2014.0,159.0,180,1.8,7840.0,2392,1926,Riteish Deshmukh,Ram Kapoor
Hungama,1971.0,0.0,162,7.1,39.0,2331,1068,Vinod Khanna,Zeenat Aman
Hungama,2003.0,153.0,180,7.5,13768.0,1925,149,Aftab Shivdasani,Rimi Sen
Hungama in Dubai,2007.0,0.0,162,6.2,19.0,1515,1250,Masti Ali,Aziz Naser
Hunterrr,2015.0,141.0,208,7.0,5798.0,925,774,Radhika Apte,Sai Tamhankar
Husband Material,2018.0,156.0,180,6.9,7441.0,300,2318,Abhishek Bachchan,Vicky Kaushal
Husn aur Ishq,1966.0,0.0,115,6.4,14.0,1675,1981,L. Vijayalakshmi,Indira
Husn Ke Lootere,2001.0,0.0,1,3.8,6.0,2869,537,Sathaar,0
Hyderabad Blues,1998.0,85.0,180,7.2,903.0,1651,1381,Rajshri Nair,Vikram Inamdar
Hyderabad Blues 2,2004.0,0.0,276,6.1,229.0,1651,2358,Jyoti Dogra,Anuj Gurwara
Hyderabad Nawabs,2006.0,118.0,162,6.8,118.0,1365,1264,Chitram Basha,Vandana Gupta
Hyderabad Nawabs 2,2019.0,125.0,162,5.2,27.0,1442,772,Farha Khan,Aziz Naser
I - Proud to be an Indian,2004.0,129.0,29,6.1,526.0,1937,2172,Tim Lawrence,Mona Ambegaonkar
I Am,2010.0,95.0,269,6.8,948.0,1748,952,Rahul Bose,Radhika Apte
I Am 24,2010.0,118.0,208,6.0,1185.0,2525,1689,Ranvir Shorey,Neha Dhupia
"I Am Alone, So Are You...",2019.0,117.0,409,6.5,897.0,917,286,Zareen Khan,Ravi Khanvilkar
I Am Kalam,2010.0,88.0,173,8.0,3895.0,1717,1458,Gulshan Grover,Harsh Mayar
I Am Mr Mother,2015.0,90.0,327,5.7,23.0,968,1292,Dheeraj Bishnoi,Munmun Guha
I Am Not Blind,2020.0,101.0,282,7.2,12.0,860,2472,Amit Ghosh,Shikha Itkan
I Am Offended,2015.0,102.0,241,8.6,17.0,1041,2329,Cyrus Broacha,Vir Das
I Am Roshni,2018.0,80.0,291,5.4,11.0,1492,2294,Ankita Parihar,Yash Rajpara
I Am Zero,2019.0,0.0,269,8.2,8.0,2821,1810,Umesh Bajpai,Shradha Singh
I Did Not Kill Gandhi,2005.0,100.0,269,7.3,700.0,1037,297,Urmila Matondkar,Parvin Dabas
I Don't Luv U,2013.0,120.0,409,6.0,25.0,197,891,Ruslaan Mumtaz,Chetna Pande
I Hate Luv Storys,2010.0,129.0,180,5.6,7675.0,1938,843,Sonam Kapoor,Sammir Dattani
I Know You,2020.0,98.0,363,3.5,20.0,1084,89,Nishant Bhardwaj,Muzahid Khan
I Love NY,2015.0,127.0,208,3.4,648.0,1985,2478,Sunny Deol,Kangana Ranaut
I Love You,1992.0,0.0,327,3.7,9.0,2970,1890,Shobha,Amrish Puri
I See You,2006.0,122.0,174,4.1,1119.0,3092,332,Vipasha Agarwal,Chunky Panday
I Was Born in Delhi,2011.0,93.0,269,3.7,7.0,535,0,0,0
"I, Me aur Main",2013.0,108.0,178,4.6,1824.0,1241,938,Chitrangda Singh,Prachi Desai
I.D.,2012.0,87.0,269,6.9,152.0,1213,743,Murari Kumar,Shashi Sharma
Idam Jagath,2018.0,126.0,84,5.4,115.0,266,2252,Anju Kurian,Darbha Appaji Ambarisha
Identity Card,2014.0,92.0,181,5.9,63.0,1995,2352,Furqan Merchant,Raghuvir Yadav
Idiot Box,2010.0,131.0,172,4.5,38.0,2784,2298,Hrishitaa Bhatt,Milind Gunaji
III Smoking Barrels,2017.0,127.0,269,6.5,117.0,2477,2228,Indraneil Sengupta,Mandakini Goswami
Ikke Pe Ikka,1994.0,134.0,18,3.6,631.0,2020,146,Shanti Priya,Prithvi
Ilaaka,1989.0,161.0,39,4.7,147.0,430,1305,Sanjay Dutt,Madhuri Dixit
Ilaaka Kishorganj,2018.0,0.0,84,5.9,18.0,1011,1858,Shikha Swaroop,Deepak Lohar
Ilzaam,1986.0,164.0,282,6.0,95.0,2617,2083,Shatrughan Sinha,Raj Kiran
Ilzam,1954.0,133.0,291,6.1,7.0,1960,1068,Meena Kumari,Jagdish Kanwal
I'm in Love,2007.0,140.0,1,9.2,36.0,2915,508,Anil Dhawan,Kiran Juneja
Imaan,1974.0,131.0,409,7.4,27.0,435,1981,Leena Chandavarkar,Johnny Walker
Imaandaar,1987.0,152.0,29,5.4,62.0,2844,2455,Birbal,Chandrashekhar
Immaan Dharam,1977.0,156.0,39,5.7,177.0,670,2083,Sanjeev Kumar,Amitabh Bachchan
Impatient Vivek,2011.0,0.0,180,2.1,76.0,1995,2509,Sayali Bhagat,Ronnaoq Ahuja
Imtihaan,1994.0,152.0,50,5.3,338.0,921,2271,Saif Ali Khan,Raveena Tandon
Imtihan,1974.0,153.0,342,7.4,63.0,1409,2487,Tanuja,Deven Verma
In Camera,2010.0,78.0,241,6.4,14.0,2198,0,0,0
In Custody,1994.0,126.0,172,7.1,348.0,1004,2083,Shabana Azmi,Om Puri
In the Name of Tai,2012.0,143.0,269,5.9,7.0,2931,1520,Asrani,Babita
In the Shadows,2017.0,117.0,336,7.1,577.0,737,1225,Ranvir Shorey,Neeraj Kabi
In Their Shoes,2015.0,92.0,241,6.8,41.0,411,0,0,0
In Your Name,2003.0,132.0,50,7.1,17628.0,2509,1940,Bhoomika Chawla,Sachin Khedekar
Inaam Dus Hazaar,1987.0,0.0,84,6.0,142.0,1140,1970,Meenakshi Sheshadri,Amrish Puri
Independence,1999.0,0.0,84,4.5,61.0,3045,1682,Sphadikam George,Cochin Hanifa
India Untouched: Stories of a People Apart,2007.0,108.0,241,8.9,208.0,2724,0,0,0
Indian,2001.0,178.0,29,5.4,2213.0,1627,2271,Shilpa Shetty Kundra,Raj Babbar
Indian Babu,2003.0,0.0,327,4.5,52.0,1374,918,Gurleen Chopra,Mukesh Rishi
Indian Never Again Nirbhaya,2018.0,0.0,269,6.5,27.0,519,996,Payal Kaashyap,Riecha Sharma
India's Daughter,2015.0,63.0,245,8.2,1998.0,1383,368,Badri Singh,Satendra
India's Daughter,2015.0,120.0,29,6.9,21.0,2303,1498,Amann Grewal,Vishal Om Prakash
India's Most Wanted,2019.0,123.0,15,4.5,1991.0,2015,328,Sudev Nair,Rajesh Sharma
Indira,1996.0,143.0,269,7.0,218.0,2763,299,Arvind Swamy,Nassar
Indoo Ki Jawani,2020.0,118.0,172,3.0,5032.0,73,1050,Aditya Seal,Mushtaq Khan
"Indradhanush, the Grey Shades of Love",2021.0,90.0,401,8.8,5.0,1656,2324,Sommansh Sachdevva,0
Indrajeet,1991.0,0.0,39,4.5,258.0,1190,207,Jaya Prada,Kumar Gaurav
Indrani,1958.0,121.0,269,7.3,57.0,1720,2230,Uttam Kumar,Biman Bannerjee
Indrasabha,1932.0,211.0,396,6.0,12.0,1015,1473,Jehanara Kajjan,Abdul Rehman Kabuli
Indrudu Chandrudu,1989.0,158.0,172,7.2,293.0,2830,983,Vijayshanti,Charan Raj
Indu Sarkar,2017.0,139.0,336,6.0,1446.0,1413,1064,Tota Roy Chowdhury,Neil Nitin Mukesh
Inimey Nangathan,2007.0,0.0,127,6.5,23.0,2987,0,0,0
Inkaar,1977.0,135.0,408,6.9,189.0,2020,2487,Vidya Sinha,Shreeram Lagoo
Inkaar,2013.0,125.0,331,6.0,2491.0,2754,332,Chitrangda Singh,Vipin Sharma
Inquilaab,1984.0,152.0,52,5.8,271.0,2161,207,C.S. Dubey,Utpal Dutt
Inquilab,1935.0,144.0,269,7.4,38.0,637,685,Prithviraj Kapoor,Syed Mohammed
Insaaf,1987.0,0.0,39,6.7,68.0,1607,2487,Dimple Kapadia,Suresh Oberoi
Insaaf,1966.0,129.0,6,5.7,6.0,1982,1613,Dara Singh,Azaad Irani
Insaaf Apne Lahoo Se,1994.0,140.0,39,4.7,43.0,1373,2085,Sanjay Dutt,Shekhar Suman
Insaaf Kaun Karega,1984.0,0.0,39,4.9,44.0,2742,632,Rajinikanth,Jaya Prada
Insaaf Ki Awaaz,1986.0,162.0,39,4.8,28.0,610,1819,Anil Kapoor,Richa Sharma
Insaaf Ki Devi,1992.0,0.0,1,3.0,25.0,2322,920,Rekha,Niraj
Insaaf Main Karoonga,1985.0,0.0,237,6.8,38.0,2617,1703,Padmini Kolhapure,Tina Ambani
Insaaf: The Final Justice,1997.0,155.0,20,4.2,864.0,632,146,Shilpa Shetty Kundra,Paresh Rawal
Insaaf: The Justice,2004.0,136.0,39,3.9,92.0,2649,666,Namrata Shirodkar,Sanjay Suri
Insaan,1982.0,150.0,43,5.4,29.0,1671,920,Vinod Khanna,Reena Roy
Insaan Aur Shaitan,1970.0,0.0,1,5.1,14.0,402,1981,Faryal,Sheikh Mukhtar
Insaan Bana Shaitan,1992.0,0.0,363,3.4,11.0,1561,2038,Aparajita,Rajni Bala
Insaan Jaag Utha,1959.0,135.0,289,6.8,38.0,2564,2263,Madhubala,Nasir Hussain
Insaaniyat,1974.0,133.0,282,6.5,13.0,1906,2083,Madhu,Sujit Kumar
Insaf Ka Mandir,1969.0,0.0,218,6.4,5.0,448,1981,Snehlata,Nadira
Insaf Ka Tarazu,1980.0,146.0,218,6.4,231.0,447,2549,Raj Babbar,Deepak Parashar
Insaf Ki Pukar,1987.0,0.0,39,5.2,32.0,2161,632,Jeetendra,Anita Raj
Insan,2005.0,141.0,29,4.6,1295.0,1165,146,Ajay Devgn,Tusshar Kapoor
Insaniyat,1994.0,180.0,29,3.0,262.0,2917,2361,Sadashiv Amrapurkar,Mahesh Anand
Insaniyat,1955.0,185.0,50,7.4,79.0,2348,658,Dev Anand,Bina Rai
Insaniyat Ke Devta,1993.0,0.0,39,5.1,64.0,1172,2455,Rakesh Bedi,Rita Bhaduri
Insaniyat Ke Dushman,1987.0,145.0,1,4.6,52.0,2108,632,Shatrughan Sinha,Anita Raj
"Inshallah, Kashmir",2012.0,82.0,241,6.8,131.0,393,1496,Bashir Baba,Wajahat Habibullah
Inspector,1957.0,0.0,1,5.6,15.0,2564,377,Geeta Bali,Mehmood
Inspector Balram,1991.0,143.0,52,6.9,342.0,970,1187,Murali,Kiran Kumar
Inspector Dhanush,1991.0,150.0,39,6.2,29.0,2666,2371,Vishnuvardhan,Sangeeta Bijlani
Inspector Eagle,1979.0,0.0,90,6.1,7.0,3083,1981,Neelam Mehra,Bindu
Inspector Gullu,2018.0,124.0,1,6.8,32.0,429,786,Adnan Sajid Khan,R.K. Mama
Inspector Pratap,1988.0,0.0,1,6.6,8.0,1662,1370,Vijayshanti,0
Intaquam,1969.0,144.0,336,6.8,48.0,1964,377,Sadhana,Sanjay Khan
Inteha,1984.0,0.0,282,5.3,9.0,2617,1668,Reena Roy,Shakti Kapoor
Inteha,2003.0,155.0,52,5.1,153.0,3035,375,Vidya Malvade,Nauheed Cyrusi
Inteha Pyar Ki,1992.0,159.0,289,3.8,30.0,1016,2455,Aparajita,Asrani
Inteqam,1988.0,0.0,269,5.2,73.0,2108,2271,Anil Kapoor,Kimi Katkar
Inteqam,2001.0,138.0,164,2.6,10.0,401,143,Tinnu Anand,Pooja Dadwal
Inteqam: The Perfect Game,2004.0,127.0,84,5.0,85.0,1786,1225,Isha Koppikar,Nethra Raghuraman
International Crook,1974.0,138.0,28,6.5,62.0,1774,632,Saira Banu,Feroz Khan
International Khiladi,1999.0,175.0,29,4.8,2082.0,2935,146,Twinkle Khanna,Rajat Bedi
Intezar,1973.0,116.0,269,5.8,5.0,1570,1831,Padmini Kapila,Baldev Khosa
Inth Ka Jawab Patthar,2002.0,0.0,377,3.0,10.0,1554,2232,Biswajit Chatterjee,Divya Dutta
Iqbal,2005.0,132.0,334,8.1,16185.0,1651,2122,Naseeruddin Shah,Shweta Basu Prasad
Iqraar,1979.0,0.0,392,4.8,5.0,1198,501,Aruna Irani,Yunus Parvez
Iqraar: By Chance,2006.0,130.0,208,4.7,41.0,1160,182,Shilpa Anand,Deepa Bakshi
Iraada,1991.0,0.0,269,4.4,17.0,986,2085,Parveen Babi,Moon Moon Sen
Irada,2017.0,109.0,326,6.3,1284.0,309,1406,Arshad Warsi,Divya Dutta
Is Pyaar Ko Kya Naam Doon,2001.0,0.0,162,5.8,50.0,2006,938,Akanksha Malhotra,Om Puri
Is Raat Ki Subah Nahin,1996.0,131.0,240,6.7,279.0,2754,1366,Tara Deshpande,Kishore Kadam
Is She Raju?,2019.0,155.0,162,5.0,38.0,2003,73,Ansh Gupta,Amit Behl
Ishaara,1964.0,129.0,269,5.4,10.0,1143,946,Vyjayanthimala,Jayant
Ishaara,2008.0,152.0,216,4.7,7.0,688,242,Milind Gunaji,Mohan Joshi
Ishaqzaade,2012.0,120.0,50,6.5,7145.0,892,328,Parineeti Chopra,Gauahar Khan
Ishk Actually,2013.0,103.0,409,2.6,143.0,272,1444,Raayo S. Bakhirta,Neha Ghelot
Ishk Ishk Ishk,1974.0,131.0,327,7.3,59.0,671,617,Zeenat Aman,Shabana Azmi
Ishkq in Paris,2013.0,95.0,208,3.8,751.0,1916,1599,Isabelle Adjani,Gaurav Chanana
Ishq,1997.0,161.0,20,6.9,10128.0,981,19,Ajay Devgn,Juhi Chawla
Ishq Forever,2016.0,125.0,409,4.0,96.0,2415,1082,Ruhi Singh,Javed Jaffrey
Ishq Hai Tumse,2004.0,148.0,409,3.1,151.0,790,666,Bipasha Basu,Beena Banerjee
Ishq Ka Manjan,2017.0,135.0,172,5.8,12.0,2188,1363,Asrani,Shakti Kapoor
Ishq Ke Parindey,2015.0,120.0,375,6.8,51.0,2560,1838,Priyanka Mehta,Manjul Azad
Ishq Mein Jeena Ishq Mein Marna,1994.0,134.0,409,5.7,10.0,1436,675,Brij Gopal,Shafi Inamdar
Ishq Ne Krazy Kiya Re,2015.0,0.0,409,7.6,18.0,1677,1492,Mugdha Godse,Nishant Malkani
Ishq Par Zor Nahin,1970.0,0.0,409,6.7,48.0,2181,1903,Dharmendra,Biswajit Chatterjee
Ishq Qayamat,2004.0,0.0,427,5.5,17.0,2949,2250,Milind Gunaji,Deepak Jethi
Ishq Tera,2018.0,122.0,331,5.5,12.0,1123,830,Shahbaaz Khan,Mohit Madaan
Ishq Vishk,2003.0,134.0,208,6.0,3937.0,1272,2043,Amrita Rao,Shenaz Treasury
Ishqedarriyaan,2015.0,132.0,409,4.8,151.0,2960,1300,Kavin Dave,Mohit Dutta
Ishqeria,2018.0,118.0,208,4.1,167.0,1919,1207,Raj Babbar,Richa Chadha
Ishqiya,2010.0,118.0,180,7.3,10075.0,61,2436,Naseeruddin Shah,Arshad Warsi
Isi Ka Naam Zindagi,1992.0,140.0,20,5.7,604.0,1204,19,Farha Naaz,Asrani
Isi Life Mein...!,2010.0,139.0,180,5.4,391.0,2999,147,Sandeepa Dhar,Mohnish Bahl
ISIS,2017.0,92.0,1,6.4,18.0,3126,222,Moshin Bhat,Snighdadeep Chatterji
ISIS: Enemies of Humanity,2017.0,135.0,1,7.5,8.0,3126,2537,Manon Faure,Rasheed Naz
Iski Topi Uske Sarr,1998.0,129.0,29,4.4,45.0,2123,344,Prem Chopra,Sunny Deol
Island City,2015.0,108.0,269,6.7,315.0,2298,2476,Amruta Subhash,Tannishtha Chatterjee
Issaq,2013.0,148.0,327,4.5,439.0,1476,1590,Amyra Dastur,Ravi Kishan
Issi Ka Naam Dunia Hai,1962.0,130.0,314,6.7,6.0,2564,377,Shyama,Mehmood
It Happens That Way Too: Part II,2003.0,137.0,165,7.3,719.0,2594,342,Prashant Narayanan,Sandhya Mridul
Iti Mrinalini: An Unfinished Letter...,2010.0,131.0,269,6.8,503.0,308,1075,Anjan Dutt,Rajat Kapoor
Itihaas,1987.0,138.0,282,5.0,34.0,2946,1636,Shabana Azmi,Rati Agnihotri
Itihaas,1997.0,154.0,50,3.5,292.0,2010,109,Twinkle Khanna,Amrish Puri
Itni Si Baat,1981.0,138.0,184,6.9,71.0,1411,1981,Moushumi Chatterjee,Arun Govil
It's Breaking News,2007.0,0.0,218,5.4,62.0,3071,2474,Abhijeet Bagalkote,Bijal Batavia
It's Entertainment,2014.0,140.0,20,4.5,7875.0,2390,703,Akshay Kumar,Tamannaah Bhatia
It's Rocking: Dard-E-Disco,2012.0,93.0,162,4.3,9.0,386,390,Arun Bakshi,Dinesh Hingoo
Ittefaq,1969.0,104.0,237,7.4,985.0,3106,1703,Nanda,Sujit Kumar
Ittefaq,2001.0,138.0,20,4.5,80.0,2457,2267,Mukul Dev,Pooja Batra
Ittefaq,2017.0,105.0,237,7.2,10842.0,45,2156,Sonakshi Sinha,Akshaye Khanna
Izzat,1937.0,108.0,0,6.1,17.0,788,627,Ashok Kumar,Kamta Prasad
Izzat,1968.0,135.0,327,7.0,74.0,2863,632,Tanuja,Jayalalitha J
Izzat,1952.0,0.0,0,6.4,5.0,2874,90,Jeevan,Manorama
Izzat,1991.0,156.0,39,5.8,43.0,374,871,Sangeeta Bijlani,Gulshan Grover
Izzat Ki Roti,1993.0,0.0,269,4.9,76.0,1155,2389,Birbal,Juhi Chawla
Izzatdaar,1990.0,172.0,29,5.0,183.0,1147,892,Dilip Kumar,Govinda
J.D.,2017.0,127.0,269,5.3,18.0,2553,1830,Arvind Gaur,Jaswir Kaur
Jaadugar,1989.0,173.0,189,4.1,484.0,1868,207,Jaya Prada,Amrita Singh
Jaag Utha Insan,1984.0,0.0,282,6.2,69.0,1169,1305,Sridevi,Rakesh Roshan
Jaago,2004.0,122.0,227,6.5,154.0,1536,1972,Raveena Tandon,Manoj Bajpayee
Jaagruti,1993.0,134.0,39,4.2,973.0,2830,1940,Karisma Kapoor,Ashok Saraf
Jaal,1952.0,165.0,240,7.2,115.0,880,617,Geeta Bali,K.N. Singh
Jaal,1986.0,0.0,52,5.0,103.0,2935,1819,Mithun Chakraborty,Mandakini
Jaal,1967.0,156.0,29,5.8,31.0,1587,504,Mala Sinha,Sujit Kumar
Jaal Saaz,1969.0,136.0,1,6.9,8.0,1558,318,Bambi,Bela Bose
Jaal: The Trap,2003.0,142.0,50,4.1,459.0,866,2271,Tabu,Reema Sen
Jaali Note,1960.0,155.0,29,7.3,77.0,2564,617,Madhubala,Kundan
Jaalsaaz,1999.0,0.0,427,6.4,15.0,2625,987,Madhoo,Ronit Roy
Jaan,1996.0,170.0,50,4.1,540.0,2010,109,Twinkle Khanna,Amrish Puri
Jaan Hatheli Pe,1987.0,160.0,1,5.6,48.0,1991,632,Jeetendra,Hema Malini
Jaan Hazir Hai,1975.0,140.0,269,5.9,7.0,1488,2389,Iftekhar,Jankidas
Jaan Ki Baazi,1985.0,139.0,1,4.7,43.0,119,1970,Anita Raj,Anuradha Patel
Jaan Lada Denge,1990.0,137.0,1,6.6,5.0,716,811,Sahila Chaddha,Natasha
Jaan Likhu Janam Likhu,2001.0,0.0,375,3.3,9.0,2548,418,0,0
Jaan Pechaan,1991.0,0.0,172,4.3,10.0,1220,2094,Sudha Chandran,Satish Shah
Jaan Se Pyaara,1992.0,180.0,29,5.3,106.0,224,768,Divya Bharti,Aruna Irani
Jaan Tere Naam,1992.0,150.0,327,5.9,147.0,649,1863,Farheen,Sulabha Deshpande
Jaana Pehchana,2011.0,0.0,269,4.8,26.0,2369,1896,Birbal,Pushkar Jog
Jaana... Let's Fall in Love,2006.0,0.0,180,5.7,34.0,2550,1703,Zeenat Aman,Rehan Khan
Jaanam,1992.0,127.0,409,4.6,68.0,3035,1660,Pooja Bhatt,Paresh Rawal
Jaanam Samjha Karo,1999.0,153.0,327,4.8,1705.0,242,1940,Urmila Matondkar,Jaspal Bhatti
Jaandaar,1979.0,0.0,38,4.6,5.0,2327,2489,Bindiya Goswami,Mahendra Sandhu
Jaane Bhi Do Yaaro,1983.0,132.0,165,8.4,13465.0,1358,1406,Ravi Baswani,Bhakti Barve
Jaane Hoga Kya,2006.0,155.0,37,2.7,167.0,277,760,Glenn,Aftab Shivdasani
Jaane Jigar,1998.0,175.0,173,3.3,30.0,335,2321,Jackie Shroff,Ayub Khan
Jaane Kahan Se Aayi Hai,2010.0,94.0,174,3.8,570.0,1544,1623,Akshay Kumar,Jacqueline Fernandez
Jaane Kyun De Yaaron,2018.0,131.0,269,4.8,38.0,162,1365,Akshay Anand,Kabir Bedi
Jaane Tu,2008.0,155.0,180,7.5,25819.0,40,843,Genelia D'Souza,Manjari Fadnnis
Jaane-Anjaane,1971.0,139.0,269,6.5,40.0,2564,2059,Leena Chandavarkar,Sandhya Roy
Jaan-E-Bahaar,1979.0,0.0,291,6.4,7.0,1866,390,Manju Asrani,Master Bhagwan
Jaanejaan,1983.0,0.0,422,4.2,5.0,2175,1764,Neetu Singh,Ajit
Jaaneman,1976.0,110.0,225,6.8,48.0,592,617,Hema Malini,Prem Nath
Jaan-E-Mann: Let's Fall in Love... Again,2006.0,165.0,178,6.1,8218.0,2622,1940,Akshay Kumar,Preity Zinta
Jaani Dost,1983.0,153.0,20,5.8,70.0,1157,632,Jeetendra,Parveen Babi
Jaani Dushman,1979.0,154.0,67,6.1,455.0,2108,2263,Sanjeev Kumar,Shatrughan Sinha
Jaani Dushman: Ek Anokhi Kahani,2002.0,170.0,65,2.8,3240.0,2108,2271,Arman Kohli,Manisha Koirala
Jaanisaar,2015.0,124.0,327,5.0,116.0,1623,841,Pernia Qureshi,Muzaffar Ali
Jaanleva Black Blood,2012.0,0.0,401,6.0,14.0,2139,1703,Rati Agnihotri,Tom Alter
Jaanoo,1985.0,0.0,291,5.3,24.0,1045,871,Kushboo,Rati Agnihotri
Jaanwar,1999.0,172.0,29,6.0,2578.0,2790,146,Karisma Kapoor,Shilpa Shetty Kundra
Jaanwar,1982.0,0.0,6,6.8,43.0,2305,1703,Zeenat Aman,Pradeep Kumar
Jaanwar Aur Insaan,1972.0,155.0,15,6.3,36.0,2887,2083,Rakhee Gulzar,Shabnam
Jaaydaad,1989.0,129.0,218,4.2,16.0,719,2083,Raj Babbar,Madhavi
Jab Andhera Hota Hai,1974.0,0.0,224,6.1,9.0,647,2466,Prema Narayan,Madan Puri
Jab Harry Met Sejal,2017.0,143.0,180,5.3,19349.0,974,2039,Anushka Sharma,Björn Freiberg
Jab Jab Phool Khile,1965.0,141.0,396,6.9,278.0,2820,1391,Shashi Kapoor,Agha
Jab Pyar Kisise Hota Hai,1961.0,139.0,178,6.8,120.0,1681,617,Asha Parekh,Sulochana Latkar
Jab Pyar Kiya to Darna Kya,1991.0,0.0,269,4.5,10.0,1129,2361,Abha Dhulia,Ashutosh Gowariker
Jab Se Tumhe Dekha Hai,1963.0,136.0,327,6.2,26.0,1270,1564,Geeta Bali,Siddhu
Jab Tak Hai Jaan,2012.0,176.0,327,6.7,52231.0,3106,2039,Katrina Kaif,Anushka Sharma
Jab Tum Kaho,2016.0,94.0,269,5.6,14.0,2575,1533,Ambalika Sarkar,Amit Bhardwaj
Jab We Met,2007.0,138.0,180,7.9,49012.0,974,2043,Kareena Kapoor,Tarun Arora
Jab Yaad Kisi Ki Aati Hai,1967.0,158.0,347,6.5,24.0,1678,1182,Dharmendra,Anoop Kumar
Jabariya Jodi,2019.0,125.0,20,4.4,1317.0,1888,2156,Parineeti Chopra,Javed Jaffrey
Jack & Dil,2018.0,98.0,184,7.5,715.0,2368,204,Arbaaz Khan,Sonal Chauhan
Jackpot,2013.0,132.0,214,2.0,721.0,1201,1406,Sunny Leone,Sachiin Joshi
Jacqueline I Am Coming,2019.0,112.0,269,8.1,17.0,470,1646,Kiran D Patil,Shakti Kumar
Jadoo,1951.0,0.0,294,5.8,8.0,42,2289,Shyam Kumar,Nalini Jaywant
Jadu Ka Shankh,1974.0,0.0,114,7.6,9.0,2385,1393,Sulabha Deshpande,Girish Karnad
Jadu Nagari,1986.0,0.0,8,4.0,9.0,1161,1992,Sridevi,0
Jadu Tona,1977.0,112.0,369,6.1,46.0,2231,377,Feroz Khan,Reena Roy
Jagadguru Aadi Sankaran,1977.0,0.0,0,8.0,7.0,1752,1367,Kaviyoor Ponnamma,J.A.R. Anand
Jaganmohini,1978.0,163.0,350,6.6,31.0,439,906,Narasimha Raju,Prabha
Jagga Jasoos,2017.0,161.0,4,6.5,9428.0,298,1761,Katrina Kaif,Saswata Chatterjee
Jaggu,1975.0,0.0,216,5.9,12.0,2418,957,Indira Bansal,Master Bhagwan
Jaggu,2004.0,0.0,1,4.1,9.0,2191,1572,Arjun Sarja,Reema Sen
Jaggu Bhai,1996.0,0.0,1,7.9,38.0,1560,1329,Ramya Krishnan,0
Jagir,1984.0,135.0,6,6.4,156.0,1873,632,Zeenat Aman,Mithun Chakraborty
Jagira,2001.0,139.0,29,5.1,17.0,1234,862,Hemant Birje,Pinky Chinoy
Jagriti,1955.0,138.0,173,6.8,140.0,2520,37,Pranoti Ghosh,Bipin Gupta
Jahan Ara,1964.0,0.0,409,5.6,18.0,3053,464,Mala Sinha,Shashikala
Jahan Jaaeyega Hamen Paaeyega,2007.0,137.0,19,3.9,42.0,1057,768,Divyaa Dwivedi,Razak Khan
Jahan Pyar Miley,1969.0,138.0,282,6.4,27.0,1381,2083,Hema Malini,Nadira
Jahan Tum Le Chalo,1999.0,173.0,409,6.1,23.0,668,1759,Shail Chaturvedi,Sonali Kulkarni
Jai Bangladesh,1971.0,0.0,162,6.5,12.0,969,657,Ambika Johar,I.S. Johar
Jai Bhim Comrade,2011.0,199.0,241,8.7,141.0,231,0,0,0
Jai Chhathi Maa,2019.0,141.0,339,7.8,8.0,1616,1596,Ravi Kishan,Gurleen Chopra
Jai Chitod,1961.0,0.0,66,7.0,11.0,1065,1464,Paidi Jairaj,Ram Singh
Jai Devaa,1993.0,0.0,409,3.6,7.0,1374,1127,Mithun Chakraborty,Danny Denzongpa
Jai Dhakshineshwari Kali Maa,1996.0,0.0,269,6.7,11.0,2582,118,Jayshree Gadkar,Hema Malini
Jai Ganesh Deva,2001.0,0.0,350,3.5,6.0,1161,615,Jai Ganesh,Nizhalgal Ravi
Jai Gangaajal,2016.0,149.0,218,5.6,2455.0,1865,1623,Prakash Jha,Manav Kaul
Jai Hanuman,1948.0,0.0,376,7.4,10.0,2172,1464,P. Kailash,Ram Kumar
Jai Ho,2014.0,135.0,39,5.1,18411.0,2687,1940,Daisy Shah,Tabu
Jai Ho! Democracy,2015.0,85.0,215,5.2,55.0,523,1774,Azb Dahal,Dolly Ahluwalia
Jai Jagannath,2007.0,127.0,295,7.9,37.0,2361,2221,Brendra N. Gochhikar,Sehenawaj Khan
Jai Jawaan Jai Kisaan,2015.0,100.0,153,5.2,28.0,1543,1787,Kanchan Awasthi,Rishi Bhutani
Jai Kaali,1992.0,0.0,427,5.7,11.0,1715,810,Jeetendra,Paresh Rawal
Jai Kishen,1994.0,129.0,39,5.1,623.0,2795,146,Ayesha Jhulka,Chandni
Jai Maa Vaishno Devi,1994.0,0.0,269,8.3,47.0,2600,1732,Gajendra Chauhan,Devidas Chippa
Jai Mahakali,1951.0,162.0,350,7.2,5.0,702,1464,Shahu Modak,Ulhas
Jai Mahalaxmi Maa,1976.0,0.0,350,7.2,8.0,3023,374,Kanan Kaushal,Anita Guha
Jai Mahalaxmi Maa,1997.0,0.0,269,6.0,8.0,1838,390,Rajni Bala,Rajesh Dubeay
Jai Mummy Di,2020.0,103.0,180,3.6,827.0,1688,1556,Supriya Pathak,Sunny Singh Nijjar
Jai Santoshi Maa,1975.0,145.0,294,6.2,118.0,3023,464,Ashish Kumar,Kanan Kaushal
Jai Santoshi Maa,2006.0,0.0,282,6.6,33.0,105,1490,Lalit Tiwari,Sanjay Swaraj
Jai Shiv Shankar,1990.0,90.0,269,5.3,19.0,2322,1703,Jeetendra,Dimple Kapadia
Jai Surya,2004.0,0.0,29,4.1,17.0,1494,1671,Kazan Khan,Laila
Jai Veeru: Friends Forever,2009.0,160.0,5,3.6,271.0,1937,701,Kunal Khemu,Dia Mirza
Jai Vikraanta,1995.0,195.0,1,5.0,87.0,2773,1970,Zeba Bakhtiar,Amrish Puri
Jail,2009.0,131.0,269,6.2,1242.0,1413,1225,Atul Kulkarni,Neil Nitin Mukesh
Jail Yatra,1947.0,0.0,0,6.8,10.0,803,678,Harish,Hemavathi
Jail Yatra,1981.0,0.0,77,6.6,39.0,497,377,Vinod Khanna,Reena Roy
Jailor,1958.0,0.0,218,6.0,12.0,2692,2177,Geeta Bali,Abhi Bhattacharya
Jaise Ko Taisa,1973.0,134.0,282,5.3,35.0,1618,920,Reena Roy,Srividya
Jaisi Karni Waisi Bharni,1989.0,168.0,172,5.6,223.0,3042,768,Kimi Katkar,Kader Khan
Jai-Vijay,1977.0,152.0,6,5.2,16.0,1363,920,Reena Roy,Prem Krishan
Jajantaram Mamantaram,2003.0,122.0,4,5.8,864.0,2702,898,Gulshan Grover,Joy Fernandes
Jal,2013.0,126.0,269,6.7,454.0,839,1629,Tannishtha Chatterjee,Kirti Kulhari
Jal Bin Machhli Nritya Bin Bijli,1971.0,0.0,396,6.9,31.0,2580,1962,Vatsala Deshmukh,Iftekhar
Jal Mahal,1980.0,130.0,350,5.7,15.0,1991,920,Rekha,Deven Verma
Jalebi,2018.0,112.0,327,6.0,2479.0,1943,1823,Varun Mitra,Digangana Suryavanshi
Jallaad,1995.0,144.0,39,5.7,162.0,2865,1305,Madhoo,Rambha
Jallad No. 1,2000.0,0.0,39,4.7,26.0,1234,862,Dharmendra,Shakti Kapoor
Jallian Wala Bagh,1977.0,185.0,360,7.0,33.0,464,2031,Gulzar,Vinod Khanna
Jalpari: The Desert Mermaid,2012.0,94.0,290,7.1,375.0,1717,1458,Lehar Khan,Krishang Trivedi
Jalte Badan,1973.0,0.0,269,5.7,15.0,2165,1103,Kiran Kumar,Neena
Jalwa,1987.0,134.0,84,6.6,149.0,1786,1406,Archana Puran Singh,Tejeshwar Singh
Jalwa: Fun in Love,2005.0,0.0,172,4.4,10.0,2104,726,Neha Bhatt,Daisy
Jamai Raja,1990.0,0.0,327,5.4,533.0,1310,810,Anil Kapoor,Madhuri Dixit
James,2005.0,0.0,77,3.7,330.0,2276,1321,Priyanka Kothari,Mohan Agashe
Jamun,2021.0,92.0,282,7.5,409.0,815,1646,Shweta Basu Prasad,Sunny Hinduja
Jan Pahchan,1950.0,114.0,327,7.1,61.0,769,1401,Raj Kapoor,Jeevan
Janam Janam,1988.0,0.0,405,5.7,43.0,3022,1836,Danny Denzongpa,Amrish Puri
Janam Janam Ke Phere: Alias Sati Anapurna,1957.0,0.0,282,5.7,6.0,1483,1464,Manher Desai,B.M. Vyas
Janam Kundli,1995.0,157.0,39,4.0,27.0,2893,920,Vinod Khanna,Reena Roy
Janam Se Pehle,1994.0,150.0,240,4.0,14.0,448,1668,Farha Naaz,Sumeet Saigal
Janani,2006.0,124.0,327,4.4,28.0,568,456,Ayesha Jhulka,Sonica Handa
Janasheen,2003.0,162.0,379,2.9,358.0,784,715,Fardeen Khan,Celina Jaitly
Janata Ki Adalat,1994.0,0.0,376,5.1,31.0,2865,1902,Sulabha Arya,Asrani
Janbaaz,1986.0,175.0,39,6.2,662.0,784,715,Anil Kapoor,Dimple Kapadia
Jangal Mein Mangal,1972.0,140.0,125,6.7,64.0,2064,1056,Reena Roy,Sonia Sahni
Jango,2016.0,110.0,401,2.7,11.0,76,1347,Jannat Ansari,Adam Avil
Janleva 555,2012.0,140.0,398,4.2,20.0,2787,2114,Raja Hasan,Akash Hora
Janmabhoomi,1936.0,139.0,269,5.9,9.0,788,627,Ashok Kumar,Pramila
Jannat,1949.0,0.0,0,7.1,8.0,1617,1816,Nazir Kashmiri,Munshi Munakka
Jannat 2,2012.0,150.0,227,6.2,5333.0,1351,694,Randeep Hooda,Esha Gupta
Jannat E Milan,2018.0,135.0,376,2.8,8.0,2613,1833,Shakshi Diwedi,Ajay Azad Singh
Jannat: In Search of Heaven...,2008.0,140.0,225,6.9,6080.0,1351,694,Sonal Chauhan,Armen Grayg
Janta Hawaldar,1979.0,126.0,165,6.5,44.0,1532,1703,Ashok Kumar,Yogeeta Bali
Janwar,1965.0,247.0,396,7.0,168.0,497,2059,Rajshree,Rehman
Jappanil Kalyanaraman,1985.0,138.0,25,6.0,121.0,2340,983,Radha,Sathyaraj
Jashnn: The Music Within,2009.0,125.0,320,3.9,250.0,927,1737,Adhyayan Suman,Shahana Goswami
Jattu Engineer,2017.0,139.0,162,5.8,3336.0,959,779,Muntazir Ahmad,Amardeep Insan
Jawaab,1985.0,0.0,422,6.7,30.0,2226,2455,Raj Babbar,Raj Bharti
Jawaani,1984.0,160.0,411,5.6,19.0,2175,1018,Neelam Kothari,Moushumi Chatterjee
Jawaani Jaaneman,2020.0,119.0,172,6.6,6371.0,1730,1926,Alaya F,Tabu
Jawab,1970.0,134.0,50,5.2,20.0,2169,377,Meena Kumari,Jeetendra
Jawab,1942.0,157.0,269,7.6,8.0,1765,1788,P.C. Barua,Ahindra Choudhury
Jawab,1995.0,0.0,50,4.1,45.0,119,1636,Karisma Kapoor,Harish
Jawab,1955.0,0.0,165,4.1,8.0,1003,741,Nasir Khan,Johnny Walker
Jawab Ayega,1968.0,82.0,339,6.0,5.0,1005,2042,Yogesh Bali,Meena Rai
Jawab Hum Denge,1987.0,135.0,1,5.6,37.0,3020,871,Sridevi,Shatrughan Sinha
Jawan Muhabat,1971.0,0.0,327,6.9,29.0,497,2059,Asha Parekh,Balraj Sahni
Jawani Diwani,1972.0,0.0,390,6.9,95.0,1671,1764,Jaya Bachchan,Balraj Sahni
Jawani Diwani: A Youthful Joyride,2006.0,111.0,180,2.9,464.0,1474,694,Celina Jaitly,Hrishitaa Bhatt
Jawani Ke Gunah,1989.0,120.0,269,4.6,8.0,2341,1732,Sahila Chaddha,Tina Ghai
Jawani Ki Hawa,1959.0,143.0,269,5.0,7.0,1392,1564,Vyjayanthimala,Purnima
Jawani Ki Kahani,1986.0,0.0,269,6.2,6.0,1179,41,Vijay Arora,Ramesh Deo
Jawani Zindabad,1990.0,163.0,327,5.6,652.0,337,19,Farha Naaz,Javed Jaffrey
Jayantabhai Ki Luv Story,2013.0,130.0,25,5.3,1270.0,3048,2508,Neha Sharma,Rahul Singh
Jayasimha,1955.0,0.0,269,7.5,15.0,3111,1374,Anjali Devi,S.V. Ranga Rao
Jazbaa,2015.0,119.0,29,5.8,3375.0,2451,102,Irrfan Khan,Shabana Azmi
Jazbaat,1994.0,0.0,409,2.0,28.0,236,2229,Rohit Roy,Karan Roy
Jazbaat,1980.0,124.0,269,4.2,26.0,2820,1668,Zarina Wahab,Shashi Puri
Jeena Hai Toh Thok Daal,2012.0,123.0,29,5.5,31.0,1477,1802,Manish Vatssalya,Yashpal Sharma
Jeena Isi Ka Naam Hai,2017.0,173.0,269,5.4,99.0,1276,319,Himansh Kohli,Ashutosh Rana
Jeena Marna Tere Sang,1992.0,150.0,77,4.8,70.0,3020,1970,Raveena Tandon,Javed Jaffrey
Jeena Nahin Bin Tere,1995.0,0.0,409,6.1,10.0,1381,449,Prasenjit Chatterjee,Shafi Inamdar
Jeena Sirf Merre Liye,2002.0,137.0,208,4.4,728.0,2876,1024,Tusshar Kapoor,Mallika Sherawat
Jeena Teri Gali Mein,1991.0,144.0,409,4.8,17.0,2911,1036,Amita Nangia,Kunickaa Sadanand
Jeena Yahan,1979.0,93.0,269,6.7,18.0,476,2093,Shabana Azmi,Dina Pathak
Jeene Do,1990.0,125.0,39,4.6,47.0,2089,1708,Sanjay Dutt,Jackie Shroff
Jeene Ki Arzoo,1981.0,132.0,269,5.9,22.0,2047,1305,Rati Agnihotri,Chandrashekhar
Jeene Ki Raah,1969.0,152.0,327,6.9,82.0,1363,920,Tanuja,Anjali Kadam
Jeene Nahi Doonga,1984.0,133.0,1,5.9,55.0,2108,632,Shatrughan Sinha,Raj Babbar
Jeene Nahin Doonga,2005.0,0.0,1,7.3,37.0,1842,2367,Prakash Raj,Tottempudi Gopichand
Jeeo Aur Jeene Do,1982.0,0.0,39,4.8,16.0,2665,920,Reena Roy,Nutan
Jeeo Shaan Se,1997.0,0.0,180,5.5,13.0,2876,632,Reena Roy,Vikas Bhalla
Jeet,1996.0,180.0,77,5.7,2169.0,2010,2271,Karisma Kapoor,Salman Khan
Jeet,1949.0,0.0,327,7.0,30.0,1572,2281,Dev Anand,Kanhaiyalal Chaturvedi
Jeet,1972.0,0.0,415,4.7,13.0,93,1764,Babita Kapoor,Heena Kausar
Jeet Hamaari,1983.0,149.0,1,4.8,22.0,1958,1735,Rajinikanth,Ranjeeta Kaur
Jeete Hain Shaan Se,1988.0,0.0,39,4.7,131.0,1269,1305,Sanjay Dutt,Govinda
Jeetenge Hum,2001.0,0.0,1,5.6,9.0,2796,667,Priya Gill,Gulshan Grover
Jeeva,1986.0,123.0,47,4.1,55.0,2020,1970,Mandakini,Amjad Khan
Jeevan Daata,1991.0,120.0,1,3.8,9.0,2858,560,Aditya Pancholi,Kimi Katkar
Jeevan Dhaara,1982.0,137.0,342,6.6,70.0,2161,1819,Amol Palekar,Raj Babbar
Jeevan Ek Sanghursh,1990.0,159.0,282,4.9,168.0,2006,1736,Anil Kapoor,Madhuri Dixit
Jeevan Jyoti,1976.0,136.0,282,6.3,11.0,1618,2441,Bindiya Goswami,Rakesh Pandey
Jeevan Ki Shatranj,1993.0,0.0,19,4.6,11.0,2322,1305,Avtar Gill,Aruna Irani
Jeevan Mrityu,1970.0,140.0,331,7.1,216.0,2520,632,Rakhee Gulzar,Ajit
Jeevan Natak,1935.0,139.0,0,6.2,12.0,637,685,Rampiary,Alaknanda
Jeevan Naya,1936.0,140.0,269,7.3,6.0,788,627,Ashok Kumar,Kamta Prasad
Jeevan Sangram,1974.0,0.0,39,6.8,12.0,2055,2083,Radha Saluja,Jalal Agha
Jeevan Yudh,1997.0,136.0,43,5.1,32.0,1805,1305,Atul Agnihotri,Mamta Kulkarni
Jeewan Jyoti,1953.0,0.0,269,6.4,22.0,1426,2059,Shashikala,Leela Mishra
Jewel Thief,1967.0,186.0,223,8.0,1771.0,3003,377,Dev Anand,Vyjayanthimala
Jhakaas!,2018.0,56.0,172,6.1,11.0,270,1356,Sangeeth Shobhan,Saraswat Mandarapu
Jhalki,2019.0,104.0,269,7.2,672.0,545,2338,Boman Irani,Tannishtha Chatterjee
Jhanak Jhanak Payal Baaje,1955.0,143.0,320,6.5,105.0,2580,764,Sandhya,Keshavrao Date
Jhanjaar,1986.0,0.0,52,3.5,6.0,2580,1508,Siddharth,Ranjana
Jhankaar Beats,2003.0,143.0,198,7.2,1976.0,2766,1979,Rahul Bose,Juhi Chawla
Jhansi Ki Rani,1953.0,97.0,153,6.9,89.0,2692,1291,Sohrab Modi,Mubarak
Jhansi Ki Rani Laxmibai,2012.0,140.0,360,7.1,15.0,2080,2361,Sadashiv Amrapurkar,Arav Chowdharry
Jheel Ke Us Paar,1973.0,142.0,327,7.2,88.0,497,632,Mumtaz,Prem Chopra
Jhol,2019.0,112.0,172,8.2,42.0,2563,164,Chetan Hansraj,Manisha Kelkar
Jhoola,1941.0,177.0,269,6.3,13.0,884,1128,Ashok Kumar,Shah Nawaz
Jhoola,1962.0,147.0,282,5.9,11.0,1161,2263,Vyjayanthimala,Pran
Jhoom Barabar Jhoom,2007.0,138.0,178,3.7,3043.0,2539,46,Preity Zinta,Bobby Deol
Jhoota Kahin Ka,1979.0,0.0,180,6.8,73.0,2226,1836,Neetu Singh,Indrani Mukherjee
Jhooth Bole Kauwa Kaate,1998.0,148.0,208,5.7,771.0,963,251,Juhi Chawla,Amrish Puri
Jhootha Hi Sahi,2010.0,142.0,180,6.1,1870.0,40,938,Paakhi A. Tyrewala,Raghu Ram
Jhootha Kahin Ka,2019.0,133.0,162,4.7,330.0,2684,1836,Jimmy Sheirgill,Sunny Singh Nijjar
Jhoothi,1985.0,136.0,162,6.6,129.0,963,1819,Raj Babbar,Amol Palekar
Jhoothi Shaan,1991.0,139.0,39,4.6,20.0,2196,2031,Mithun Chakraborty,Poonam Dhillon
Jhumroo,1961.0,171.0,178,7.0,539.0,2573,1068,Madhubala,Chanchal
Jhutha Sach,1984.0,0.0,282,6.1,44.0,760,632,Rekha,Amrish Puri
Ji Chahta Hai,1964.0,99.0,282,5.9,15.0,518,946,Rajshree,Jeevan
Jia aur Jia,2017.0,93.0,269,4.4,167.0,960,1825,Kalki Koechlin,Arslan Goni
Jiban Maran,1938.0,144.0,327,5.2,6.0,1727,968,Leela Desai,Devbala
Jigar,1949.0,0.0,0,2.6,28.0,1516,1257,0,0
Jigariyaa,2014.0,142.0,269,4.9,301.0,2022,803,Cherry Mardia,Deepak Chaddha
Jigarwala,1991.0,132.0,39,2.5,34.0,2858,251,Tina Ambani,Urmila Bhatt
Jigri Dost,1969.0,154.0,269,6.4,32.0,2231,920,Mumtaz,K.N. Singh
Jigyaasa,2006.0,147.0,269,3.4,263.0,766,1409,Rakesh Bedi,Hrishitaa Bhatt
Jihad,2017.0,144.0,269,8.6,47.0,2134,702,Alfeeya Donna,Ahmer Haider
Jimmy,2008.0,0.0,29,1.6,249.0,2020,1300,Vikas Anand,Rahul Dev
Jis Desh Mein Ganga Rehta Hain,2000.0,141.0,165,4.9,1187.0,1429,768,Sonali Bendre,Rinke Khanna
Jis Desh Men Ganga Behti Hai,1960.0,167.0,320,7.4,435.0,1986,1671,Padmini,Pran
Jism,2003.0,136.0,331,5.2,2061.0,205,499,John Abraham,Gulshan Grover
Jism 2,2012.0,130.0,331,3.0,3290.0,1835,1762,Arunoday Singh,Arif Zakaria
Jism Ka Rishta,1989.0,0.0,269,2.9,11.0,1423,1053,Haidar Ali,Mohan Choti
Jiyaala,1998.0,0.0,1,3.2,6.0,2913,2163,Poonam Jhawer,Aparajita
Jiyo To Aise Jiyo,1981.0,0.0,282,4.3,7.0,1225,345,Debashree Roy,Jayshree Gadkar
Jo Bole So Nihaal,2005.0,125.0,26,3.6,646.0,2006,2271,Thomas Tevana,Gary Castro Churchwell
Jo Dooba So Paar: It's Love in Bihar!,2011.0,90.0,165,5.7,71.0,1900,235,Rajat Kapoor,Sita Spada
Jo Hum Chahein,2011.0,0.0,327,4.5,100.0,1818,2272,Simran Kaur Mundi,Alyy Khan
Jo Jeeta Wohi Sikandar,1992.0,174.0,180,8.2,22147.0,1502,19,Ayesha Jhulka,Deepak Tijori
Jodhaa Akbar,2008.0,213.0,45,7.6,30717.0,392,831,Aishwarya Rai Bachchan,Sonu Sood
Jodi,1999.0,161.0,409,6.1,188.0,1902,1190,Sakthi Chidambaram,Isha Koppikar
Jodi Breakers,2012.0,127.0,204,3.5,1116.0,396,499,Helen,Pradeep Kharab
Jodi Kya Banayi Wah Wah Ramji,2003.0,0.0,162,3.8,47.0,2163,1869,Rakesh Bedi,Avtar Gill
Jodi No. 1,2001.0,140.0,208,5.8,2299.0,630,1970,Govinda,Twinkle Khanna
Jogan,1950.0,116.0,320,7.4,80.0,1293,1401,Dilip Kumar,Pratima Devi
Joggers' Park,2003.0,133.0,208,6.2,353.0,236,2434,Perizaad Zorabian,Divya Dutta
Jogi the King,2005.0,172.0,39,7.3,266.0,1907,2110,Neenasam Ashwath,Yana Gupta
Johar in Bombay,1967.0,150.0,174,6.4,14.0,2582,837,Sonia Sahni,Rajendranath Malhotra
Johar in Kashmir,1966.0,122.0,52,6.8,12.0,969,1360,Rajan Haksar,I.S. Johar
Johar Mehmood in Hong Kong,1971.0,134.0,162,6.8,49.0,2321,837,Mehmood,Sonia Sahni
Johar-Mehmood in Goa,1965.0,145.0,4,6.8,44.0,969,1289,Simi Garewal,I.S. Johar
John Day,2013.0,138.0,29,5.6,831.0,103,1406,Randeep Hooda,Elena Kazan
John Jani Janardhan,1984.0,0.0,20,6.4,39.0,2161,1787,J.N. Anand,Bihari
Johnny,1980.0,140.0,29,7.5,423.0,1009,1712,K. Balaji,Unni Mary
Johnny Gaddaar,2007.0,135.0,224,7.8,11795.0,2720,632,Rimi Sen,Ashwini Kalsekar
Johnny-Walker,1957.0,151.0,208,6.0,9.0,1405,571,Shyama,Johnny Walker
Johny I Love You,1982.0,171.0,77,4.9,36.0,2131,1970,Rati Agnihotri,Suresh Oberoi
Johny Mera Naam,1970.0,159.0,48,7.3,760.0,3003,617,Hema Malini,Pran
Johny Ustad,1984.0,0.0,1,5.4,13.0,1009,2386,Rajinikanth,Sridevi
Joker,2012.0,104.0,188,2.4,5235.0,2622,146,Sonakshi Sinha,Shreyas Talpade
Jolly LLB,2013.0,135.0,172,7.5,18466.0,2732,342,Amrita Rao,Boman Irani
Jolly LLB 2,2017.0,137.0,172,7.2,23030.0,2732,146,Huma Qureshi,Saurabh Shukla
Joroo Ka Ghulam,1972.0,0.0,184,6.9,91.0,1,1391,Rajesh Khanna,Sharad Kumar
Joru Ka Ghulam,2000.0,169.0,180,5.1,1038.0,2559,768,Twinkle Khanna,Kader Khan
Josef - Born in Grace,2019.0,100.0,269,9.0,12.0,2840,2434,Subrat Dutta,Sudarshan Juyal
Josh,2000.0,162.0,48,6.2,9667.0,1502,659,Shah Rukh Khan,Aishwarya Rai Bachchan
Josh,1981.0,0.0,1,5.6,8.0,2020,249,Ashok Gaekwad,Helen
Josh-E-Jawaani,2001.0,0.0,409,4.2,9.0,553,1732,Kishore Anand Bhanushali,Ramesh Goyal
Joshila,1973.0,137.0,336,6.2,104.0,3106,617,Hema Malini,Pran
Joshilaay,1989.0,107.0,54,5.7,265.0,2670,2271,Anil Kapoor,Sridevi
Journey Bombay to Goa: Laughter Unlimited,2007.0,138.0,4,4.6,376.0,2021,2265,Vijay Raaz,Raju Srivastava
Journeyings and Conversations,2004.0,88.0,241,7.4,13.0,350,0,0,0
Joy: The Real Love Story,2007.0,127.0,331,2.1,1619.0,1882,824,Hansika Motwani,Mallika Sherawat
Juaari,1994.0,184.0,39,3.1,34.0,1030,632,Arman Kohli,Shilpa Shirodkar
Juari,1968.0,155.0,409,6.6,21.0,2820,2083,Nanda,Tanuja
Judaai,1997.0,167.0,180,6.1,2249.0,2010,251,Sridevi,Urmila Matondkar
Judaai,1980.0,149.0,342,5.9,70.0,2161,377,Jeetendra,Rekha
Judge Mujrim,1997.0,137.0,39,3.9,66.0,1030,920,Sunil Shetty,Sujata Mehta
Judgementall Hai Kya,2019.0,121.0,179,5.9,5419.0,1867,998,Rajkummar Rao,Amyra Dastur
Judwaa,1997.0,138.0,20,6.1,5679.0,630,1940,Karisma Kapoor,Rambha
Judwaa 2,2017.0,145.0,18,3.6,9622.0,630,2419,Jacqueline Fernandez,Taapsee Pannu
Jugaad,2009.0,0.0,172,5.3,73.0,1342,1225,Hrishitaa Bhatt,Vijay Raaz
Jugni,2016.0,115.0,269,6.2,137.0,2606,304,Sadhana Singh,Sugandha Garg
Jugnu,1973.0,149.0,52,6.5,182.0,1873,632,Hema Malini,Pran
Jugnu,1947.0,0.0,320,7.5,81.0,2602,658,Noor Jehan,Shashikala
Julie,1975.0,145.0,346,6.1,261.0,1188,1116,Vikram Makandar,Nadira
Julie,2004.0,144.0,327,4.0,404.0,656,1446,Priyanshu Chatterjee,Yash Tonk
Julie 2,2017.0,159.0,331,2.3,311.0,656,1472,Raai Laxmi,Rati Agnihotri
Jumbish: A Movement - The Movie,1986.0,0.0,409,3.9,11.0,2398,1508,Akbar Khan,Shafi Inamdar
Junction Varanasi,2019.0,149.0,269,3.7,22.0,698,621,Anjali Abrol,Dheeraj Pandit
June,2021.0,93.0,269,9.4,18.0,2764,2407,Nilesh Divekar,Jitendra Joshi
Jung,1996.0,146.0,29,4.0,233.0,2161,1305,Ajay Devgn,Rambha
Jung,2000.0,147.0,29,4.2,364.0,2451,1970,Jackie Shroff,Aditya Pancholi
Jung Aur Aman,1968.0,128.0,0,5.1,8.0,1659,1358,Dara Singh,Mohan Choti
Jung Baaz,1989.0,143.0,28,5.6,75.0,1536,768,Danny Denzongpa,Prem Chopra
Jungle,2000.0,146.0,13,6.1,1102.0,2147,2267,Fardeen Khan,Urmila Matondkar
Jungle Beauty,1991.0,0.0,2,3.7,11.0,716,945,Rajeev Kumar,Puneet Issar
Jungle Hero,2002.0,0.0,18,4.9,7.0,1175,203,Kirti Shetty,Sapna Sappu
Jungle Ki Beti,1988.0,0.0,90,3.3,11.0,1957,1939,Arjun,Brando Bakshi
Jungle Ki Rani,1936.0,0.0,90,2.8,15.0,1665,0,0,0
Jungle Ki Sherni,2001.0,0.0,6,5.5,12.0,1234,1986,Amit Pachori,Vinod Tripathi
Jungle Love Story,1998.0,133.0,409,6.2,6.0,716,1810,Amrit Pal,Raju Srivastava
Junglee,1961.0,139.0,178,7.3,467.0,2737,2059,Saira Banu,Shashikala
Junglee,2019.0,115.0,15,5.6,1658.0,605,2438,Lars Kjeldsen,Asha Bhat
Junko,2017.0,78.0,216,3.1,8.0,55,1438,Aayush Thakur,Aarav Mavi
Junoon,1979.0,141.0,269,7.6,503.0,2662,2083,Nafisa Ali,Shabana Azmi
Junoon,1992.0,123.0,310,5.6,531.0,1423,1660,Pooja Bhatt,Avinash Wadhawan
Junoon,2002.0,0.0,269,4.2,12.0,2457,533,Shilpa Shetty Kundra,Sonali Kulkarni
Junooniyat,2016.0,155.0,327,4.2,708.0,3087,1626,Yami Gautam,Gulshan Devaiah
Jurm,1990.0,103.0,36,5.6,129.0,1423,2487,Meenakshi Sheshadri,Sangeeta Bijlani
Jurm,2005.0,150.0,224,5.4,482.0,3035,982,Bobby Deol,Lara Dutta
Jurmana,1979.0,139.0,327,6.8,176.0,963,1736,Amitabh Bachchan,Shreeram Lagoo
Jurmana,1996.0,134.0,1,5.4,31.0,2865,1305,Rambha,Ashwini Bhave
Jurrat,1989.0,146.0,28,4.6,23.0,630,2085,Kumar Gaurav,Amala Akkineni
Just Like That,2019.0,109.0,269,7.9,30.0,1309,2365,Harish Khanna,Mohini Sharma
Just Married: Marriage Was Only the Beginning!,2007.0,135.0,180,5.3,495.0,1529,701,Esha Deol,Neelima Azim
Justice,1973.0,0.0,218,6.0,8.0,93,2511,Vijay Arora,Tanuja
Justice Chaudhury,1983.0,156.0,270,5.6,75.0,1157,920,Hema Malini,Sridevi
Justice Chowdhary,2000.0,0.0,1,4.3,21.0,1469,344,Mithun Chakraborty,Pinky Chinoy
Jwaala Daaku,1981.0,0.0,1,5.3,9.0,1969,1170,Asha Sachdev,Farida Jalal
Jwala,1971.0,0.0,28,5.2,33.0,1404,2263,Madhubala,Sohrab Modi
Jwalamukhi,1980.0,162.0,79,5.8,28.0,1868,2511,Shatrughan Sinha,Reena Roy
Jwalamukhi,2000.0,135.0,39,4.2,29.0,1030,2446,Abdul Rehman Sheikh,Arjun
Jwar Bhata,1944.0,120.0,327,7.6,34.0,212,1874,Aga Jaan,Vikram Kapoor
Jwar Bhata,1973.0,0.0,282,6.7,58.0,93,1927,Dharmendra,Sujit Kumar
Jwlwi - The Seed,2019.0,90.0,269,8.0,24.0,2112,1666,Mondeep Basumatary,Rajni Basumatary
Jyoti,1969.0,0.0,282,6.2,6.0,745,1981,Nivedita,Abhi Bhattacharya
Jyoti,1981.0,144.0,269,5.9,31.0,1873,119,Birbal,Vijayendra Ghatge
Jyoti Bane Jwala,1980.0,166.0,283,5.0,38.0,1669,920,Vinod Mehra,Ashok Kumar
Kaabil,2017.0,139.0,29,7.1,24942.0,2451,831,Yami Gautam,Ronit Roy
Kaaboo,2002.0,135.0,1,6.5,29.0,2996,1688,Sudesh Berry,Abhay Bhargava
Kaadan,2021.0,170.0,44,9.1,2219.0,1851,1644,Rana Daggubati,Abudhar Al Hassan
Kaadhal Parisu,1987.0,143.0,327,6.1,97.0,2,983,Radha,Ambika
Kaafila,1990.0,0.0,336,3.4,18.0,2747,676,Sadashiv Amrapurkar,Joy Augustine
Kaafila,2007.0,0.0,1,3.3,174.0,211,2271,Sudesh Berry,Sana
Kaafiron Ki Namaaz,2013.0,149.0,336,7.1,274.0,2160,170,Chandra Shekhar Dutta,Joydip Mukhopadhyay
Kaagaz,2021.0,109.0,148,7.6,6738.0,2509,1517,Monal Gajjar,Satish Kaushik
Kaagaz Ke Fools,2015.0,109.0,162,3.9,136.0,250,2476,Mugdha Godse,Raima Sen
Kaagaz Ke Phool,1959.0,148.0,409,8.0,2136.0,880,2511,Guru Dutt,Kumari Naaz
Kaagaz Ki Kashti,2017.0,127.0,241,8.9,203.0,545,751,Talat Aziz,Mahesh Bhatt
Kaagaz Ki Nao,1975.0,0.0,269,6.5,11.0,448,1994,Reena Ghosh,Master Mithu
Kaajal,1965.0,168.0,320,6.2,119.0,2155,1274,Dharmendra,Padmini
Kaal,2005.0,126.0,120,4.6,5039.0,2689,109,Vivek Oberoi,John Abraham
Kaal Chakra,1988.0,0.0,39,5.8,13.0,720,862,Sadashiv Amrapurkar,Madan Jain
Kaala,2018.0,162.0,39,6.7,8163.0,1772,1712,Nana Patekar,Samuthirakani
Kaala Aadmi,1978.0,0.0,84,6.3,11.0,2177,2263,Saira Banu,Pran
Kaala Mandir,2000.0,0.0,363,2.6,5.0,1694,1067,Birbal,Shakti Kapoor
Kaala Patthar,1979.0,176.0,45,7.7,2207.0,3106,207,Shashi Kapoor,Shatrughan Sinha
Kaala Samrajya,1999.0,119.0,36,4.2,36.0,647,2267,Monica Bedi,Amrish Puri
Kaala Sona,1975.0,137.0,84,6.4,61.0,2231,715,Parveen Babi,Prem Chopra
Kaalakaandi,2018.0,112.0,214,6.3,2612.0,160,1926,Asif Basra,Neil Bhoopalam
Kaali Khuhi,2020.0,90.0,311,3.4,1032.0,2903,2031,Sanjeeda Sheikh,Riva Arora
Kaali Ki Saugandh,2000.0,90.0,1,5.0,7.0,2353,277,Dharmendra,Johny Fever
Kaali Topi Lal Rumaal,2000.0,0.0,29,6.2,29.0,3020,1305,Zeenat Ibrahim,Kamal Sadanah
Kaalia,1981.0,157.0,39,6.8,1412.0,2911,207,Asha Parekh,Parveen Babi
Kaalia,1997.0,0.0,1,5.9,42.0,664,1305,Kiran Kumar,Johnny Lever
Kaalo,2010.0,79.0,46,3.3,260.0,3099,84,Swini Khara,Aditya Lakhia
Kaam Jwala: The Fire,2004.0,73.0,269,2.7,9.0,1234,203,Sapna Sappu,Junior Jagdeep
Kaam Shastra,1975.0,136.0,427,6.4,13.0,1910,165,Ramesh Aurora,Urmila Bhatt
Kaamaagni,1987.0,134.0,314,4.6,7.0,381,2300,Tina Ambani,Leena Das
Kaamannana Makkalu,2008.0,0.0,20,6.6,75.0,596,2231,Rockline Venkatesh,Deepu
Kaamchor,1982.0,135.0,282,6.6,131.0,1169,1735,Jaya Prada,Tanuja
Kaamyaab,1984.0,0.0,1,5.5,18.0,1157,920,Shabana Azmi,Radha
Kaanch Ki Deewar,1986.0,0.0,282,4.5,8.0,1400,1981,Smita Patil,Shakti Kapoor
Kaanchi,2014.0,151.0,320,4.2,590.0,2731,1302,Kartik Aaryan,Rishi Kapoor
Kaanchli Life in a Slough,2020.0,101.0,269,7.3,85.0,642,1975,Shikha Malhotra,Nareshpal Singh Chouhan
Kaanoon Ki Awaaz,1989.0,127.0,28,3.8,10.0,1755,1635,Balwant Dullat,Shatrughan Sinha
Kaante,2002.0,150.0,29,6.5,4738.0,2451,207,Sanjay Dutt,Sunil Shetty
Kaaranama,1990.0,138.0,269,4.8,17.0,2200,2487,Kimi Katkar,Farha Naaz
Kaash,1987.0,140.0,269,6.3,197.0,1423,871,Dimple Kapadia,Master Makrand
Kaash,2015.0,106.0,269,5.0,20.0,999,1452,Kavya Trehan,Varun Mitra
Kaash Mere Hote,2009.0,0.0,427,5.7,21.0,442,1703,Sneha Ullal,Kumar Saahil
Kaash... Hamara Dil Pagal Na Hota,2003.0,149.0,162,3.6,7.0,1452,2268,Chetan Aneja,Mithun Purandare
Kaashi in Search of Ganga,2018.0,125.0,427,5.4,259.0,700,1607,Aishwarya Devan,Kranti Prakash Jha
Kab Tak Chup Rahungi,1988.0,0.0,269,5.8,9.0,2863,173,Vikas Anand,Darshan
Kab? Kyoon? Aur Kahan?,1970.0,136.0,75,6.8,117.0,324,632,Babita Kapoor,Pran
Kabaad- The Coin,2021.0,132.0,269,6.6,76.0,2971,2505,Zoya Afroz,Abhishek Bajaj
Kabali,2016.0,153.0,29,6.2,11886.0,1772,1712,Winston Chao,Radhika Apte
Kabeela,1976.0,0.0,5,6.5,19.0,541,715,Rekha,Kamini Kaushal
Kabhi Ajnabi Thé,1985.0,0.0,421,5.0,14.0,3024,1556,Sandeep Patil,Debashree Roy
Kabhi Alvida Naa Kehna,2006.0,193.0,327,6.1,18783.0,1248,2039,Rani Mukerji,Amitabh Bachchan
Kabhi Haan Kabhi Naa,1994.0,158.0,177,7.8,17567.0,1358,2039,Suchitra Krishnamoorthi,Deepak Tijori
Kabhi Khushi Kabhie Gham...,2001.0,210.0,320,7.4,46172.0,1248,2039,Kajol,Amitabh Bachchan
Kabhi Na Kabhi,1998.0,157.0,50,4.3,158.0,1925,871,Anil Kapoor,Pooja Bhatt
Kabhi Paas Kabhi Fail,1999.0,95.0,184,6.2,20.0,3065,1930,Saurabh Shukla,Sona
Kabhie Kabhie,1976.0,177.0,327,7.4,1986.0,3106,207,Shashi Kapoor,Rakhee Gulzar
Kabhie Tum Kabhie Hum,2002.0,0.0,173,4.4,14.0,2290,1189,Charuhas Shidore,Anjan Srivastav
Kabir Singh,2019.0,173.0,50,7.1,27731.0,2438,2043,Kiara Advani,Nikita Dutta
Kabli Khan,1963.0,123.0,70,4.8,9.0,1143,119,Helen,Samson
Kabrastan,1988.0,135.0,363,3.7,27.0,1561,811,Kamna,Javed Khan
Kabrastan,2000.0,109.0,363,3.1,16.0,2184,200,Satnam Kaur,Shehzad Khan
Kabul Express,2006.0,105.0,94,6.8,3181.0,1193,938,Arshad Warsi,Salman Shahid
Kabuliwala,1961.0,95.0,269,7.8,317.0,942,443,Baby Sonu,Usha Kiran
Kabzaa,1988.0,143.0,29,5.9,185.0,1423,1668,Sanjay Dutt,Amrita Singh
Kaccha Limboo,2011.0,141.0,184,6.4,88.0,2379,1365,Karan Bhanushali,Bhairavi Goswami
Kacha Chor,1977.0,0.0,269,4.4,7.0,1050,1764,Rekha,Som Dutt
Kachche Dhaage,1999.0,144.0,52,6.0,1428.0,1542,109,Saif Ali Khan,Manisha Koirala
Kachche Heere,1982.0,0.0,1,5.3,27.0,1671,715,Reena Roy,Danny Denzongpa
Kachchi Sadak,2006.0,145.0,39,6.1,34.0,2446,1661,Parmita Katkar,Tinnu Anand
Kadakh,2019.0,108.0,183,7.0,1381.0,2049,1779,Mansi Multani,Palomi Ghosh
Kadal Meengal,1981.0,137.0,269,6.6,76.0,795,983,Sujatha,Ambika
Kadamban,2017.0,142.0,6,5.3,417.0,1629,358,Catherine Tresa,Deepraj Rana
Kadambari,1976.0,0.0,327,6.4,7.0,953,2031,Vijay Arora,Chand Usmani
Kadhal Desam,1996.0,158.0,180,6.8,458.0,1263,32,S.P. Balasubrahmanyam,Chaplin Balu
Kadhal Mannan,1998.0,135.0,327,7.1,789.0,2492,127,Maanu,M.S. Viswanathan
Kadke Kamal Ke,2019.0,136.0,162,6.8,5.0,1376,24,Neeta Dhungana,Rajpal Yadav
Kadvi Hawa,2017.0,95.0,269,8.1,985.0,1717,1458,Sanjay Mishra,Ranvir Shorey
Kafan,1990.0,147.0,363,5.8,48.0,701,899,Jamuna,Viju Khote
Kagaar: Life on the Edge,2003.0,150.0,218,5.7,50.0,1625,1495,Nandita Das,Amitabh Dayal
Kahaani,2012.0,122.0,408,8.1,59060.0,2766,2436,Parambrata Chattopadhyay,Indraneil Sengupta
Kahaani 2,2016.0,127.0,408,6.6,5159.0,2766,2436,Arjun Rampal,Jugal Hansraj
Kahaani Gudiya Ki...: True Story of a Woman,2008.0,112.0,151,5.8,32.0,1841,675,Arif Zakaria,Rajpal Yadav
Kahan Hai Kanoon,1989.0,131.0,1,6.9,7.0,649,1902,Anand Balraj,Sudhir Dalvi
Kahan Ho Tum,2003.0,0.0,282,3.9,22.0,3013,861,Samir Soni,Sharman Joshi
Kahan Kahan Se Guzar,1986.0,0.0,317,5.4,10.0,257,0,0,0
Kahan Kahan Se Guzar Gaya,1981.0,0.0,269,5.3,11.0,1403,1248,Ajoy Bannerjee,Enakshi Bannerjee
Kahani Ek Chor Ki,1981.0,138.0,28,5.2,9.0,2315,390,Master Bhagwan,Chandrashekhar
Kahani Hum Subb Ki,1973.0,0.0,327,3.1,9.0,2108,1182,Om Prakash,Arun Chopra
Kahani Kismat Ki,1973.0,131.0,39,6.0,90.0,324,632,Rekha,Ajit
Kahani Kismat Ki,1999.0,0.0,1,4.9,8.0,776,1127,Mithun Chakraborty,Shama Deshpande
Kahin Aur Chal,1968.0,0.0,269,6.9,14.0,3003,617,Asha Parekh,Shubha Khote
Kahin Din Kahin Raat,1968.0,165.0,38,5.6,14.0,627,504,Sapana,Pran
Kahin Hai Mera Pyar,2014.0,138.0,320,5.7,18.0,1434,1191,Eesha Agarwal,Gajendra Chauhan
Kahin Pyaar Na Ho Jaaye,1963.0,120.0,162,7.5,24.0,1207,2050,Mehmood,Om Prakash
Kaho Naa... Pyaar Hai,2000.0,172.0,71,6.9,14186.0,2137,831,Ameesha Patel,Anupam Kher
Kahtey Hain Mujhko Raja,1975.0,0.0,55,5.2,21.0,537,632,Biswajit Chatterjee,Hema Malini
Kai Kodukkam Kai,1984.0,131.0,39,6.3,75.0,1009,547,Y.G. Mahendran,Rajinikanth
Kai Po Che,2013.0,120.0,334,7.8,34048.0,67,204,Sushant Singh Rajput,Rajkummar Rao
Kairee,1999.0,93.0,269,5.4,104.0,215,2534,Shilpa Navalkar,Mohan Gokhale
Kaisay Kahein...,2007.0,123.0,327,6.2,54.0,1580,1729,Neha Julka,Aditi Govitrikar
Kaise Kahoon,1964.0,0.0,269,6.6,11.0,407,504,Nanda,Om Prakash
Kaise Kahoon Ke... Pyaar Hai,2003.0,0.0,238,3.3,34.0,259,199,Sharbani Mukherjee,Dharmendra
Kaise Kaise Rishte,1993.0,0.0,409,4.9,7.0,146,417,Shahbaaz Khan,Vikas Anand
Kajarya,2013.0,132.0,269,6.6,131.0,1414,1278,Ridhima Sud,Kuldeep Ruhil
Kajraare,2010.0,112.0,225,2.8,404.0,1835,824,Sara Loren,Amrita Singh
Kajri,2013.0,84.0,269,6.0,48.0,966,338,0,0
Kaksparsh,2012.0,140.0,286,7.9,779.0,1429,1897,Priya Bapat,Abhijit Kelkar
Kal Aaj Aur Kal,1971.0,156.0,346,6.9,308.0,2193,1613,Raj Kapoor,Babita Kapoor
Kal Hamara Hai,1959.0,127.0,269,6.7,18.0,2329,1166,Bharat Bhushan,Jayant
Kal Hamara Hai,2016.0,0.0,269,5.9,9.0,705,2108,Tarun Gahlot,Himanshu Kohli
Kal Ho Naa Ho,2003.0,186.0,178,7.9,64972.0,1716,1599,Shah Rukh Khan,Saif Ali Khan
Kal Ki Awaz,1992.0,162.0,1,6.2,65.0,447,1799,Dharmendra,Raj Babbar
Kal Kissne Dekha,2009.0,134.0,36,3.6,435.0,3091,872,Nushrat Bharucha,David Bueno
Kal: Yesterday and Tomorrow,2005.0,120.0,326,6.3,111.0,2296,2098,Murad Ali,Ahmed Chaudhary
Kala Aadmi,1960.0,140.0,49,6.0,7.0,2980,377,Shyama,Johnny Walker
Kala Bazaar,1989.0,160.0,39,5.5,203.0,2137,251,Jackie Shroff,Farha Naaz
Kala Bazar,1960.0,163.0,223,7.4,262.0,3003,617,Waheeda Rehman,Nanda
Kala Coat,1993.0,0.0,29,3.3,6.0,1533,1007,Meera Madhuri,Bandini Mishra
Kala Dhanda Goray Log,1986.0,158.0,282,5.7,35.0,2455,2263,Sanjay Khan,Anita Raj
Kala Jigar,1939.0,0.0,0,3.3,173.0,989,0,0,0
Kala Pani,1958.0,164.0,233,7.1,277.0,2013,617,Madhubala,Nalini Jaywant
Kala Pani,1980.0,126.0,1,5.6,16.0,2617,2083,Neetu Singh,Bindu
Kala Suraj,1985.0,0.0,39,4.3,6.0,669,2085,Sulakshana Pandit,Rakesh Roshan
Kalaakaar,1983.0,0.0,347,6.2,76.0,1759,1107,Sridevi,Rakesh Bedi
Kalabaaz,1977.0,145.0,6,6.4,29.0,385,617,Zeenat Aman,Pradeep Kumar
Kalaignan,1993.0,143.0,52,6.3,221.0,794,983,Bindiya,Farheen
Kalank,1979.0,0.0,269,5.4,12.0,1539,0,0,0
Kalank,2019.0,166.0,327,3.6,11873.0,72,2419,Alia Bhatt,Madhuri Dixit
Kali Ganga,1990.0,0.0,1,4.0,16.0,2020,663,Suresh Oberoi,Govinda
Kali Ghata,1951.0,145.0,327,6.3,9.0,1307,1070,Bina Rai,Asha Mathur
Kali Ghata,1980.0,131.0,423,5.8,33.0,2979,2083,Rekha,Danny Denzongpa
Kali Salwaar,2002.0,112.0,269,6.2,95.0,773,1910,Irrfan Khan,Surekha Sikri
Kali Topi Lal Rumal,1959.0,129.0,396,5.7,15.0,2888,2050,Chandrashekhar,Agha
Kalichaat,2018.0,70.0,269,8.0,6.0,2749,1570,Virendra Kumar Nathenial,Geetika Shyam
Kalicharan,1976.0,143.0,5,6.7,251.0,2731,2085,Reena Roy,Ajit
Kalicharan,1998.0,0.0,1,4.9,11.0,972,862,Monica Bedi,Bob Christo
Kalidas,1931.0,0.0,304,6.2,12.0,890,2315,P.G. Venkatesan,L.V. Prasad
Kalka,1983.0,0.0,269,6.0,8.0,1385,2085,Raj Babbar,Rameshwari
Kalloori Vaasal,1996.0,135.0,208,5.1,159.0,1817,127,Prashanth,Pooja Bhatt
Kalpana,1960.0,0.0,409,7.1,19.0,1965,377,Padmini,Ragini
Kalpana,1948.0,122.0,376,6.7,39.0,2925,1117,Usha Kiran,Lalitha
Kalsandhya,1997.0,124.0,269,7.2,13.0,487,814,Munin Barua,Mridula Baruah
Kalyug,1981.0,152.0,269,7.8,501.0,2662,2083,Rekha,Raj Babbar
Kalyug,2005.0,126.0,29,6.5,2566.0,1582,1109,Deepal Shaw,Smiley Suri
Kalyug Aur Ramayan,1987.0,0.0,269,4.4,53.0,459,1231,Rajiv Goswami,Madhavi
Kalyug Ke Avtaar,1995.0,0.0,77,3.2,13.0,2665,920,Reena Roy,Madhoo
Kama Sundari,2001.0,130.0,427,5.2,17.0,466,1330,Nagesh Bhonsle,Satyendra Kapoor
Kamaal Dhamaal Malamaal,2012.0,148.0,172,4.1,750.0,1925,1390,Shreyas Talpade,Om Puri
Kamasutra 3D,2013.0,110.0,327,6.5,510.0,2303,1316,Abha Paul,Makrand Deshpande
Kambakkht Ishq,2009.0,142.0,25,3.9,6741.0,2360,2312,Denise Richards,Brandon Routh
Kaminey,2009.0,130.0,29,7.4,16640.0,3070,2043,Priyanka Chopra Jonas,Deb Mukherjee
Kamla,1984.0,120.0,269,7.1,55.0,1021,2031,Deepti Naval,Marc Zuber
Kamla Ki Maut,1989.0,95.0,269,7.2,212.0,476,1515,Supriya Pathak,Roopa Ganguly
Kamlabai,1992.0,46.0,241,7.6,8.0,2243,991,0,0
Kamsin: The Untouched,1997.0,88.0,269,5.1,12.0,207,501,K.K. Goswami,Jyoti
Kan Kan Men Bhagwan,1963.0,124.0,105,5.8,10.0,459,261,Mahipal,Ram Singh
Kanave Kalaiyadhe,1999.0,157.0,39,6.0,22.0,2945,1892,Charlie,Chinnijayanth
Kanch Ki Gudiya,1961.0,0.0,282,4.7,7.0,920,1231,Sayeeda Khan,Shubha Khote
Kandy Twist,2019.0,113.0,269,8.2,8.0,2628,664,Pari Chaudhary,Greg de Sousa
Kaneez,1949.0,140.0,303,6.2,5.0,1327,1362,Shyam,Urmila
Kangan,1959.0,144.0,401,6.8,9.0,1659,1464,Ashok Kumar,Purnima
Kangan,1971.0,139.0,269,6.6,16.0,1171,377,Mala Sinha,Sanjeev Kumar
Kanhaiya,1959.0,175.0,416,6.7,45.0,1744,1671,Nutan,Lalita Pawar
Kanhaiyaa,1981.0,0.0,29,5.4,5.0,1288,1255,Master Chaitanya,Asha Chandra
Kanmani,1994.0,137.0,327,3.7,7.0,1966,883,Mansoor Ali Khan,Lakshmi
Kannan Varuvaan,2000.0,135.0,409,5.8,39.0,2786,1027,Mantra,Divyaa Unni
Kanoon,1960.0,150.0,281,7.9,415.0,447,1696,Ashok Kumar,Nanda
Kanoon,1994.0,104.0,39,3.1,135.0,2847,109,Urmila Matondkar,Kiran Kumar
Kanoon Apna Apna,1989.0,162.0,29,5.6,146.0,848,658,Nutan,Sanjay Dutt
Kanoon Ki Hathkadee,1988.0,0.0,1,4.0,9.0,1147,2216,Krishna,Gummadi
Kanoon Ki Zanjeer,1990.0,0.0,28,4.2,11.0,1756,632,Jaya Prada,Raj Babbar
Kanoon Kya Karega,1984.0,0.0,427,6.2,45.0,1607,2293,Deepti Naval,Iftekhar
Kanoon Meri Mutthi Mein,1984.0,0.0,1,6.6,5.0,566,962,Raj Babbar,Parveen Babi
Kanpuriye,2019.0,103.0,269,6.3,1098.0,359,313,Divyendu Sharma,Vijay Raaz
Kanwarlal,1988.0,150.0,39,4.6,18.0,2346,1939,Arjun,Raj Babbar
Kanyadaan,1968.0,149.0,327,7.3,78.0,1568,369,Shashi Kapoor,Sayeeda Khan
Kanyadaan,2017.0,114.0,269,6.9,17.0,163,607,Mrinmayee Godbole,Darshan Jariwala
Kaphal: Wild Berries,2013.0,90.0,6,8.2,45.0,479,809,Ramkishan Choyal,Subrat Dutta
Kapoor & Sons,2016.0,132.0,173,7.7,23991.0,2565,1836,Rajat Kapoor,Ratna Pathak Shah
Karam,2005.0,117.0,29,5.5,1324.0,2448,938,Priyanka Chopra Jonas,Bharat Dabholkar
Karamati Coat,1993.0,86.0,185,7.1,182.0,118,1563,Swapnesh Sawant,Vikram Acharya
Karamdaata,1986.0,0.0,269,5.7,21.0,2599,2059,Mithun Chakraborty,Amrita Singh
Karan,1994.0,120.0,1,4.0,23.0,2625,2494,Prem Chopra,Balwant Dullat
Karan Arjun,1995.0,175.0,44,6.8,13394.0,2137,1736,Salman Khan,Shah Rukh Khan
Karar: The Deal,2014.0,115.0,427,4.2,64.0,2359,1169,Tarun Arora,Shashi Wadia
Karate,1983.0,127.0,48,6.2,56.0,636,1305,Deb Mukherjee,Kaajal Kiran
Kareeb,1998.0,145.0,327,6.5,1094.0,3000,509,Shabana Raza,Abhay Chopra
Karim Mohammed,2018.0,99.0,269,4.8,30.0,1821,166,Veer Gujjar,Rajesh Jais
Karishma Kali Kaa,1990.0,0.0,363,4.1,13.0,384,221,Shatrughan Sinha,Urmila Bhatt
Karishma Kudrat Kaa,1985.0,185.0,39,6.1,57.0,2798,1787,Urmila Bhatt,Mithun Chakraborty
Karishmaa,1984.0,130.0,240,6.5,43.0,970,983,Reena Roy,Tina Ambani
Karle Pyaar Karle,2014.0,110.0,77,2.7,128.0,2083,2101,Hasleen Kaur,Aham Sharma
Karm,1977.0,156.0,282,6.7,72.0,447,1703,Vidya Sinha,Shabana Azmi
Karma,1986.0,193.0,6,7.4,1946.0,2731,658,Nutan,Naseeruddin Shah
"Karma, Confessions and Holi",2009.0,110.0,269,2.9,125.0,1466,1787,Armin Amiri,Kulraaj Anand
Karma: Crime. Passion. Reincarnation,2008.0,97.0,224,5.0,105.0,1401,169,Carl Weyant,Vijayendra Ghatge
Karmayogi,1978.0,0.0,39,6.0,42.0,2155,1182,Raaj Kumar,Jeetendra
Karmveer,1980.0,0.0,1,7.6,15.0,1560,1992,Anjali Devi,Jayamalini
Karmyoddha,1992.0,0.0,39,6.2,22.0,632,1668,Dimple Kapadia,Javed Jaffrey
Karmyudh,1985.0,130.0,1,4.4,16.0,2858,1305,Anita Raj,Pran
Karobaar: The Business of Love,2000.0,180.0,327,4.4,237.0,2137,952,Anil Kapoor,Rishi Kapoor
Karodpati,1936.0,0.0,0,6.3,9.0,1983,2084,K.N. Singh,0
Kartavya,1995.0,0.0,52,5.0,58.0,2010,1972,Juhi Chawla,Moushumi Chatterjee
Kartavya,1979.0,168.0,39,7.0,55.0,1568,632,Rekha,Nirupa Roy
Karthik Calling Karthik,2010.0,135.0,324,7.1,11005.0,3015,704,Deepika Padukone,Ram Kapoor
Kartoos,1999.0,124.0,84,5.1,514.0,1423,1970,Jackie Shroff,Manisha Koirala
Kartooz,2014.0,97.0,2,3.0,7.0,1792,711,Anindita Chatterjee,Sumita Chatterjee
Karunamayudu,1978.0,160.0,152,7.7,37.0,1,559,Chandramohan,Rajasulochana
Karwaan,2018.0,114.0,94,7.6,13986.0,143,854,Dulquer Salmaan,Mithila Palkar
Karwat,1982.0,0.0,1,3.8,5.0,255,1305,Bindiya Goswami,Sujit Kumar
Karz,1980.0,159.0,71,7.5,2146.0,2731,1836,Tina Ambani,Simi Garewal
Karz Chukana Hai,1991.0,0.0,269,5.5,95.0,3042,768,Juhi Chawla,Raj Kiran
Karz: The Burden of Truth,2002.0,173.0,29,3.9,390.0,921,2271,Sunil Shetty,Shilpa Shetty Kundra
Karzzzz,2008.0,142.0,48,2.1,1238.0,2509,824,Urmila Matondkar,Shweta Kumar
Kasaai,2019.0,96.0,269,6.6,29.0,806,1746,Ashok Banthia,Amit Bimrot
Kasak,1992.0,150.0,327,5.1,27.0,1147,311,Asrani,Laxmikant Berde
Kasak,2005.0,107.0,269,4.5,63.0,2095,1144,Meera,Puneet Issar
Kasam,1988.0,157.0,50,5.1,53.0,2935,1258,Sudhir Dalvi,Ketki Dave
Kasam,2001.0,0.0,39,2.9,105.0,2617,1406,Sunny Deol,Chunky Panday
Kasam Bhawani Ki,1981.0,0.0,1,6.4,5.0,566,1152,Yogeeta Bali,Vijayendra Ghatge
Kasam Khoon Ki,1977.0,0.0,84,5.3,10.0,385,920,Sulakshana Pandit,Asrani
Kasam Paida Karne Wale Ki,1984.0,145.0,39,5.7,131.0,454,1305,Smita Patil,Salma Agha
Kasam Suhag Ki,1989.0,0.0,29,4.9,21.0,1568,632,Rekha,Suresh Oberoi
Kasam Tere Pyar Ki,2001.0,0.0,409,5.6,7.0,2347,0,0,0
Kasam Teri Kasam,1993.0,156.0,327,4.3,15.0,2163,1078,Kanchan,Kunickaa Sadanand
Kasam Vardi Kee,1989.0,0.0,28,4.3,13.0,2617,920,Bhanupriya,Chunky Panday
Kasauti,1974.0,131.0,327,5.9,115.0,316,810,Amitabh Bachchan,Pran
Kasba,1991.0,121.0,269,7.0,49.0,1348,1427,K.K. Raina,Manohar Singh
Kash... Aap Hamare Hote,2003.0,0.0,346,5.0,86.0,2237,951,Sonu Nigam,Om Puri
Kashmakash,1973.0,134.0,58,5.4,13.0,783,715,Rekha,Shatrughan Sinha
Kashmir Daily,2018.0,148.0,336,6.7,23.0,965,2545,Shahid Gulfam,Hussein Khan
Kashmir Ki Kali,1964.0,168.0,204,7.1,487.0,2564,2059,Sharmila Tagore,Pran
Kashmira,1983.0,0.0,0,2.7,9.0,2767,2424,Monto,Rabia Nazki
Kashmoraa,1990.0,0.0,363,6.6,25.0,2494,462,Rajendra Prasad,0
Kasme Vaade,1978.0,0.0,29,6.6,411.0,2175,1736,Amitabh Bachchan,Randhir Kapoor
Kasoor,2001.0,151.0,326,6.0,937.0,3035,675,Sucheta Paushe,Lisa Ray
Kastoori,2019.0,100.0,269,8.7,31.0,3052,1942,Shravan Upalakar,0
Kasturi,1980.0,0.0,269,5.6,11.0,524,90,Mithun Chakraborty,Arvind Deshpande
Kath Putli,1957.0,152.0,282,6.9,29.0,1727,211,Vyjayanthimala,Balraj Sahni
Katha,1983.0,141.0,172,7.8,1113.0,2385,1406,Farooq Shaikh,Deepti Naval
Kathor,2018.0,110.0,269,5.6,10.0,1250,1118,Sheetal Dimri,Abhisek Pandey
Kathputli,1971.0,148.0,327,6.9,34.0,547,920,Mumtaz,Helen
Kati Patang,1970.0,167.0,289,7.2,946.0,2564,1703,Asha Parekh,Prem Chopra
Katilon Ke Kaatil,1981.0,199.0,20,6.4,92.0,256,327,Dharmendra,Rishi Kapoor
Katiyabaaz,2013.0,84.0,254,7.8,485.0,666,696,Ritu Maheshwari,Loha Singh
Katputtli,2006.0,119.0,427,5.6,24.0,2457,1298,Mink Singh,Sameer Dharmadhikari
Katti Batti,2015.0,135.0,180,4.9,2856.0,1716,843,Kangana Ranaut,Suhaas Ahuja
Kaun Apna Kaun Paraya,1963.0,0.0,282,4.7,9.0,1719,2511,Vijay Kumar,Johnny Walker
Kaun Hai Jo Sapno Mein Aaya,2004.0,127.0,376,5.1,46.0,2072,1826,Anupam Kher,Kader Khan
Kaun Jeeta Kaun Haara,1987.0,119.0,172,5.9,29.0,2131,2357,Amitabh Bachchan,Bhavana Balsawar
Kaun Kare Kurbanie,1991.0,154.0,29,3.2,49.0,324,632,Govinda,Anita Raj
Kaun Kitney Paani Mein,2015.0,112.0,173,6.1,458.0,1717,1108,Radhika Apte,Saurabh Shukla
Kaun Kitney Pani Mein,1987.0,0.0,84,6.4,33.0,2617,1170,Brahmachari,Mohan Choti
Kaun Rokega Mujhe,1997.0,123.0,84,3.8,18.0,1217,561,Sadashiv Amrapurkar,Asrani
Kaun Sachcha Kaun Jhootha,1997.0,130.0,326,5.5,101.0,1805,1836,Sridevi,Suresh Oberoi
Kaun?,1999.0,90.0,408,7.8,3764.0,2147,2390,Manoj Bajpayee,Sushant Singh
Kaun? Kaisey?,1983.0,127.0,216,6.4,45.0,1695,450,Bina,Ardhendu Bose
Kavi,1954.0,0.0,409,3.6,8.0,637,464,Geeta Bali,Nalini Jaywant
Kavi Kalidas,1959.0,139.0,317,7.1,17.0,2337,464,Nirupa Roy,Anita Guha
Kaya Palat,1983.0,121.0,189,6.7,14.0,2520,2291,Anoop Kumar,Ashok Kumar
Kayda Kanoon,1993.0,150.0,29,5.0,504.0,1855,146,Sudesh Berry,Ashwini Bhave
Kedarnath,2018.0,116.0,327,6.9,11446.0,67,2299,Sara Ali Khan,Nitish Bharadwaj
Keemat,1973.0,132.0,1,6.8,48.0,2231,632,Rekha,Prem Chopra
Keemat: They Are Back,1998.0,162.0,20,5.7,1146.0,2412,146,Raveena Tandon,Saif Ali Khan
Kehta Hai Yeh Dil,2020.0,116.0,172,3.3,10.0,1973,1760,Sharvani Sahay,Elena Tuteja
Kehtaa Hai Dil Baar Baar,2002.0,119.0,180,4.7,182.0,2001,1523,Jimmy Sheirgill,Kim Sharma
Kerry on Kutton,2016.0,125.0,269,5.7,216.0,388,472,Satyajeet Dubey,Aradhana Jagota
Kesari,2019.0,150.0,45,7.4,15660.0,302,146,Parineeti Chopra,Suvinder Vicky
Kevi Rite Jaish,2012.0,128.0,184,8.1,869.0,65,2361,Abhinay Banker,Raju Barot
Khaali Peeli,2020.0,119.0,25,2.3,8106.0,1507,859,Ananya Panday,Jaideep Ahlawat
Khaan Dost,1976.0,157.0,29,5.6,38.0,745,1671,Shatrughan Sinha,Mithu Mukherjee
Khabardar,1984.0,167.0,339,5.9,23.0,2161,207,Kamal Haasan,Jaya Prada
Khajoor Pe Atke,2018.0,119.0,162,5.6,221.0,923,2476,Suneeta Sengupta,Alka Amin
Khakee,2004.0,174.0,29,7.4,15192.0,2110,207,Akshay Kumar,Ajay Devgn
Khal Nayak,1993.0,190.0,5,7.2,3064.0,2731,1970,Madhuri Dixit,Jackie Shroff
Khalifa,1976.0,140.0,29,5.7,15.0,1868,1764,Rekha,I.S. Johar
Khallas: The Beginning of End,2007.0,121.0,225,4.0,11.0,2779,1456,Sanjeev Dabholkar,Raj Hussein
Khallballi: Fun Unlimited,2008.0,0.0,214,5.8,18.0,111,1455,Sada,Shruti Seth
Khalli Balli,2019.0,0.0,192,5.2,5.0,1496,975,Asrani,Mini Bansal
Khal-Naaikaa,1993.0,147.0,227,3.7,141.0,2357,920,Jaya Prada,Anu Agrawal
Khalnayak,2004.0,74.0,1,6.3,12.0,1301,2008,Kashish Khurana,Karishma
Khamiyaza: Journey of a Common Man,2019.0,130.0,39,4.6,20.0,643,816,Piyali Munshi,Alok Chaturvedi
Khamosh,1986.0,101.0,408,7.5,944.0,3000,2031,Amol Palekar,Naseeruddin Shah
Khamosh Adalat Jaari Hai,2017.0,100.0,269,7.7,52.0,2261,1394,Pravina Bhagwat Deshpande,Ajitesh Gupta
Khamoshh... Khauff Ki Raat,2005.0,123.0,408,3.3,245.0,659,2096,Juhi Chawla,Shawar Ali
Khamoshi,1970.0,127.0,327,7.7,546.0,400,1703,Waheeda Rehman,Nasir Hussain
Khamoshi,2019.0,96.0,373,3.5,239.0,565,1562,Tamannaah Bhatia,Bhoomika Chawla
Khamoshi: The Musical,1996.0,160.0,320,7.5,3110.0,2458,1215,Nana Patekar,Salman Khan
Khamoshiyan,2015.0,122.0,312,4.0,1220.0,1246,778,Ali Fazal,Sapna Pabbi
Khan kluay,2006.0,79.0,136,5.9,1159.0,1314,2359,Akshay Kumar,Anyarit Pitakkul
Khandaan,1942.0,171.0,282,6.2,14.0,2602,1487,Pran,Ghulam Mohammed
Khandaan,1979.0,130.0,327,6.5,19.0,255,920,Sulakshana Pandit,Bindiya Goswami
Khandaani Shafakhana,2019.0,136.0,172,4.0,1141.0,2620,2183,Badshah,Varun Sharma
Khandan,1965.0,158.0,317,6.9,145.0,1,2263,Nutan,Pran
Khandhar,1984.0,106.0,269,7.2,242.0,1595,2031,Annu Kapoor,Pankaj Kapur
Khanjar,1980.0,134.0,427,5.8,16.0,407,1426,Reena Roy,Amjad Khan
Khanjar,2003.0,0.0,1,3.2,60.0,647,528,Sunil Shetty,Tabu
Khanna & Iyer,2007.0,103.0,162,5.1,49.0,935,2000,Aditi Sharma,Arun Bakshi
Khap,2011.0,125.0,336,5.0,104.0,108,1655,Raj Arjun,Mohnish Bahl
Khargosh,2009.0,94.0,269,7.7,24.0,1799,0,0,0
Khatarnaak,1990.0,223.0,29,5.2,82.0,501,1970,Anita Raj,Farha Naaz
Khatra,1991.0,0.0,373,2.8,6.0,891,1206,Goga Kapoor,Huma Khan
Khatron Ke Khiladi,1988.0,156.0,39,4.8,181.0,2161,632,Sanjay Dutt,Chunky Panday
Khatron Ke Khiladi,2001.0,0.0,1,3.6,12.0,972,862,Raj Babbar,Sudesh Berry
Khatta Meetha,1978.0,128.0,172,7.5,862.0,476,377,Rakesh Roshan,Bindiya Goswami
Khatta Meetha,2010.0,157.0,165,5.7,9891.0,1925,146,Trisha Krishnan,Kulbhushan Kharbanda
Khauff,2000.0,124.0,29,4.4,361.0,2451,1970,Manisha Koirala,Sharad S. Kapoor
Khayal Gatha,1989.0,103.0,314,6.6,34.0,1348,1201,Rajat Kapoor,Mita Vashisht
Khazana,1987.0,0.0,29,5.1,27.0,919,1764,Rekha,Bindu
Khazanchi,1958.0,51.0,409,5.8,12.0,1912,2143,Balraj Sahni,Chitra
Khazanchi,1941.0,171.0,401,7.0,26.0,1590,1150,Ramola,Manorama
Khejdi,2018.0,92.0,269,8.1,27.0,2275,1620,Sahil Bhati,Bertwin Ravi Dsouza
Khel,1992.0,152.0,180,6.4,541.0,2137,311,Prem Chopra,Madhuri Dixit
Khel,1950.0,0.0,269,7.8,11.0,2332,617,Anwar,Hafiz Jehan
Khel,2003.0,174.0,29,4.0,467.0,3123,2271,Sunil Shetty,Ajay Jadeja
Khel Khel Mein,1975.0,139.0,206,7.5,367.0,2226,1836,Neetu Singh,Rakesh Roshan
Khel Khilari Ka,1977.0,90.0,84,6.2,49.0,324,632,Shabana Azmi,Dhruv
Khel Mohabbat Ka,1986.0,0.0,409,6.2,13.0,2507,708,Poonam Dhillon,Shakti Kapoor
Khel Toh Ab Shuru Hoga,2016.0,130.0,84,5.2,10.0,1356,1877,Devshi Khanduri,Rohit Pathak
Khela,2008.0,97.0,172,7.2,222.0,2265,791,Manish Bhattacharya,Satbol Bhattacharya
Khelein Hum Jee Jaan Sey,2010.0,168.0,45,5.8,1249.0,392,46,Deepika Padukone,Sikandar Kher
Khichdi: The Movie,2010.0,120.0,184,7.2,2238.0,36,237,Supriya Pathak,Rajeev Mehta
Khilaaf,1991.0,0.0,19,5.3,76.0,2061,1171,Dina Pathak,Om Shivpuri
Khiladi,1992.0,157.0,75,7.2,7726.0,39,1252,Akshay Kumar,Ayesha Jhulka
Khiladi 420,2000.0,157.0,80,5.2,1769.0,1701,146,Mahima Chaudhry,Antara Mali
Khiladi 786,2012.0,141.0,18,4.3,6582.0,367,146,Asin Thottumkal,Himesh Reshammiya
Khiladi No 1,1997.0,0.0,1,6.6,19.0,1310,551,Amrish Puri,Radha
Khiladiyon Ka Khiladi,1996.0,162.0,29,6.0,5748.0,2935,146,Rekha,Raveena Tandon
Khilari,1968.0,138.0,82,6.8,19.0,956,712,Dilip Raj,Uma
Khilona,1996.0,0.0,327,6.2,28.0,653,80,Shakti Kapoor,Mohan Joshi
Khilona,1970.0,160.0,320,7.2,327.0,572,1981,Mumtaz,Durga Khote
Khilona Bana Khalnayak,1995.0,0.0,192,6.7,166.0,1428,1071,Laxmikant Berde,Ravindra Berde
Khofnak Mahal,1998.0,0.0,363,2.5,11.0,2846,517,Javed Khan,Pramod Moutho
Khoj,1971.0,0.0,1,5.5,6.0,1133,602,Farida Jalal,Shatrughan Sinha
Khoj,1989.0,113.0,408,7.1,272.0,1277,1836,Naseeruddin Shah,Kimi Katkar
Khoj,2017.0,116.0,237,6.8,449.0,330,2461,Shataf Figar,Poonam Gurung
Khokababu,2012.0,158.0,208,5.1,221.0,2576,714,Biswajit Chakraborty,Biplab Chatterjee
Khol De Meri Zuban,1989.0,0.0,172,5.1,18.0,616,665,Viju Khote,Dada Kondke
Khoobsurat,1999.0,153.0,25,5.3,758.0,2445,1970,Urmila Matondkar,Om Puri
Khoobsurat,2014.0,130.0,208,6.4,7877.0,2594,2189,Fawad Khan,Ratna Pathak Shah
Khoon Aur Paani,1981.0,141.0,39,5.7,34.0,566,715,Jeetendra,Rekha
Khoon aur Sazaa,1985.0,0.0,1,7.2,5.0,907,2027,Dilip Dhawan,Kalpana Iyer
Khoon Bhari Maang,1988.0,172.0,337,6.6,1024.0,2137,1819,Kabir Bedi,Sonu Walia
Khoon Ka Badla Khoon,1978.0,0.0,84,6.3,11.0,1207,2487,Mahendra Sandhu,Asha Sachdev
Khoon Ka Karz,1991.0,151.0,29,4.8,84.0,1607,2487,Dimple Kapadia,Rajinikanth
Khoon Ka Rishta,1981.0,117.0,1,4.1,7.0,2418,920,Neetu Singh,Amjad Khan
Khoon Kharaba,1980.0,0.0,1,5.5,6.0,647,2489,Bindiya Goswami,Master Bhagwan
Khoon Khoon,1973.0,0.0,237,5.2,31.0,1558,1170,Danny Denzongpa,Jagdeep
Khoon Ki Keemat,1974.0,126.0,84,6.1,9.0,2617,1170,Neelam Mehra,Roopesh Kumar
Khoon Ki Pukaar,1978.0,0.0,48,5.7,18.0,2173,2487,Shabana Azmi,Aruna Irani
Khoon Ki Pyasi,1996.0,117.0,363,2.7,21.0,1173,1841,Ramesh Goyal,Javed Khan
Khoon Pasina,1977.0,210.0,39,6.2,357.0,2131,207,Vinod Khanna,Rekha
Khooni Ilaaka: The Prohibited Area,1999.0,87.0,363,5.6,21.0,1106,1067,Arif Khan,Anil Nagrath
Khooni Insaan,1988.0,0.0,427,3.9,8.0,1925,1317,Renjini,Nedumudi Venu
Khooni Kaala Jadu,2000.0,0.0,363,5.9,11.0,1955,501,Jr. Shah Rukh Khan,Mehnaj
Khooni Mahal,1987.0,0.0,363,5.8,36.0,1561,1672,Shoma Anand,Javed Khan
Khooni Murdaa,1989.0,127.0,363,4.1,39.0,1561,604,Javed Khan,Sripradha
Khooni Panja,1991.0,130.0,363,5.5,41.0,3057,249,Jagdeep,Javed Khan
Khooni Raat,1991.0,0.0,363,5.2,26.0,482,1886,Huma Khan,Javed Khan
Khopdi: The Skull,1999.0,97.0,363,2.8,8.0,2184,1699,Shakti Kapoor,Sapna Sappu
Khosla Ka Ghosla!,2006.0,135.0,165,8.3,22723.0,710,297,Boman Irani,Parvin Dabas
Khota Paisa,1958.0,145.0,269,4.7,7.0,1392,941,Shyama,Jeevan
Khote Sikkay,1974.0,132.0,29,6.2,109.0,1671,715,Rehana Sultan,Danny Denzongpa
Khote Sikkey,1998.0,0.0,216,4.7,15.0,1805,419,Madhoo,Atul Agnihotri
Khoya,2015.0,82.0,269,7.5,77.0,2417,1876,Ravi Khanvilkar,Stephen McHattie
Khoya Khoya Chand,2007.0,131.0,327,6.3,527.0,2754,2098,Soha Ali Khan,Rajat Kapoor
Khubsoorat,1980.0,126.0,173,7.6,1621.0,963,377,Rekha,Rakesh Roshan
Khuda Gawah,1992.0,193.0,6,6.5,1879.0,1607,207,Sridevi,Nagarjuna Akkineni
Khuda Haafiz,2020.0,133.0,6,7.4,16142.0,777,2438,Shivaleeka Oberoi,Annu Kapoor
Khuda Hafiz,1983.0,91.0,269,8.1,27.0,1293,1789,Shibana Dutta,Urmila Matondkar
Khuda Kasam,1981.0,0.0,291,5.5,31.0,1381,2487,Tina Ambani,Ajit
Khuda Kasam,2010.0,160.0,29,3.2,100.0,1172,2271,Tabu,Beena Banerjee
Khudai,1994.0,0.0,269,5.9,23.0,1122,1703,Madhavi,Deepika Chikhalia
Khud-Daar,1982.0,169.0,39,6.9,365.0,2226,1981,Amitabh Bachchan,Vinod Mehra
Khuddar,1994.0,167.0,52,5.1,330.0,991,768,Karisma Kapoor,Shakti Kapoor
Khudgarz,1987.0,158.0,269,5.8,293.0,2137,920,Shatrughan Sinha,Bhanupriya
Khufia Mahal,1964.0,140.0,94,5.8,9.0,22,1510,Chitra,Mohan Sherry
Khul Ja Sim Sim,1956.0,0.0,1,5.6,5.0,931,826,Krishna Kumari,Mahipal
Khule-Aam,1992.0,155.0,1,5.8,17.0,338,632,Shammi Kapoor,Neelam Kothari
Khuli Khidki,1989.0,0.0,216,3.5,13.0,1754,41,Arjun,Gajendra Chauhan
Khullam Khulla Pyaar Karen,2005.0,155.0,162,4.1,320.0,919,768,Preity Zinta,Prem Chopra
Khushboo,1975.0,132.0,327,7.1,254.0,870,920,Hema Malini,Durga Khote
Khushboo: The Fragraance of Love,2008.0,0.0,180,3.7,23.0,2085,1837,Avantika,Thomas Tevana
Khushi,2003.0,161.0,20,4.4,1565.0,2325,2264,Fardeen Khan,Kareena Kapoor
Khwaab,1997.0,120.0,269,4.6,7.0,425,1215,Gulshan Grover,Anupam Kher
Khwaabb,2014.0,90.0,330,5.5,68.0,3129,2159,Navdip Singh,Bajrangbali Singh
Khwab,1980.0,115.0,225,5.9,27.0,2564,2530,Birbal,Mithun Chakraborty
Khwab Sare Jhootey,2020.0,100.0,269,7.8,8.0,648,110,Harsh Kumar,Madhu Narayan
Khwahish,2003.0,152.0,329,4.1,197.0,859,823,Mallika Sherawat,Shivaji Satam
Ki & Ka,2016.0,126.0,208,5.8,5407.0,1949,207,Arjun Kapoor,Kareena Kapoor
Kick,2014.0,146.0,19,5.3,26761.0,2393,1940,Jacqueline Fernandez,Nawazuddin Siddiqui
Kid Krrish,2013.0,69.0,127,7.6,22.0,2698,0,0,0
Kid Krrish 2 - Mission Bhutan,2014.0,64.0,127,6.8,14.0,982,0,0,0
Kid Krrish 3 - Mystery in Mongolia,2014.0,0.0,127,7.8,6.0,652,0,0,0
Kid Krrish 4 - Shakalaka Africa,2015.0,0.0,127,7.6,9.0,651,0,0,0
Kidnap,2008.0,135.0,29,4.6,2328.0,2449,1970,Imran Khan,Minissha Lamba
Kill Dil,2014.0,127.0,20,4.3,3927.0,2539,1778,Ali Zafar,Parineeti Chopra
Killer,1992.0,160.0,29,6.3,124.0,780,1379,Nagma,Sharada
Kinara,1977.0,139.0,327,6.7,118.0,870,920,Hema Malini,Dharmendra
Kinare Kinare,1963.0,111.0,327,7.1,46.0,592,617,Meena Kumari,Chetan Anand
King,2002.0,157.0,1,6.1,91.0,1683,2169,Vikram,0
King Kong,1962.0,142.0,4,6.3,38.0,459,1103,Dara Singh,Chandrashekhar
King Uncle,1993.0,171.0,173,5.1,2735.0,2137,871,Shah Rukh Khan,Nagma
Kings of The Wind & Electric Queens,2014.0,56.0,268,6.2,16.0,608,729,0,0
"Kiran Bedi: Yes Madam, Sir",2008.0,95.0,241,7.6,109.0,1526,1054,Helen Mirren,0
Kirayadar,1986.0,146.0,172,6.3,79.0,476,1668,Padmini Kolhapure,Utpal Dutt
Kirket,2019.0,132.0,334,7.5,270.0,3112,1063,Sonam Chhabra,Sonu Jha
Kis Kaam Ke Yeh Rishte,1995.0,0.0,339,5.7,6.0,448,1703,Swapna,Shafi Inamdar
Kis Kis Ki Kismat,2004.0,142.0,180,2.5,140.0,859,1185,Rati Agnihotri,Kurush Deboo
Kis Kisko Pyaar Karoon,2015.0,133.0,208,5.7,5679.0,39,1252,Kapil Sharma,Simran Kaur Mundi
Kis Kiss Ka Kissa,2017.0,84.0,269,5.6,12.0,2413,1192,Asawari Joshi,Sandeep Kulkarni
Kisaan,2009.0,100.0,29,5.3,286.0,1937,871,Sohail Khan,Arbaaz Khan
Kisan Aur Bhagwan,1974.0,142.0,20,6.1,15.0,579,576,Feroz Khan,Yogeeta Bali
Kisan Kanya,1937.0,137.0,269,6.3,12.0,1590,1506,Jillo,Ghulam Mohammed
Kishen Kanhaiya,1990.0,160.0,20,5.9,618.0,2137,2455,Bindu,Madhuri Dixit
Kismat,1969.0,0.0,5,5.9,39.0,1483,504,Babita Kapoor,Helen
Kismat,1995.0,149.0,389,5.1,70.0,919,1736,Govinda,Mamta Kulkarni
Kismat,2004.0,143.0,39,3.7,451.0,866,509,Priyanka Chopra Jonas,Kabir Bedi
Kismat Konnection,2008.0,153.0,180,5.2,5334.0,428,2043,Vidya Balan,Vishal Malhotra
Kisme Kitna Hai Dum,1992.0,0.0,1,5.2,6.0,1418,1902,Danny Denzongpa,Dan Dhanoa
Kismet,1943.0,143.0,269,7.4,93.0,884,377,Mumtaz Shanti,Shah Nawaz
Kismet,1980.0,0.0,57,4.9,17.0,510,1305,Ranjeeta Kaur,Shakti Kapoor
Kismet Ka Khel,1956.0,137.0,29,6.1,10.0,1307,2263,Vyjayanthimala,Begum Para
Kismet Love Paisa Dilli,2012.0,129.0,93,4.2,557.0,2459,2508,Mallika Sherawat,Neha Dhupia
Kismetwala,1986.0,90.0,39,4.2,8.0,2324,1305,Prem Chopra,Mohan Choti
Kisna: The Warrior Poet,2005.0,171.0,320,4.5,1329.0,2731,2508,Isha Sharvani,Antonia Bernath
Kiss Kis Ko,2004.0,119.0,376,4.6,20.0,2584,523,Sherrin Varghese,Bhumika Puri
Kissaa Kursee Kaa,1978.0,142.0,269,7.1,128.0,218,2031,Raj Babbar,Chaman Bagga
Kisse Pyaar Karoon?,2009.0,123.0,19,3.3,131.0,111,342,Aashish Chaudhary,Yash Tonk
Kissebaaz,2019.0,122.0,19,4.6,224.0,279,1517,Rahul Bagga,Anupriya Goenka
Kissi Se Na Kehna,1983.0,140.0,208,7.4,603.0,963,708,Deepti Naval,Utpal Dutt
Kitaab,1977.0,124.0,269,7.4,197.0,870,2399,Vidya Sinha,Shreeram Lagoo
Kites,2010.0,123.0,50,6.1,12605.0,298,831,Kabir Bedi,Bárbara Mori
Kitna Badal Gaya Insaan,1957.0,0.0,282,6.0,6.0,969,119,Nalini Jaywant,I.S. Johar
Kitne Door... Kitne Paas,2002.0,146.0,208,4.5,299.0,1536,701,Amrita Arora,Satish Shah
Kizhakku Kadarkarai Salai,2006.0,0.0,29,2.7,19.0,2347,2218,Bhavana,Selvaraj
"Knock Knock, I'm Looking to Marry",2003.0,100.0,162,5.5,32.0,274,2241,Radhi,0
Knock Out,2010.0,117.0,29,6.0,2096.0,1457,1970,Irrfan Khan,Kangana Ranaut
Ko: Yad,2012.0,90.0,269,7.9,13.0,1481,0,0,0
Kodiparakkudu,1989.0,143.0,0,5.8,102.0,503,5,Amala Akkineni,Bhagya
Kohinoor,1960.0,151.0,4,6.8,150.0,2349,658,Meena Kumari,Azim
Kohra,1993.0,173.0,408,4.5,25.0,1805,336,Ayesha Jhulka,Pran
Kohraa,1964.0,153.0,319,6.7,134.0,533,504,Waheeda Rehman,Lalita Pawar
Kohraam,1991.0,135.0,1,5.5,26.0,1339,1902,Mahesh Anand,Brahmachari
Kohram,1999.0,150.0,20,5.4,603.0,1536,207,Nana Patekar,Tabu
Koi Aap Sa: But Lovers Have to Be Friends,2005.0,142.0,180,5.2,232.0,1806,87,Anita Hassanandani Reddy,Dipannita Sharma
Koi Hai,2003.0,102.0,309,2.4,9.0,2104,176,Shweta Menon,Rinku Ghosh
Koi Jaane Na,2021.0,141.0,427,3.5,514.0,191,1108,Amyra Dastur,Elli Avrram
Koi Jeeta Koi Haara,1976.0,124.0,327,7.9,16.0,2418,2083,Saira Banu,Farida Jalal
Koi Kisise Kum Nahin,1997.0,0.0,224,6.3,28.0,2020,1297,Shalini Kapoor,Ravi Kishan
Koi Mere Dil Mein Hai,2005.0,128.0,327,4.7,88.0,654,647,Sadashiv Amrapurkar,Raqesh Bapat
Koi Mere Dil Se Poochhe,2002.0,165.0,398,3.5,270.0,3044,903,Aftab Shivdasani,Sanjay Kapoor
Koi Sath Hai,2021.0,0.0,363,3.1,18.0,1416,307,Pratik Asnani,Sikandar Chauhan
Koi... Mil Gaya,2003.0,171.0,50,7.1,21982.0,2137,831,Rekha,Preity Zinta
Kolkata Junction,2014.0,0.0,427,6.8,12.0,275,2186,Kay Kay Menon,Sandhya Mridul
Kondaveeti Raja,1986.0,140.0,39,6.3,304.0,1157,551,Mohan Babu,Satyanarayana Kaikala
Kondura (The Sage from the Sea),1978.0,137.0,269,7.4,51.0,2662,238,Nirmala,Siddesh
Kora Kagaz,1974.0,125.0,318,7.4,241.0,255,2440,Jaya Bachchan,Achala Sachdev
Kosa,2020.0,85.0,269,7.3,15.0,1581,1106,Sunil Chipde,Robin Das
Koshish,1972.0,125.0,269,8.6,1523.0,870,1981,Jaya Bachchan,Asrani
Kota Junction,2015.0,0.0,269,7.5,43.0,2368,1364,Setareh Noori,Sarosh Khan
Kottai Mariamman,2001.0,140.0,269,3.8,20.0,2166,624,Diamber,Karan
Kottayam,2020.0,100.0,225,6.9,13.0,529,2215,Chinnu Kuruvila,Ravi Mathew
Kotwal Saab,1977.0,0.0,29,6.0,22.0,963,2085,Aparna Sen,Sudhir
Koyelaanchal,2014.0,145.0,39,5.4,258.0,391,1002,Biswanath Basu,Vinod Khanna
Koyla,1997.0,166.0,48,6.2,8445.0,2137,2039,Madhuri Dixit,Amrish Puri
Kranti,1981.0,187.0,6,7.2,865.0,1494,658,Manoj Kumar,Shashi Kapoor
Kranti,2002.0,142.0,39,3.8,394.0,1677,2487,Bobby Deol,Ameesha Patel
Kranti Kshetra,1994.0,0.0,20,5.0,37.0,2060,1305,Pooja Bhatt,Harish
Krantikari,1997.0,140.0,29,6.3,47.0,1993,1305,Rituparna Sengupta,Rajinikanth
Krantiveer,1994.0,159.0,29,7.4,1923.0,1536,1390,Dimple Kapadia,Atul Agnihotri
Krantiveer: The Revolution,2010.0,159.0,29,4.6,19.0,1536,877,Samir Aftab,Aditya Rajput
Krazzy 4,2008.0,110.0,165,4.2,2028.0,1040,952,Irrfan Khan,Arshad Warsi
Krina,2018.0,130.0,427,5.8,6.0,2668,1527,Tunisha Sharma,Inder Kumar
Krish Trish and Baltiboy: Face Your Fears,2017.0,65.0,127,7.8,28.0,2910,597,Smita Malhotra,Tarun Ratnani
Krishan Avtaar,1993.0,180.0,1,5.7,31.0,374,1305,Somy Ali,Hashmat Khan
Krishna,1996.0,156.0,50,4.7,318.0,2307,605,Sunil Shetty,Karisma Kapoor
Krishna Arjun,1997.0,130.0,269,6.6,23.0,2554,920,Vivek Mushran,Upasna Singh
Krishna Aur Kans,2012.0,117.0,129,6.5,188.0,3039,1225,Harish Bhimani,Neetu Chaudhary
Krishna Cottage,2004.0,124.0,366,5.2,1028.0,2490,2172,Isha Koppikar,Anita Hassanandani Reddy
Krishna Leela,1946.0,0.0,0,6.4,9.0,637,994,Devi Mukherjee,Ranjit Roy
Kriya,2020.0,96.0,296,6.5,29.0,2675,404,M.D. Asif,Kishan Bahurupiya
Kroadh,1990.0,144.0,29,5.1,187.0,2599,1970,Sunny Deol,Amrita Singh
Krodh,2000.0,141.0,20,4.4,213.0,377,2267,Johnny Lever,Rambha
Krodhi,1981.0,159.0,38,6.5,165.0,2731,632,Shashi Kapoor,Zeenat Aman
Krorepati,1961.0,0.0,165,5.9,10.0,1568,1068,Shashikala,Kumkum
Krrish,2006.0,154.0,14,6.4,19091.0,2137,831,Priyanka Chopra Jonas,Rekha
Krrish 3,2013.0,152.0,14,5.2,21272.0,2137,831,Vivek Oberoi,Priyanka Chopra Jonas
Kshatriya,1993.0,187.0,53,5.9,575.0,1018,2263,Dharmendra,Vinod Khanna
Kshay,2011.0,92.0,269,6.7,302.0,1247,1783,Alekh Sangal,Sudhir Pednekar
Kucch Luv Jaisaa,2011.0,105.0,269,4.3,126.0,2661,2089,Om Puri,Rahul Bose
Kucch To Hai,2003.0,143.0,366,4.2,851.0,298,255,Tusshar Kapoor,Esha Deol
Kuch Alag Sa,2014.0,0.0,269,6.6,8.0,2441,1947,0,0
Kuch Der Aur,2018.0,65.0,269,8.5,41.0,301,1279,Saajan Kataria,Rajesh Navgain
Kuch Khatta Kuch Meetha,2007.0,140.0,162,3.8,15.0,476,2000,Satish Kaushik,Anupam Kher
Kuch Khatti Kuch Meethi,2001.0,120.0,180,4.6,628.0,2006,978,Rati Agnihotri,Rishi Kapoor
Kuch Kuch Hota Hai,1998.0,177.0,178,7.6,49322.0,1248,2039,Kajol,Rani Mukerji
Kuch Kuch Locha Hai,2015.0,143.0,172,2.5,794.0,674,1742,Sunny Leone,Evelyn Sharma
Kuch Naa Kaho,2003.0,169.0,180,5.4,2224.0,2271,102,Abhishek Bachchan,Satish Shah
Kuch Pal Pyar Ke,2018.0,104.0,269,4.3,18.0,3064,17,Tejas Gadhvi,Aamir Ghani
Kuch To Gadbad Hai,2004.0,0.0,162,7.4,39.0,2827,1459,Kulbir Badesron,Arun Bakshi
Kuch Tum Kaho Kuch Hum Kahein,2002.0,171.0,50,5.6,569.0,1160,2464,Dinesh Hingoo,Adi Irani
Kuchh Bheege Alfaaz,2018.0,116.0,409,7.5,820.0,1748,743,Zain Khan Durrani,Shray Rai Tiwari
Kuchh Kariye,2010.0,0.0,107,4.1,17.0,1027,33,Suresh Chatwal,Dinesh Hingoo
Kuchh Meetha Ho Jaye,2005.0,125.0,208,3.4,278.0,2405,342,Mahima Chaudhry,Parvin Dabas
Kudiyon Ka Hai Zamaana,2006.0,112.0,162,3.7,70.0,182,1819,Mahima Chaudhry,Vasundhara Das
Kudrat,1981.0,164.0,324,6.9,315.0,592,1703,Raaj Kumar,Hema Malini
Kudrat,1998.0,186.0,50,4.5,139.0,2020,149,Urmila Matondkar,Maya Alagh
Kudrat Ka Kanoon,1987.0,150.0,401,5.1,46.0,1172,1880,Beena Banerjee,Ramesh Deo
Kuk Doo Koo,1985.0,107.0,162,8.5,6.0,1809,540,Laxmi Aishwarya,Aditya Gupte
Kuku Mathur Ki Jhand Ho Gayi,2014.0,109.0,208,5.3,243.0,180,2148,Simran Kaur Mundi,Siddharth Bhardwaj
Kuldip Patwal: I Didn't Do It!,2017.0,128.0,224,6.6,614.0,2246,600,Gulshan Devaiah,Raima Sen
Kundan,1955.0,150.0,218,6.5,16.0,2692,2177,Sunil Dutt,Nimmi
Kundan,1993.0,137.0,39,5.8,40.0,1172,632,Jaya Prada,Amrish Puri
Kunwara,2000.0,134.0,180,5.1,887.0,630,768,Urmila Matondkar,Nagma
Kunwara Baap,1974.0,137.0,172,7.2,368.0,1532,1289,Bharathi,Aachi Manorama
Kunwara Paying Guest,2007.0,86.0,269,5.7,7.0,2829,2335,Karishma,Urmila
Kurbaan,1991.0,133.0,50,4.2,531.0,647,2263,Kabir Bedi,Salman Khan
Kurbaan,2009.0,161.0,29,5.7,4842.0,2249,1136,Kareena Kapoor,Saif Ali Khan
Kurbani,1943.0,0.0,0,6.6,5.0,2144,685,0,0
Kurukshetra,2000.0,129.0,29,6.0,996.0,1429,1351,Sanjay Dutt,Mahima Chaudhry
Kurukshetra,1977.0,0.0,45,7.8,33.0,1223,2170,Krishna Ghattamaneni,Krishnamraju
Kuselan,2008.0,165.0,173,4.7,915.0,1762,1712,Pasupathy,Meena
Kushti,2010.0,121.0,162,4.3,171.0,2060,1723,Nargis Bagheri,Om Puri
Kutte Ki Dum,2018.0,143.0,162,8.9,10.0,2803,1809,Jass Boparai,Tanya Daang
Kya Dilli Kya Lahore,2014.0,98.0,308,7.4,1844.0,3018,1012,Vijay Raaz,Manu Rishi Chadha
Kya Kehna,2000.0,155.0,327,5.9,1975.0,1358,1599,Saif Ali Khan,Chandrachur Singh
Kya Love Story Hai,2007.0,120.0,180,3.6,346.0,1387,2377,Ayesha Takia,Karan Hukka
Kya Yahi Sach Hai,2011.0,142.0,227,6.1,22.0,3103,780,Shalini Chandran,T.K. Chowdhary
Kya Yehi Pyaar Hai,2002.0,145.0,327,3.9,441.0,1153,871,Aftab Shivdasani,Ameesha Patel
Kyaa Dil Ne Kahaa,2002.0,0.0,347,3.0,255.0,2445,1703,Tusshar Kapoor,Esha Deol
Kyaa Kool Hai Hum,2005.0,172.0,205,6.1,3296.0,2440,2377,Riteish Deshmukh,Isha Koppikar
Kyaa Kool Hain Hum 3,2016.0,124.0,162,1.9,4165.0,2934,2377,Aftab Shivdasani,Krishna Abhishek
Kyaa Super Kool Hain Hum,2012.0,136.0,162,4.9,3748.0,2370,297,Neha Sharma,Riteish Deshmukh
Kyo Kii... Main Jhuth Nahin Bolta,2001.0,131.0,20,5.4,2023.0,630,768,Sushmita Sen,Rambha
Kyon Ki...,2005.0,160.0,327,5.6,3775.0,1925,1940,Kareena Kapoor,Rimi Sen
Kyon?,2003.0,0.0,216,3.4,19.0,1206,2474,Ashok Beniwal,Chaitanya Choudhury
Kyun! Ho Gaya Na...,2004.0,165.0,180,4.2,1724.0,2420,207,Vivek Oberoi,Aishwarya Rai Bachchan
Laadla,1994.0,169.0,282,5.8,1158.0,2010,251,Sridevi,Raveena Tandon
Laadli,2001.0,97.0,339,8.8,5.0,1521,1057,0,0
Laadli Laila,2011.0,87.0,162,5.8,56.0,1615,1646,Sheila Naidu,Saurab Gharipurikar
Laaga Chunari Mein Daag: Journey of a Woman,2007.0,122.0,291,5.4,2352.0,1856,1768,Jaya Bachchan,Konkona Sen Sharma
Laagi Nahin Chhute Ram,1963.0,0.0,0,5.0,12.0,1357,371,Baijul,Garibdas
Laakhan,2005.0,0.0,84,6.0,12.0,339,1792,Upendra,0
Laal Kaptaan,2019.0,155.0,6,7.3,4115.0,1685,1926,Zoya Hussain,Manav Vij
Laal Paree,1991.0,0.0,350,6.6,16.0,900,80,Javed Jaffrey,Janhavi
Laal Rang,2016.0,147.0,165,8.0,4340.0,2859,1762,Akshay Oberoi,Rajniesh Duggall
Laalchee,1996.0,0.0,269,5.7,9.0,2020,2455,Balbinder Dhami,Anil Dhawan
Laali,2019.0,45.0,269,6.6,18.0,59,691,Pankaj Tripathi,0
Laali Ki Shaadi Mein Laaddoo Deewana,2017.0,130.0,178,3.4,130.0,1467,778,Bharat Dungrani,Akshara Haasan
Laash,1998.0,0.0,363,2.1,15.0,2696,249,Sargam,Rashmi Verma
Laat Saab,1992.0,126.0,29,3.2,23.0,2795,862,Asrani,Sharokh Bharucha
Laawaris,1981.0,189.0,274,7.1,2230.0,1868,207,Zeenat Aman,Rakhee Gulzar
Laawaris,1999.0,117.0,29,4.4,151.0,2651,871,Dimple Kapadia,Akshaye Khanna
Lab Kush,1966.0,125.0,339,6.4,7.0,371,1262,Master Sushobhan,Asitbaran
Ladaai,1989.0,0.0,29,6.2,48.0,656,1819,Mithun Chakraborty,Dimple Kapadia
Ladies First,2014.0,106.0,409,3.6,20.0,382,1870,Khushboo Khan,Gautmi
Ladies Only,1997.0,0.0,162,6.0,14.0,730,2025,Kamal Haasan,Randhir Kapoor
Ladies Tailor,1981.0,148.0,162,5.8,27.0,1286,1981,Reena Roy,Amjad Khan
Ladies Tailor,2006.0,117.0,162,3.6,125.0,2927,896,Krishna Bhatt,Preeti Bhutani
Ladies vs. Ricky Bahl,2011.0,140.0,165,6.0,9109.0,1451,1778,Anushka Sharma,Parineeti Chopra
Ladka Ladki,1966.0,0.0,162,6.4,18.0,2693,1068,I.S. Johar,Mumtaz
Ladke Baap Se Badke,1979.0,0.0,6,5.0,6.0,2733,98,Bindu,Sudhir Dalvi
Ladki,1953.0,161.0,162,5.9,16.0,1404,2510,Anjali Devi,Bharat Bhushan
Ladki Pasand Hai,1971.0,0.0,291,6.2,6.0,557,602,Mumtaz,Jeevan
Ladki Sahyadri Ki,1966.0,0.0,383,5.0,9.0,2580,2055,Keshavrao Date,Vatsala Deshmukh
Lady Robinhood,1946.0,0.0,2,5.4,5.0,1967,712,Prakash,Shanta Patel
Lady Tarzan,1990.0,0.0,77,4.9,10.0,2678,885,Vinod Kumar,Y.G. Mahendran
Lafange,1975.0,137.0,282,6.2,22.0,919,1764,Mumtaz,Pran
Lafangey Parindey,2010.0,126.0,50,5.2,2027.0,1856,1450,Deepika Padukone,Vijay Adhav
Lagaam,1976.0,0.0,1,6.2,12.0,669,2487,Yogeeta Bali,Bindu
Lagaan: Once Upon a Time in India,2001.0,224.0,321,8.1,107234.0,392,19,Raghuvir Yadav,Gracy Singh
Lagan,1971.0,0.0,39,7.0,41.0,2169,1491,Parikshit Sahni,Prem Chopra
Lage Raho Munna Bhai,2006.0,144.0,180,8.0,44090.0,2107,1970,Arshad Warsi,Vidya Balan
Lagna Pahave Karun,2013.0,125.0,409,6.5,55.0,124,2384,Mukta Barve,Siddharth Chandekar
Lagori,2017.0,48.0,326,7.2,13.0,1142,39,Kainat Ahmed,Akash
Lahoo Ke Do Rang,1997.0,172.0,39,4.5,611.0,1536,1406,Akshay Kumar,Karisma Kapoor
Lahore,1949.0,0.0,269,7.8,23.0,1398,1401,Karan Dewan,Kuldip Kaur
Lahore,2010.0,145.0,51,6.3,514.0,2462,708,Nafisa Ali,Aanaahad
Lahore Confidential,2021.0,68.0,227,2.8,522.0,1352,1825,Nikhat Khan,Abdullah Osman
Lahu Ke Do Rang,1979.0,139.0,39,6.1,87.0,1423,2487,Shabana Azmi,Danny Denzongpa
Lahu Luhan,1991.0,0.0,67,3.5,6.0,2769,323,Mahesh Bhatt,Atlee Brar
Lahu Pukarega,1980.0,0.0,1,4.3,10.0,156,2263,Saira Banu,Feroz Khan
Laila,1984.0,0.0,396,4.5,33.0,2357,2263,Poonam Dhillon,Anil Kapoor
Laila,2005.0,119.0,240,3.4,39.0,2995,1542,Farid Amiri,Chery Shety
Laila Majnu,1953.0,132.0,409,8.0,25.0,1143,2059,Nutan,Ulhas
Laila Majnu,2018.0,140.0,327,7.8,2701.0,2391,410,Tripti Dimri,Sumit Kaul
Laila Manju,2020.0,0.0,0,6.7,7.0,1916,932,Shashank Vyas,Abhimanyu Tomar
Lajja,2001.0,202.0,29,6.7,2534.0,2110,1215,Jackie Shroff,Madhuri Dixit
Lajwanti,1958.0,120.0,282,7.3,43.0,1674,1401,Balraj Sahni,Kumari Naaz
Lajwanti,2014.0,63.0,327,6.9,17.0,1945,1965,Pushpendra Singh,Sugna Devi
Lakeer - Forbidden Lines,2004.0,170.0,77,4.4,932.0,104,2271,Sunil Shetty,Sohail Khan
Lakeer Ka Fakeer,2013.0,113.0,216,5.4,129.0,3138,2431,Saaikat Bagbaan,Ajaz Khan
Lakhan,1979.0,0.0,29,6.0,5.0,732,1751,Amjad Khan,Baby Rani
Lakhon Ki Baat,1984.0,136.0,204,6.8,126.0,476,1981,Farooq Shaikh,Anita Raj
Lakhon Me Ek,1971.0,155.0,172,7.0,69.0,2343,1289,Pran,Ramesh Deo
Lakshmanrekha,1991.0,133.0,269,4.7,37.0,2809,1406,Jackie Shroff,Sangeeta Bijlani
Lakshmi,1982.0,134.0,269,5.0,10.0,451,1813,Raj Babbar,Ranjeet
Lakshmi,2014.0,115.0,269,7.9,1520.0,1651,1328,Vibha Chhibber,Ranjeet Jha
Lakshya,2004.0,186.0,50,7.9,21444.0,775,831,Preity Zinta,Amitabh Bachchan
Lal Baadshah,1999.0,180.0,39,3.2,588.0,1172,207,Manisha Koirala,Shilpa Shetty Kundra
Lal Bangla,1966.0,135.0,401,5.7,14.0,1133,1613,Sheikh Mukhtar,Sujit Kumar
Lal Bhi Udhaas Ho Sakta Hai,2015.0,60.0,241,6.6,5.0,196,1743,0,0
Lal Haveli,1944.0,0.0,327,6.6,14.0,1170,2286,Noor Jehan,Ulhas
Lal Kothi,1978.0,123.0,427,6.2,16.0,478,992,Tanuja,Ranjit Mallick
Lal Pari,1954.0,0.0,115,4.6,5.0,1270,1177,Shakila,B.M. Vyas
Lal Patthar,1971.0,148.0,269,6.5,117.0,2843,1636,Hema Malini,Rakhee Gulzar
Lal Quila,1960.0,134.0,427,6.3,9.0,1659,1510,Helen,Kamal Kapoor
Lal Salaam,2002.0,131.0,379,6.7,88.0,802,1394,Sharad S. Kapoor,Makrand Deshpande
Lala Hardaul,2012.0,147.0,360,7.4,8.0,680,1894,Divyanka Tripathi Dahiya,Prince Khan
Lalach,1983.0,0.0,28,5.8,6.0,2574,515,Chandrashekhar,Coca Cola
Lalkar (The Challenge),1972.0,0.0,50,6.3,107.0,2165,1696,Dharmendra,Mala Sinha
Lallu Ram,1985.0,0.0,20,7.8,5.0,2625,2389,Gajendra Chauhan,Vyjayanti Chavan
Lambu Dada,1992.0,142.0,29,4.6,18.0,2583,1253,Mahesh Anand,Kabir Bedi
Lamhaa: The Untold Story of Kashmir,2010.0,152.0,52,5.0,626.0,2001,1970,Bipasha Basu,Kunal Kapoor
Lamhe,1991.0,187.0,320,7.4,2638.0,3106,251,Sridevi,Anupam Kher
Land of the Gods,2016.0,92.0,269,7.3,278.0,853,2434,Geetanjali Thapa,Uttara Baokar
Lanka,2011.0,107.0,29,5.8,205.0,1507,1225,Arjan Bajwa,Tia Bajpai
Lanka Dahan,1917.0,0.0,105,6.7,22.0,707,280,Ganpat G. Shinde,D.D. Dabke
Laparwah,1981.0,0.0,39,5.4,14.0,2231,1601,Birbal,Mithun Chakraborty
Lashkar,1989.0,176.0,29,5.8,43.0,1032,972,Dev Anand,Javed Jaffrey
Lashtam Pashtam,2018.0,108.0,269,6.0,77.0,1444,681,Priyanshu Chatterjee,Tisca Chopra
Last Chance: The Moment I Finally Embraced the Futility of Existence,2019.0,74.0,172,8.8,10.0,2288,1862,Rohit D'Souza,Darshil Gandhi
Lateef,2013.0,118.0,29,3.4,124.0,1006,1429,Kader Khan,Murli Sharma
Lateef to laden,2018.0,92.0,162,6.6,7.0,2549,1929,Tariq Imtyaz,Mushtaq Ali
Lathi,1988.0,0.0,269,6.3,17.0,963,1963,Dharmendra,Govinda
Latt Saheb,1967.0,160.0,178,6.5,50.0,909,2059,Nutan,Prem Chopra
Lav Kush,1997.0,110.0,105,6.0,22.0,2948,920,Jaya Prada,Arun Govil
Lava,1985.0,0.0,342,5.6,27.0,2237,1668,Dimple Kapadia,Asha Parekh
Lava Kusa: The Warrior Twins,2010.0,120.0,127,6.6,32.0,696,1411,Arun Govil,Robert Lang
Lavanya Preeti,1993.0,90.0,269,5.2,9.0,311,74,Saumysri Misra,Tara Shankar Misra
Lav-Kush,1967.0,0.0,6,5.9,7.0,2337,371,Jayshree Gadkar,Babloo
Laxmii,2020.0,141.0,22,2.4,49164.0,1375,441,Akshay Kumar,Kiara Advani
Le Chal Apne Sang,2000.0,0.0,409,3.7,7.0,3011,1467,Alok Nath,Raza Murad
Le Gaya Saddam,2012.0,113.0,162,6.2,18.0,213,2041,Umesh Gautam,Nandini Jumani
Le Halua Le,2012.0,125.0,180,5.3,199.0,2030,1115,Payel Sarkar,Subhasish Mukherjee
Le Lotta,2017.0,123.0,172,6.5,15.0,1471,0,0,0
Leader,1964.0,176.0,211,7.3,190.0,2156,658,Vyjayanthimala,Jayant
Leatherface,1939.0,166.0,2,6.6,8.0,3005,1510,Miss Mehtab,Shirin Banu
Leaving Home: The Life and Music of Indian Ocean,2008.0,115.0,263,8.9,94.0,1041,1051,Asheem Chakravarty,Rahul Ram
Leera the Soulmate,2018.0,104.0,424,6.3,1624.0,2782,1292,Leera Kaljai,0
Lekar Hum Deewana Dil,2014.0,140.0,208,4.9,679.0,319,334,Deeksha Seth,Varun Badola
Lekin...,1990.0,171.0,297,7.5,331.0,870,2487,Dimple Kapadia,Amjad Khan
Lens,2016.0,109.0,326,6.7,1111.0,1077,234,Jayaprakash Radhakrishnan,Misha Ghoshal
Let's Be Friends!,2002.0,149.0,173,5.1,5207.0,1352,831,Kareena Kapoor,Rani Mukerji
Let's Bring Our Heroes Home,2004.0,163.0,52,6.1,1404.0,1542,207,Sanjay Dutt,Akshaye Khanna
Let's Dance,2009.0,125.0,223,5.7,19.0,28,739,Aqib Afzaal,Ajay Chaudhary
Let's Enjoy,2004.0,108.0,162,6.3,116.0,2672,274,Aashish Chaudhary,Roshni Chopra
Let's Talk About 'It',2017.0,77.0,366,5.7,14.0,1337,1091,Anoma Pabuwal,Deeya Dey
Liar's Dice,2013.0,104.0,104,6.8,949.0,829,1429,Geetanjali Thapa,Manya Gupta
Libaas,1988.0,137.0,269,8.2,37.0,870,2031,Utpal Dutt,Naseeruddin Shah
LIE,2017.0,145.0,15,5.9,880.0,902,1476,Megha Akash,Ravi Kishan
Life Express,2010.0,125.0,269,4.4,47.0,291,1843,Kiran Janjani,Yashpal Sharma
Life in a Metro,2007.0,132.0,180,7.4,11346.0,298,632,Irrfan Khan,Konkona Sen Sharma
Life Is Beautiful,2014.0,116.0,208,5.4,45.0,1491,1224,Nancy Brunetta,Anokhi Dalvi
Life Ki Aisi Ki Taisi,2017.0,130.0,162,5.5,16.0,754,689,Prerna Gupta,Javed Hyder
Life Ki Toh Lag Gayi,2012.0,155.0,18,5.3,255.0,2132,1040,Ranvir Shorey,Pradhuman Singh
Life Mein Kabhie Kabhiee,2007.0,145.0,336,5.8,271.0,3035,87,Dino Morea,Anuj Sawhney
Life Mein Time Nahi Hai Kisi Ko,2019.0,119.0,172,7.1,23.0,1496,1722,Krishna Abhishek,Yuvika Chaudhary
Life of an Outcast,2018.0,81.0,269,6.6,36.0,1822,1804,Shalini Mohan,Bhaskar Jha
Life of Pi,2012.0,127.0,105,7.9,591417.0,246,2284,Irrfan Khan,Adil Hussain
Life's for Living: Aadmi,1939.0,164.0,327,6.4,11.0,2580,2045,Shanta Hublikar,Sundarabai
Life's Good,2012.0,100.0,282,5.9,7.0,240,1966,Sunita Sen Gupta,Darshan Jariwala
Lihaaf: The Quilt,2019.0,85.0,269,7.1,29.0,1995,2331,Sonal Sehgal,Virendra Saxena
Like Stars on Earth,2007.0,165.0,282,8.4,175810.0,24,215,Darsheel Safary,Aamir Khan
Lingaa,2014.0,174.0,20,5.6,5137.0,1186,1712,Anushka Shetty,Sonakshi Sinha
Lion,2016.0,118.0,151,8.0,220526.0,811,620,Nicole Kidman,Rooney Mara
Lipstick Under My Burkha,2016.0,117.0,172,6.8,6373.0,169,12,Ratna Pathak Shah,Konkona Sen Sharma
Listen... Amaya,2013.0,108.0,269,6.6,588.0,417,708,Deepti Naval,Swara Bhaskar
Little Baby,2019.0,105.0,339,8.6,1417.0,2610,1624,Gulnaz Siganporia,Aadi
Little Box of Sweets,2006.0,0.0,327,6.2,46.0,1537,1419,Joe Anderson,Meneka Das
Little John,2001.0,126.0,62,5.1,207.0,2680,468,Fathima Babu,Ash Chandler
Little Singham: Kaal Ka Badla,2020.0,69.0,128,6.1,12.0,1871,926,Neshma Chemburkar,Saumya Daan
Little Terrors,2014.0,103.0,269,5.8,102.0,1463,1495,Deep Dhillon,Aamrik Arjun
Lo Main Aa Gaya,1999.0,0.0,1,6.1,15.0,1428,1071,Vinay Anand,Laxmikant Berde
Loafer,1996.0,160.0,25,5.1,510.0,630,251,Juhi Chawla,Kulbhushan Kharbanda
Loafer,1973.0,138.0,422,6.5,156.0,1,632,Mumtaz,Roopesh Kumar
LOC: Kargil,2003.0,255.0,308,5.2,2601.0,1018,1970,Ajay Devgn,Saif Ali Khan
Locket,1986.0,0.0,84,6.1,35.0,2173,920,Rekha,Vinod Mehra
Loev,2015.0,92.0,327,5.8,2434.0,2748,642,Siddharth Menon,Shiv Panditt
Log Kya Kahenge,1982.0,0.0,339,7.1,12.0,448,1426,Shabana Azmi,Shatrughan Sinha
Login,2012.0,125.0,336,6.1,99.0,2473,821,Raadhika Singh,Akkash Basnet
Loh Purush,1999.0,0.0,1,5.1,16.0,945,323,Monica Bedi,Shama Deshpande
Loha,1987.0,153.0,52,6.0,217.0,2020,632,Shatrughan Sinha,Karan Kapoor
Loha,1997.0,160.0,1,5.5,515.0,1234,632,Mithun Chakraborty,Govinda
Lohardaga,2019.0,120.0,269,7.8,8.0,1366,2444,Sanjay Mishra,Akhilendra Mishra
Loins of Punjab Presents,2007.0,88.0,197,7.0,761.0,1464,2031,Ajay Naidu,Ayesha Dharker
Lok Parlok,1979.0,0.0,20,6.1,74.0,2161,90,Aparna,Vijaya Bhanu
London,2005.0,149.0,20,4.4,98.0,2786,1585,Ankita,Mumtaz
London Calling,2009.0,90.0,44,3.8,8.0,454,510,Milind Gunaji,Nawab Shah
London Confidental,2020.0,77.0,227,6.4,1653.0,1238,1338,Purab Kohli,Kiren Jogi
London Dreams,2009.0,146.0,314,5.3,4375.0,3062,1940,Ajay Devgn,Om Puri
London Paris New York,2012.0,100.0,409,5.7,3677.0,289,159,Aditi Rao Hydari,Candice Pereira
Long Dark Road,2014.0,68.0,227,7.7,45.0,1589,392,Saurabh Kumar,Anamika Raj
Long Live Brij Mohan,2017.0,105.0,165,6.8,2573.0,1711,330,Nidhi Singh,Sheetal Thakur
Loot,2011.0,110.0,19,3.3,303.0,2115,2138,Mimoh Chakraborty,Prem Chopra
Lootcase,2020.0,132.0,164,7.6,15188.0,2077,1109,Rasika Dugal,Vijay Raaz
Lootera,2013.0,136.0,327,7.3,14888.0,3040,1778,Sonakshi Sinha,Barun Chanda
Lootera,1965.0,0.0,48,6.6,16.0,903,576,Nishi,Prithviraj Kapoor
Lootere,1993.0,156.0,80,5.1,267.0,694,2271,Juhi Chawla,Dinesh Anand
Lootmaar,1980.0,0.0,84,6.2,71.0,671,617,Tina Ambani,Mehmood
Lorie,1984.0,0.0,269,6.4,34.0,3026,2031,Farooq Shaikh,Swaroop Sampat
Lorni - The Flaneur,2019.0,107.0,235,7.0,5.0,3094,1554,Elizer Bareh,Deihokhlang Basaiawmoit
Lottery,2009.0,0.0,224,3.0,17.0,939,38,Abhijeet Sawant,Rucha Gujrati
Love,1991.0,152.0,320,5.9,1267.0,2830,1940,Arun Bakshi,Rita Bhaduri
Love 86,1986.0,145.0,327,5.7,87.0,760,2333,Rohan Kapoor,Neelam Kothari
Love Aaj Kal,2020.0,142.0,327,4.7,6994.0,974,1028,Sara Ali Khan,Randeep Hooda
Love Aaj Kal,2009.0,128.0,180,6.8,15191.0,974,1926,Deepika Padukone,Rishi Kapoor
Love Alive,2016.0,90.0,427,7.4,26.0,92,1791,Kajal Solanki,Qasim Khan
Love and Shukla,2017.0,107.0,180,7.4,828.0,1068,1915,Taneea Rajawat,Hima Singh
Love at Times Square,2003.0,120.0,327,3.8,205.0,671,617,Heenee Kaushik,Shoib Khan
Love Birds,1997.0,160.0,409,5.1,126.0,1762,310,Prabhu Deva,Aachi Manorama
Love Breakups Zindagi,2011.0,156.0,180,5.8,1006.0,2383,2548,Dia Mirza,Cyrus Sahukar
Love Day,2016.0,0.0,409,3.5,17.0,2432,796,Harish Kotian,0
Love Exchange,2015.0,122.0,409,5.2,47.0,2025,1323,Jyoti Sharma,Manoj Pahwa
Love Express,2011.0,141.0,172,5.3,117.0,2814,1920,Mannat Ravi,Vikas Katyal
Love Game,2009.0,107.0,409,6.0,10.0,56,675,Kalpana Pandit,Jesse Randhawa
Love Games,2016.0,114.0,240,4.3,873.0,3035,1535,Tara-Alisha Berry,Gaurav Arora
Love Has No Language,2008.0,0.0,409,6.0,10.0,1273,1787,Yazmeen Baker,James Gray
Love in Goa,1983.0,0.0,409,6.4,5.0,924,377,Om Prakash,Mayur Verma
Love in India,2009.0,91.0,254,6.5,246.0,1948,673,Divyaa Dwivedi,Ranajit Mohanty
Love in Japan,2006.0,136.0,19,3.1,15.0,158,1045,Shakti Kapoor,Bobby Khan
Love in Nepal,2004.0,143.0,324,3.6,120.0,2051,2197,Flora Saini,Jharana Bajracharya
Love in Simla,1960.0,0.0,173,7.3,96.0,1964,946,Sadhana,Azra
Love in Singapore,1984.0,0.0,409,4.7,16.0,2340,184,Rajinikanth,Sridevi
Love in Tokyo,1966.0,164.0,413,6.8,154.0,1873,946,Asha Parekh,Mehmood
Love Kaa Taddka,2009.0,0.0,172,4.7,28.0,2044,95,Sammir Dattani,Nauheed Cyrusi
Love Ke Chakkar Mein,2006.0,126.0,162,4.2,40.0,442,1836,Akshat Bhatia,Namitha
Love Ke Funday,2016.0,132.0,162,6.6,13.0,980,1485,Pooja Banerjee,Shaleen Bhanot
Love Ke Liye Kuch Bhi Karega,2001.0,131.0,170,6.0,1567.0,753,1926,Fardeen Khan,Aftab Shivdasani
Love Khichdi,2009.0,130.0,180,5.7,304.0,2715,1762,Rituparna Sengupta,Sada
Love Love Love,1989.0,146.0,327,5.5,867.0,454,19,Juhi Chawla,Gulshan Grover
Love Marriage,1984.0,0.0,327,4.9,30.0,1536,390,Master Bhagwan,C.S. Dubey
Love Marriage,1959.0,157.0,409,7.6,60.0,2737,617,Mala Sinha,Abhi Bhattacharya
Love Per Square Foot,2018.0,133.0,208,7.2,7588.0,235,2433,Angira Dhar,Alankrita Sahai
Love Qubool Hai,2020.0,94.0,327,10.0,5.0,2386,92,Mahesh Narayan,Rajasree Rajakumari
Love Recipe,2012.0,0.0,162,4.4,10.0,216,1766,Frank M. Ahearn,Suzanne Bernert
Love Shagun,2016.0,120.0,208,4.4,104.0,2356,291,Nidhi Subbaiah,Manit Joura
Love Sonia,2018.0,122.0,269,7.4,1570.0,2872,47,Riya Sisodiya,Mrunal Thakur
Love Sorries,2021.0,101.0,180,9.3,79.0,822,1580,Puneet Chouksey,Amitabh Gupta
Love Story,1981.0,161.0,320,6.5,377.0,2065,1659,Kumar Gaurav,Vijayata Pandit
Love Story 2050,2008.0,180.0,6,2.6,2334.0,921,800,Priyanka Chopra Jonas,Boman Irani
Love Trainning,2018.0,129.0,162,5.8,12.0,940,2051,Akhilendra Mishra,Usha Nadkarni
Love U Crazy Girl,2014.0,0.0,401,2.9,8.0,488,1478,Aamir,Sachin
Love U... Mr. Kalakaar!,2011.0,152.0,327,5.3,426.0,2312,2377,Amrita Rao,Ram Kapoor
Love Will Take Over,2018.0,140.0,177,3.0,2092.0,57,1953,Aayush Sharma,Warina Hussain
Love You Family,2017.0,0.0,269,4.2,12.0,2371,1034,Ashish Gokhale,Salman Yusuff Khan
Love You Hamesha,2001.0,0.0,409,5.1,61.0,1200,1839,Rohit Bal,Sonali Bendre
Love You Krishna,2019.0,0.0,180,5.9,8.0,2726,2550,Miranda O'Hare,Kamantha Naidoo
Love You to Death,2012.0,102.0,214,5.3,7.0,1987,2176,Abhro Banerjee,Kallol Banerjee
Lovefucked,2018.0,106.0,327,6.0,365.0,21,822,Rohit Kokate,Khushboo Upadhyay
Lover Boy,1985.0,0.0,327,4.1,19.0,2641,1715,Meenakshi Sheshadri,Anita Raj
Lovers,1983.0,0.0,180,4.8,29.0,503,1100,Padmini Kolhapure,Rakesh Bedi
LoveShhuda,2016.0,133.0,208,4.5,552.0,2966,757,Navneet Kaur Dhillon,Tisca Chopra
"Lovesongs: Yesterday, Today & Tomorrow",2008.0,91.0,269,5.1,42.0,1071,903,Om Puri,Mallika Sarabhai
"LSD: Love, Sex Aur Dhokha",2010.0,155.0,165,7.1,5376.0,710,1490,Anshuman Jha,Neha Chauhan
Lucifer,2019.0,175.0,29,7.5,8210.0,1922,1317,Vivek Oberoi,Manju Warrier
Luck,2009.0,141.0,6,4.8,2513.0,2689,1305,Sanjay Dutt,Imran Khan
Luck by Chance,2009.0,156.0,269,7.1,9678.0,3137,704,Konkona Sen Sharma,Rishi Kapoor
Luckhnowi Ishq,2015.0,127.0,269,7.1,23.0,27,66,Karishma Kotak,Mukesh Khanna
Lucknow Central,2017.0,133.0,29,6.2,2690.0,2203,704,Diana Penty,Inaamulhaq
Lucky Kabootar,2014.0,117.0,162,5.1,75.0,2569,357,Shraddha Das,Rimple Dhindsa
Lucky: No Time for Love,2005.0,180.0,388,4.7,3457.0,1985,2478,Salman Khan,Sneha Ullal
Ludo,2020.0,149.0,19,7.6,32403.0,298,1517,Abhishek Bachchan,Rajkummar Rao
Luka Chuppi,2019.0,126.0,208,6.3,8808.0,1377,1028,Kriti Sanon,Aparshakti Khurana
Lupt,2018.0,110.0,373,5.6,2027.0,1850,898,Niki Walia,Vijay Raaz
Lust Stories,2018.0,120.0,327,6.4,10011.0,3137,651,Karan Johar,Anurag Kashyap
Luv Ka the End,2011.0,106.0,172,4.8,1434.0,552,2115,Taha Shah Badussha,Errol Peter Marks
Luv Shuv Pyar Vyar,2017.0,180.0,409,4.7,31.0,1798,730,Dolly Chawla,Kunal Sharma
Luv Shuv Tey Chicken Khurana,2012.0,140.0,162,6.6,3690.0,2414,1108,Huma Qureshi,Vinod Nagpal
Luv U Alia,2015.0,130.0,347,5.3,81.0,984,2403,Chandan Kumar,Sudeep
Luv U Soniyo,2012.0,144.0,208,5.5,67.0,1112,2332,Neha Hinge,Bunty Grewal
LuvUTurn,2019.0,124.0,409,6.2,8.0,914,1877,Adhvik Mahajan,Purva Rana
M Cream,2014.0,112.0,94,5.6,611.0,99,31,Tom Alter,Raaghavv Chanana
M.... Matric Pass,2014.0,118.0,327,3.9,14.0,2829,2028,Paras Sharma,Sushma Sharma
M.A.D: Mad About Dance,2014.0,125.0,317,5.1,110.0,2355,1887,Amy Maghera,Salah Benlemqawanssa
M.S. Dhoni: The Untold Story,2016.0,184.0,157,7.9,43713.0,1697,2299,Kiara Advani,Anupam Kher
Ma Beta,1962.0,138.0,165,5.0,14.0,1382,1231,Ameeta,Vijay Dutt
Maa,1992.0,145.0,294,5.9,103.0,119,920,Jaya Prada,Aruna Irani
Maa,1957.0,120.0,327,7.2,12.0,526,464,Leela Chitnis,Kusum Deshpande
Maa,1976.0,137.0,282,6.5,88.0,1393,632,Hema Malini,Nirupa Roy
Maa Aur Mamta,1970.0,148.0,269,7.5,22.0,400,1491,Ashok Kumar,Nirupa Roy
Maa Baap,1960.0,130.0,347,6.6,14.0,2962,1696,Kamini Kadam,Pran
Maa Beti,1986.0,151.0,269,5.1,19.0,1207,2083,Meenakshi Sheshadri,Sharmila Tagore
Maa Kasam,1985.0,137.0,1,4.4,28.0,2617,1305,Divya Rana,Ranjeet
Maa Kasam,1999.0,132.0,1,4.6,23.0,374,1031,Vikas Anand,Arjun
Maa Ke Aansoo,1959.0,0.0,282,5.4,5.0,702,119,Nalini Jaywant,Neelam
Maa Ki Shakti,1996.0,0.0,269,7.5,26.0,457,1754,Soundarya,0
Maa Santoshi Maa,2003.0,0.0,269,8.9,46.0,1067,456,Mehar Mittal,Alok Nath
Maa Tujhhe Salaam,2002.0,162.0,39,3.5,1145.0,2912,2271,Tabu,Arbaaz Khan
Maachis,1996.0,160.0,29,7.8,2079.0,870,1495,Tabu,Chandrachur Singh
Maahir,1996.0,0.0,339,3.1,27.0,1374,810,Govinda,Farha Naaz
Maain Bhi Ladki Hun,1964.0,152.0,269,7.0,26.0,10,1274,Dharmendra,S.V. Ranga Rao
Maal Road Dilli,2018.0,145.0,162,5.7,10.0,412,1824,Manveer Choudhary,Neha Kargeti
Maalik,1972.0,0.0,282,6.8,53.0,1,1703,Sharmila Tagore,Ashok Kumar
Maan Abhiman,1980.0,113.0,282,5.4,15.0,951,1672,Kavita Kiran,Yunus Parvez
Maan Apmaan,1979.0,0.0,269,5.5,8.0,1638,1981,Sushma Shiromani,Usha Solanki
Maan Gaye Mughall-E-Azam,2008.0,137.0,165,3.1,491.0,2445,1185,Rahul Bose,Paresh Rawal
Maan Gaye Ustaad,1981.0,0.0,269,6.0,16.0,2617,2083,Pran,Amjad Khan
Maan Maryada,1984.0,139.0,1,3.7,13.0,1969,1406,Rameshwari,Deepak Parashar
Maanav Hatya,1986.0,0.0,409,4.7,18.0,2741,1132,Madhuri Dixit,Gulshan Grover
Maang Bharo Sajana,1984.0,0.0,269,5.4,37.0,2161,920,Rekha,Moushumi Chatterjee
Maanthrikam,1995.0,144.0,20,6.3,224.0,2904,1317,Jagadish,Priya Raman
Maarg,1992.0,0.0,269,4.2,19.0,1423,2487,Hema Malini,Dimple Kapadia
Maassab (The Teacher),2018.0,116.0,269,8.6,155.0,90,2105,Sheetal Singh,Manveer Choudhary
Maati Maangey Khoon,1984.0,128.0,84,5.4,17.0,2013,2085,Rekha,Raj Babbar
Maatr,2017.0,113.0,427,4.5,399.0,390,1792,Madhur Mittal,Anurag Arora
Maazii,2013.0,123.0,227,5.8,94.0,1039,2257,Mona Wasu,Mohd. Zeeshan Ayyub
Machaan,2021.0,124.0,327,8.6,93.0,1726,1541,Richa Kalra,Prateek Goyal
Machhli Jal Ki Rani Hai,2014.0,120.0,363,2.3,235.0,638,2307,Reema Debnath,Saurabh Dubey
Machine,2017.0,148.0,75,2.7,761.0,39,1252,Kiara Advani,Rishabh Arora
Machines,2016.0,71.0,241,7.2,555.0,2002,0,0,0
Madaari,2016.0,133.0,112,7.6,13676.0,1723,854,Jimmy Sheirgill,Vishesh Bansal
Madadgaar,1987.0,0.0,29,5.2,12.0,2179,920,Sulakshana Pandit,Aruna Irani
Madam Chief Minister,2021.0,130.0,269,4.6,1383.0,2732,1825,Manav Kaul,Saurabh Shukla
Madam X,1994.0,119.0,29,3.7,77.0,656,1819,Mohsin Khan,Shakti Kapoor
Madari,1959.0,124.0,60,5.3,17.0,459,552,Ranjan,Manher Desai
Made in China,2019.0,128.0,172,6.2,3845.0,1541,1719,Boman Irani,Mouni Roy
Made in India,2010.0,95.0,241,7.1,33.0,2240,2409,0,0
Madholal Keep Walking,2009.0,121.0,172,6.2,112.0,1038,2228,Neela Gokhle,Pranay Narayan
Madhosh,1974.0,133.0,320,6.3,253.0,669,1170,Reena Roy,Rakesh Roshan
Madhosh,1951.0,0.0,289,6.8,12.0,1013,1274,Manher Desai,Usha Kiran
Madhosh,1994.0,0.0,409,6.8,65.0,3035,625,Dilip Dhawan,Dinesh Hingoo
Madhoshi,2004.0,122.0,393,4.6,395.0,2882,499,John Abraham,Priyanshu Chatterjee
Madhubaala,2006.0,133.0,427,3.2,9.0,2637,1944,Gurpreet kaur Sodhi,Gurpreet Singh
Madhubala,1950.0,0.0,269,7.4,16.0,1861,1166,Dev Anand,Ram Avtar
Madhumati,1958.0,110.0,356,8.0,1273.0,526,658,Vyjayanthimala,Johnny Walker
Madly,2016.0,106.0,327,5.4,146.0,477,723,Anurag Kashyap,Sebastián Silva
Madly Bangali,2009.0,130.0,315,7.0,287.0,275,2208,Tanaji Dasgupta,Sumeet Thakur
Madmast Barkhaa,2015.0,102.0,422,3.6,27.0,1062,690,Mithilesh Chaturvedi,Farida Dadi
Madras Cafe,2013.0,130.0,52,7.7,23388.0,2644,938,Nargis Fakhri,Raashi Khanna
Madurey,2004.0,145.0,1,5.1,1909.0,1954,943,Sonia Agarwal,Rakshitha
Mafia,1996.0,128.0,1,5.0,60.0,430,862,Somy Ali,Bob Anthony
Mafia Raaj,1998.0,0.0,1,3.3,15.0,3107,1305,Ayesha Jhulka,Sadashiv Amrapurkar
Magroor,1979.0,137.0,1,6.5,10.0,547,2085,Vidya Sinha,Prem Nath
Maha Badmaash,1977.0,0.0,38,5.4,17.0,1962,2487,Neetu Singh,Nisar Ahmad Ansari
Maha Chor,1976.0,0.0,20,5.9,42.0,1671,1703,Neetu Singh,Prem Chopra
Maha Shaktimaan,1985.0,109.0,8,6.4,16.0,2854,1668,Meenakshi Sheshadri,Kim
Maha Shaktishaali,1994.0,0.0,52,5.3,17.0,1155,1513,Dharmendra,Gulshan Grover
Mahaadev,1989.0,131.0,39,5.7,36.0,2020,2487,Meenakshi Sheshadri,Raj Babbar
Mahaan,1983.0,181.0,20,6.1,423.0,2315,377,Waheeda Rehman,Amitabh Bachchan
Mahaanta: The Film,1997.0,0.0,29,4.4,170.0,97,920,Poonam Dhillon,Sanjay Dutt
Mahabali Hanuman,1981.0,130.0,114,6.9,21.0,459,817,Rakesh Pandey,Kavita Kiran
Mahabharat,1965.0,163.0,8,7.3,77.0,459,37,Pradeep Kumar,Padmini
Mahabharat,2013.0,105.0,129,5.3,497.0,179,207,Ajay Devgn,Vidya Balan
Mahabharat Aur Barbareek,2013.0,137.0,302,6.8,19.0,695,323,Nitish Bharadwaj,Gajendra Chauhan
Mahaguru,1985.0,92.0,19,4.9,21.0,2346,775,Shafi Inamdar,Jeetendra
Mahakaleshwar - Legends of Shiva,2019.0,0.0,241,9.3,18.0,417,0,0,0
Mahakali Ka Insaaf,2001.0,0.0,269,8.8,85.0,1560,1757,Sanghavi,0
Mahal,1949.0,165.0,311,7.1,387.0,1210,377,Madhubala,M. Kumar
Mahal,1989.0,0.0,363,4.5,13.0,1277,1902,Rakesh Bedi,Kamal Kapoor
Mahal,1970.0,147.0,236,6.6,112.0,2573,617,Asha Parekh,Farida Jalal
Mahananda,1987.0,130.0,409,7.6,21.0,1565,1339,Farooq Shaikh,Shreeram Lagoo
Maharaja,1998.0,164.0,4,4.1,420.0,265,768,Manisha Koirala,Raj Babbar
Maharaja,1970.0,0.0,1,5.6,8.0,1678,1973,Nutan,Jeevan
Maharana Pratap,1946.0,0.0,0,7.0,9.0,1072,0,0,0
Maharana Pratap: The First Freedom Fighter,2012.0,145.0,89,5.0,108.0,1854,1396,Kuldeep Chaturvedi,Payal Kumawat
Maharathi,2008.0,114.0,224,7.1,976.0,2634,1406,Om Puri,Boman Irani
Maharathi Karna,1944.0,0.0,6,5.5,11.0,493,988,Prithviraj Kapoor,Durga Khote
Maha-Sangram,1990.0,159.0,50,5.6,146.0,1607,2487,Madhuri Dixit,Govinda
Mahashweta,1967.0,0.0,269,6.3,6.0,1827,267,Soumitra Chatterjee,Anil Chatterjee
Mahathma,2009.0,0.0,29,6.0,175.0,1331,1293,Bhavana,Charmy Kaur
Mahaveera,1988.0,0.0,1,4.9,27.0,1678,1080,Salma Agha,Raj Babbar
Mahayoddha Rama,2016.0,106.0,127,7.7,35.0,2283,1108,Jimmy Sheirgill,Gulshan Grover
Mahek,2007.0,80.0,339,8.0,29.0,1319,2125,Madan Deodhar,Anuya Bhagwat
Mahesh Dattani's Hasmukh Saab ki Wasihat,2015.0,82.0,269,6.3,36.0,1424,1311,Seema Bhargava,Achint Kaur
Mahishasura Mardini,1959.0,167.0,0,9.0,22.0,2194,969,M.N. Lakshmi Devi,Vasudeva Girimaji
Mahua,1969.0,137.0,396,6.2,12.0,518,2102,Anjana Mumtaz,Prem Nath
Mai,2013.0,105.0,282,6.7,92.0,1427,367,Kshitee Jog,Shivani Joshi
Mai Baap,1957.0,144.0,172,6.8,14.0,1392,443,Shyama,Raj Mehra
Maidan-E-Jung,1995.0,155.0,39,4.3,530.0,1172,632,Akshay Kumar,Karisma Kapoor
Main Aisa Hi Hoon,2005.0,162.0,289,4.8,1019.0,921,109,Sushmita Sen,Esha Deol
Main Aur Charles,2015.0,119.0,16,6.3,1588.0,1905,70,Alexx O'Nell,Anastasia Fullfina
Main Aur Mera Hathi,1981.0,136.0,39,6.6,34.0,1958,1305,Poonam Dhillon,Suresh Oberoi
Main Aur Mr. Riight,2014.0,130.0,208,5.2,347.0,80,447,Shenaz Treasury,Kavi Shastri
Main Aur Tum,1987.0,0.0,427,6.0,9.0,546,2195,Om Shivpuri,0
Main Awara Hoon,1983.0,148.0,282,5.2,38.0,357,1970,Raj Babbar,Jaya Prada
Main Azaad Hoon,1989.0,160.0,269,7.2,699.0,2911,207,Shabana Azmi,B.M. Shah
Main Balwaan,1986.0,130.0,269,5.8,43.0,1607,632,Mithun Chakraborty,Meenakshi Sheshadri
Main Chup Rahungi,1962.0,147.0,282,7.4,48.0,1,2263,Meena Kumari,Raj Mehra
Main Hoon Aflatoon,1987.0,0.0,1,4.3,6.0,187,952,V. Ravichandran,Vishnuvardhan
Main Hoon Chalbaaz,2003.0,0.0,1,5.9,43.0,1525,1537,Sayaji Shinde,Nataneya Singh
Main Hoon Khiladiyon Ka Khiladi,2004.0,0.0,1,8.8,92.0,1153,1313,Chiranjeevi,Pran
Main Hoon Na,2004.0,179.0,20,7.0,33177.0,770,2039,Sushmita Sen,Sunil Shetty
Main Hoon Rajinikanth,2015.0,127.0,162,7.3,35.0,766,2165,Shakti Kapoor,Sameer Khan
Main Intequam Loonga,1982.0,0.0,39,5.1,44.0,2161,632,Reena Roy,Shreeram Lagoo
Main Khiladi Tu Anari,1994.0,175.0,18,6.5,5725.0,2412,146,Saif Ali Khan,Shilpa Shetty Kundra
Main Krishna Hoon,2013.0,134.0,146,5.3,185.0,2104,952,Paresh Ganatra,Namit Shah
Main Madhuri Dixit Banna Chahti Hoon!,2003.0,0.0,276,6.0,514.0,567,287,Rajpal Yadav,Asif Basra
Main Mulayam Singh Yadav,2021.0,120.0,147,4.2,118.0,2852,226,Govind Namdeo,Mukesh Tiwari
Main Nashe Men Hoon,1959.0,0.0,284,6.7,59.0,1678,1671,Mala Sinha,Mubarak
Main Phir Aaoongi,1998.0,0.0,363,2.6,8.0,1175,966,Jay Kalgutkar,Mushtaq Khan
Main Prem Ki Diwani Hoon,2003.0,197.0,178,4.0,4401.0,2699,831,Kareena Kapoor,Abhishek Bachchan
Main Rony Aur Jony,2007.0,0.0,208,5.8,10.0,1664,1624,Sandali Sinha,Sayali Bhagat
Main Shadi Karne Chala,1962.0,0.0,162,6.5,6.0,2291,1358,Feroz Khan,Prem Chopra
Main Solah Baras Ki,1998.0,150.0,396,4.5,40.0,671,617,Jas Arora,Shaista Usta
Main Suhagan Hoon,1964.0,0.0,282,5.2,5.0,1357,1182,Ajit,Kewal Kumar
Main Sunder Hoon,1971.0,147.0,180,6.5,47.0,1953,1878,Mehmood,Biswajit Chatterjee
Main Tera Dushman,1989.0,0.0,5,5.1,68.0,3020,871,Jaya Prada,Sunny Deol
Main Tera Hero,2014.0,128.0,25,5.1,8139.0,630,2419,Ileana D'Cruz,Nargis Fakhri
Main Tere Liye,1988.0,0.0,327,6.8,13.0,3003,2259,Meenakshi Sheshadri,Rajendra Kumar
Main Tere Pyaar Mein Pagal,1999.0,146.0,162,4.7,7.0,1157,2326,Brahmanandam,J.D. Chakravarthi
Main Tulsi Tere Aangan Ki,1978.0,151.0,282,6.7,127.0,2013,1491,Asha Parekh,Vijay Anand
Main Tumhare Bachche ki Maa Banne Waali Hoon,2017.0,45.0,409,6.8,101.0,366,1909,Dhanraj Kadam,Ashish Lal
Main Wohi Hoon,1966.0,0.0,401,5.2,8.0,7,715,Kumkum,I.S. Johar
Main Zaroor Aaunga,2019.0,100.0,373,4.1,47.0,583,319,Aindrita Ray,Vikas Verma
Main Zinda Hoon,1988.0,120.0,269,7.8,51.0,2754,2290,Rajendra Gupta,Ali Haider
"Main, Meri Patni... Aur Woh!",2005.0,129.0,180,7.2,2185.0,567,1723,Rituparna Sengupta,Naseeruddin Shah
Maine Dil Tujhko Diya,2002.0,154.0,77,3.7,1125.0,2687,2172,Sameera Reddy,Sanjay Dutt
Maine Jeena Seekh Liya,1982.0,0.0,327,3.3,6.0,510,1308,Rajni Bala,Geeta Behl
Maine Pyaar Kyun Kiya,2005.0,145.0,180,5.5,4840.0,630,1940,Sushmita Sen,Katrina Kaif
Maiya,2017.0,0.0,339,2.7,13.0,247,197,Ilaria Borrelli,Alma Freddi
Majaal,1987.0,180.0,269,5.1,32.0,1147,1902,Vikas Anand,Asrani
Majaz: Ae Gham-e-Dil Kya Karun,2017.0,178.0,147,5.4,5.0,2238,1624,Rashmi Mishra,Neelima Azim
Majboor,1989.0,0.0,269,5.2,40.0,2161,920,Jaya Prada,Sunny Deol
Majboor,1964.0,0.0,282,6.1,8.0,1674,504,Waheeda Rehman,Lalita Pawar
Majboor Ladki,1991.0,127.0,427,2.8,9.0,2159,1514,Javed Khan,Alok Nath
Majhli Didi,1967.0,136.0,269,7.7,85.0,963,1274,Dharmendra,Lalita Pawar
Majjma,2021.0,106.0,269,8.1,24.0,1846,195,Gagansharmaknl,Nanda Yadav
Major Saab,1998.0,165.0,50,5.3,2083.0,2911,207,Ajay Devgn,Sonali Bendre
Majunu,2001.0,172.0,50,5.2,124.0,2230,1585,Rinke Khanna,Raghuvaran
Make in India,2019.0,0.0,269,7.0,9.0,445,2295,Saumendra Dash,Sushil Dubey
Malaal,2019.0,136.0,50,6.0,850.0,1454,1283,Sharmin Segal,Chinmayee Surve
Malamaal Weekly,2006.0,137.0,162,7.0,6120.0,1925,1523,Om Puri,Riteish Deshmukh
Malang,2020.0,135.0,29,6.5,8972.0,1582,82,Anil Kapoor,Disha Patani
Malhar,1951.0,0.0,342,4.9,10.0,911,323,Shammi,Moti Sagar
Malik Ek,2010.0,128.0,153,6.6,23.0,649,128,Rana Jung Bahadur,Sudesh Berry
Malli,1998.0,90.0,269,7.6,54.0,2489,2136,Sweta,0
Mallika,2010.0,0.0,368,4.6,52.0,3099,270,Sammir Dattani,Mamik Singh
Mama Bhanja,1977.0,0.0,173,6.7,27.0,1675,2059,Randhir Kapoor,Parveen Babi
Mamata Ki Chhaon Mein,1989.0,0.0,282,5.5,17.0,199,1068,Ashok Kumar,Amit Kumar
Mammo,1994.0,130.0,269,7.7,406.0,2662,706,Surekha Sikri,Amit Phalke
Mamta,1966.0,150.0,327,6.8,116.0,400,377,Dharmendra,Suchitra Sen
Man Ka Meet,1969.0,150.0,84,5.7,21.0,93,2178,Leena Chandavarkar,Om Prakash
Man Ki Aankhen,1970.0,0.0,269,6.6,41.0,1991,2511,Dharmendra,Sujit Kumar
Man Mandir,1971.0,142.0,282,5.2,32.0,2887,2511,Sanjeev Kumar,Sudesh Kumar
Man on Mission Fauladi,2004.0,158.0,1,4.8,126.0,1560,1412,Soundarya,0
Man On Mission Jaanbaaz,2005.0,125.0,1,4.7,137.0,1560,1644,0,0
Man on Mission Taqatwar,2005.0,0.0,1,8.7,84.0,38,100,Mohan Babu,Charmy Kaur
Man Pasand,1980.0,0.0,172,6.4,99.0,476,617,Tina Ambani,Girish Karnad
Manasarovar,2004.0,90.0,269,6.9,80.0,292,397,Neha Dubey,Zafar Karachiwala
Manavata,1972.0,120.0,327,7.3,6.0,2887,2020,Swarup Dutt,Radha Saluja
Manchala,1999.0,137.0,409,5.2,5.0,1083,2507,Gauri Khopkar,Rakesh Bedi
Manchali,1973.0,131.0,209,6.5,129.0,2033,1981,Leena Chandavarkar,Nazima
Mandi,1983.0,167.0,172,7.5,744.0,2662,2031,Smita Patil,Naseeruddin Shah
Mandir Masjid,1977.0,0.0,269,6.2,5.0,1558,2530,Master Bhagwan,Nasir Hussain
Mangal Pandey,1983.0,136.0,29,5.9,29.0,919,1776,Ajit,Harbans Darshan M. Arora
Mangal Pandey: The Rising,2005.0,150.0,153,6.6,9520.0,1280,19,Rani Mukerji,Toby Stephens
Mangalashtak Once More,2013.0,122.0,327,6.2,105.0,2419,1354,Mangesh Borgaonkar,Hemant Dhome
Mangalsutra,1981.0,121.0,373,6.5,48.0,3004,1819,Anant Nag,Prema Narayan
Manikanda,2007.0,121.0,29,3.6,38.0,2534,281,Madhan Bob,Vagai Chandrasekar
Manikarnika: The Queen of Jhansi,2019.0,148.0,17,6.4,10230.0,1981,998,Kangana Ranaut,Danny Denzongpa
Manjhi: The Mountain Man,2015.0,120.0,91,8.0,18207.0,1280,1429,Radhika Apte,Ashutosh Acharya
Manjunath,2014.0,130.0,151,7.2,478.0,2429,268,Karan Ashar,Aarun D. Baliean
Manmatha Leelai,1976.0,161.0,180,6.7,114.0,1146,15,Hema Chaudhari,Kamal Haasan
Man-Mauji,1962.0,141.0,199,7.1,39.0,1953,1878,Kishore Kumar,Sadhana
Manohara,1954.0,199.0,0,7.3,46.0,1363,2106,Girija,Kannamba
Manokaamnaa,1980.0,110.0,327,7.1,15.0,1270,2389,Shail Chaturvedi,Kalpana Iyer
Manorama: Six Feet Under,2007.0,137.0,224,7.6,7563.0,1685,35,Gul Panag,Raima Sen
Manoranjan,1974.0,158.0,204,6.8,214.0,2570,2059,Sanjeev Kumar,Zeenat Aman
Mansoor Miyanar Ghora,2000.0,0.0,269,6.2,15.0,1641,439,Archana Banerjee,Arun Mukherjee
Manthrikan,2012.0,0.0,176,3.4,69.0,247,1555,Natasha Doshi,Muktha George
Manto,2018.0,112.0,151,7.4,3929.0,1663,1429,Rasika Dugal,Tahir Raj Bhasin
Mantostaan,2017.0,92.0,303,6.0,89.0,1995,460,Sonal Sehgal,Shoib Shah
Manzil,1960.0,120.0,327,6.0,65.0,1449,617,Nutan,K.N. Singh
Manzil,1979.0,113.0,328,6.9,289.0,476,207,Moushumi Chatterjee,Rakesh Pandey
Manzilein Aur Bhi Hain,1974.0,112.0,269,4.2,16.0,1423,773,Kabir Bedi,Mukesh Bhatt
Maqbool,2003.0,132.0,227,8.1,10024.0,3070,854,Tabu,Pankaj Kapur
Maqsad,1984.0,166.0,28,5.9,83.0,1147,1703,Jeetendra,Jaya Prada
Mar Mitenge,1988.0,0.0,1,4.5,30.0,1269,920,Mithun Chakraborty,Madhavi
Mard,1985.0,177.0,50,6.2,1604.0,1483,207,Amrita Singh,Nirupa Roy
Mard,1998.0,135.0,1,4.2,31.0,810,1305,Ravali,Kader Khan
Mard Ki Zabaan,1987.0,0.0,1,4.5,20.0,1147,632,Jackie Shroff,Poonam Dhillon
Mard Ko Dard Nahin Hota,2018.0,134.0,18,7.4,6647.0,2975,42,Radhika Madan,Mahesh Manjrekar
Mardaani,2014.0,113.0,29,7.3,11913.0,1856,1768,Tahir Raj Bhasin,Priyanka Sharma
Mardaani 2,2019.0,103.0,29,7.4,8198.0,851,2273,Rani Mukerji,Rajesh Sharma
Mardani,1983.0,0.0,29,6.4,14.0,858,1259,Kamini Bhatia,Chhagan Bhujbal
Mardon Wali Baat,1988.0,0.0,4,5.0,54.0,547,632,Sanjay Dutt,Shabana Azmi
Marega Salaa,2009.0,0.0,224,4.9,46.0,674,932,Kim Sharma,Hrishitaa Bhatt
Margarita with a Straw,2014.0,100.0,269,7.2,3565.0,2643,1460,Kalki Koechlin,Revathi
Marigold,2007.0,110.0,198,4.8,1890.0,3097,1940,Ali Larter,Nandana Sen
Marine Drive,1955.0,132.0,29,6.4,16.0,796,493,Ajit,K.N. Singh
Marjaavaan,2019.0,152.0,50,3.6,3146.0,1544,1842,Sidharth Malhotra,Tara Sutaria
Market,2003.0,160.0,317,3.5,132.0,1083,1215,Suman Ranganath,Aryan Vaid
Marma,2002.0,0.0,311,6.3,33.0,2801,229,Shringar Nagaraj,Prema
Marma Mudichu,2020.0,0.0,363,6.8,6.0,1877,544,Shobha Rani,Rohith
Marne Bhi Do Yaaron,2019.0,130.0,162,4.9,73.0,1261,1081,Kashmira Shah,Rishaab Chauhaan
Maroon,2017.0,94.0,427,5.1,291.0,1933,628,Manav Kaul,Saurabh Sachdeva
Married 2 America,2012.0,0.0,427,4.2,17.0,720,320,Akhilendra Mishra,Chetan Pandit
Marshal,2002.0,109.0,1,5.4,17.0,1472,862,Liyaqat Bari,Mithun Chakraborty
Marte Dam Tak,1987.0,155.0,39,4.9,108.0,1536,1636,Govinda,Farha Naaz
Martyrs of Marriage,2016.0,90.0,241,8.5,166.0,661,0,0,0
Marudhar Express,2019.0,106.0,327,6.1,554.0,3073,1105,Tara-Alisha Berry,Rajesh Sharma
Maruti Mera Dosst,2009.0,0.0,135,7.9,53.0,1462,2040,Sushmita Mukherjee,Erik A. Nanda
Mary Kom,2014.0,122.0,17,6.8,10089.0,1747,1623,Sunil Thapa,Robin Das
Maryada,1971.0,154.0,347,7.1,61.0,316,1703,Raaj Kumar,Mala Sinha
Masaan,2015.0,109.0,269,8.2,24900.0,1696,1825,Sanjay Mishra,Vicky Kaushal
Masala Chai,2017.0,80.0,241,8.2,27.0,1508,1309,Gouri Mahato,Subodh Pramod
Masala Republic,2014.0,135.0,214,5.2,105.0,3068,850,Soubin Shahir,Vinay Forrt
Maseeha,2002.0,117.0,29,4.1,74.0,1805,2267,Namrata Shirodkar,Inder Kumar
Mashaal,1950.0,136.0,269,6.2,5.0,1727,377,Sumitra Devi,Ruma Guha Thakurta
Mashaal,1984.0,162.0,43,7.3,655.0,3106,251,Dilip Kumar,Waheeda Rehman
Mashooka,2005.0,107.0,320,5.3,30.0,95,78,Meghna Naidu,Vidya Malvade
Mashooq,1992.0,0.0,327,5.3,43.0,889,1179,Shahrukh Mirza,Ayub Khan
Maska,2020.0,111.0,180,5.8,1317.0,1700,1610,Manisha Koirala,Shirley Setia
Maska,2009.0,156.0,20,5.2,284.0,848,1744,Hansika Motwani,Sheela Kaur
Masoom,1983.0,165.0,269,8.4,3771.0,2608,1406,Shabana Azmi,Jugal Hansraj
Masoom,1960.0,0.0,269,7.3,23.0,2520,1998,Aziz,Honey Irani
Masoom,1996.0,130.0,26,5.8,95.0,1428,2357,Sulabha Arya,Arun Bakshi
Massey Sahib,1986.0,118.0,269,7.2,105.0,1858,1646,Barry John,Arundhati Roy
Mast,1999.0,153.0,204,5.4,903.0,2147,87,Urmila Matondkar,Dalip Tahil
Mast Kalandar,1991.0,143.0,52,5.2,44.0,2006,632,Dimple Kapadia,Shammi Kapoor
Mastaani,2005.0,0.0,269,4.4,19.0,1159,144,Sonia Bhagiyaa,Shabnam Kapoor
Mastana,1954.0,0.0,282,6.7,6.0,920,1334,Nigar Sultana,Chandrashekhar
Mastana,1970.0,151.0,278,6.8,51.0,93,1289,Padmini,Bharathi
Master,2001.0,152.0,1,4.8,24.0,2792,2259,Ting Leung,Sadashiv Amrapurkar
Masterji,1985.0,178.0,180,6.5,95.0,1157,1703,Sridevi,Anita Raj
Masti,2004.0,166.0,169,6.2,6068.0,981,87,Vivek Oberoi,Riteish Deshmukh
Masti Express,2011.0,103.0,94,5.1,91.0,3038,1723,Johnny Lever,Divya Dutta
MASTI NAHI SASTI,2017.0,96.0,162,3.3,6.0,1909,876,Shakti Kapoor,Kader Khan
Mastizaade,2016.0,119.0,162,2.4,2622.0,1544,2377,Vir Das,Sunny Leone
Mastram,2013.0,98.0,151,4.8,514.0,152,646,Rahul Bagga,Tara-Alisha Berry
Match Of Life,2020.0,0.0,162,5.4,5.0,181,1723,Stefy Patel,Supriya Karnik
Mati Manas,1985.0,92.0,254,7.7,42.0,1455,1847,Anita Kanwar,Ashok Sharma
Matru ki Bijlee ka Mandola,2013.0,151.0,172,5.6,6035.0,3070,1515,Imran Khan,Anushka Sharma
Matrubhoomi: A Nation Without Women,2003.0,99.0,269,7.7,2042.0,1468,2370,Sudhir Pandey,Sushant Singh
Mausam,1975.0,156.0,396,8.1,868.0,870,1981,Sharmila Tagore,Om Shivpuri
Mausam,2011.0,161.0,332,4.7,5258.0,1784,2043,Sonam Kapoor,Anupam Kher
Mausam Ikrar Ke Do Pal Pyar Ke,2018.0,130.0,269,2.8,10.0,1805,1349,Madalsa Sharma,Manju Bharti
Maut,1998.0,120.0,363,4.3,25.0,1088,1986,Raj Premi,Shabbir
Maut Ka Saya,1982.0,0.0,269,7.0,6.0,2920,742,Anil Dhawan,Vijayendra Ghatge
Maut Ke Peeche Maut,2003.0,95.0,363,4.2,6.0,1301,811,Brij Gopal,K.K. Goswami
Maut Ki Ladai,1989.0,0.0,84,4.4,10.0,1669,1079,Jaya Prada,Sridevi
Mawaali,1983.0,150.0,39,5.4,76.0,1147,920,Sridevi,Jaya Prada
Mawali Ek Playboy,2005.0,0.0,1,4.7,15.0,2919,1476,Saurabh Shukla,0
Mawali No.1,2002.0,115.0,1,3.5,8.0,1379,1902,Mithun Chakraborty,Indraja
Maximum,2012.0,110.0,29,4.7,202.0,1192,2198,Naseeruddin Shah,Neha Dhupia
Maya,2001.0,105.0,269,7.0,278.0,711,238,Mita Vashisht,Nitya Shetty
Maya,1993.0,130.0,324,5.4,2081.0,1280,592,Farooq Shaikh,Raj Babbar
Maya,1961.0,0.0,327,7.5,55.0,612,617,Mala Sinha,Lalita Pawar
Maya Bazaar,1958.0,150.0,115,6.5,21.0,459,1177,Anita Guha,Raj Kumar
Maya Darpan,1972.0,107.0,269,6.9,69.0,1348,71,Iqbalnath Kaul,Anil Pandya
Maya Machhindra,1932.0,154.0,0,5.8,13.0,2580,769,Durga Khote,Master Vinayak
Maya Machindra,1975.0,0.0,269,7.9,9.0,2337,37,Kanan Kaushal,Satyajeet
Mayooraa,1976.0,0.0,269,7.9,16.0,2866,1218,Rajkumar,Srinath
Mayura,1976.0,0.0,269,8.6,41.0,2105,969,T.N. Balakrishna,Shashi Kiran
Mayurpankh,1954.0,106.0,108,5.9,16.0,1307,1070,Sumitra Devi,Odette Ferguson
Mazaa Mazaa,2005.0,99.0,409,2.7,58.0,2865,705,Mridula Baruah,Pankaj Berry
Mazaaq,1975.0,103.0,162,6.7,17.0,895,2489,Moushumi Chatterjee,Aruna Irani
Mazdoor,1934.0,155.0,269,8.5,6.0,1563,484,S.B. Nayampalli,Paidi Jairaj
Mazdoor,1983.0,170.0,327,6.5,99.0,2213,658,Nanda,Raj Babbar
Mazdoor Zindabaad,1976.0,124.0,269,5.7,14.0,1675,1764,Parveen Babi,Manmohan Krishna
Mazloom,1986.0,0.0,29,4.8,8.0,559,492,Feroz,Goga Kapoor
Me and Mrs. Khanna,2009.0,109.0,180,3.6,2925.0,1916,1940,Kareena Kapoor,Sohail Khan
Medal,2018.0,96.0,269,7.9,7.0,809,1371,Indrisha Basu,Tanushri Basak
Mee Raqsam,2020.0,80.0,269,6.7,384.0,453,950,Shivangi Gautam,Danish Husain
Mee Sindhutai Sapkal,2010.0,110.0,151,6.9,126.0,240,958,Ameya Hunaswadkar,Neena Kulkarni
Meena Bazaar,1950.0,0.0,269,7.9,13.0,2235,1401,0,0
Meena Bazar,1991.0,0.0,269,4.8,12.0,1753,862,Coca Cola,Poonam Dasgupta
Meena Kumari Ki Amar Kahani,1981.0,0.0,269,7.9,13.0,2692,680,Sona Mastan Mirza,Bharat Bhushan
Meenakshi,1942.0,155.0,269,7.2,12.0,1556,1905,Ahindra Choudhury,Rajlakshmi Devi
Meenaxi: Tale of 3 Cities,2004.0,0.0,320,6.2,292.0,1394,2320,Raghuvir Yadav,Nadira Babbar
Meendum Kokila,1981.0,139.0,180,6.2,115.0,795,983,Sridevi,Unni Mary
Meera,1979.0,155.0,303,6.6,109.0,870,810,Vinod Khanna,Shammi Kapoor
Meera,1947.0,120.0,0,7.7,14.0,759,1155,0,0
Meera Ka Mohan,1992.0,152.0,409,5.5,14.0,1160,411,Ashwini Bhave,Pran
Meerabai Not Out,2008.0,0.0,180,3.9,87.0,582,297,Mahesh Manjrekar,Mandira Bedi
Meeradha,2016.0,0.0,409,6.6,19.0,35,1961,Venus Jain,Suhani Jethlia
Meeruthiya Gangsters,2015.0,129.0,164,7.2,623.0,3134,881,Aakash Dahiya,Jatin Sarna
Meet Mere Man Ke,1991.0,150.0,39,5.3,13.0,1536,715,Salma Agha,Prasenjit Chatterjee
Meetha Zehar,1985.0,0.0,39,5.0,6.0,1577,604,Padmini Kapila,Om Prakash
Megalopolis,2018.0,79.0,401,6.6,18.0,2280,1094,Naina Sareen,Arjun Radhakrishnan
Megha,1996.0,0.0,409,3.7,62.0,1574,2059,Karisma Kapoor,Rahul Roy
Meghdoot,1945.0,0.0,0,6.4,9.0,637,1129,Shahu Modak,0
Mehandi Ban Gai Khoon,1991.0,0.0,1,4.8,19.0,1971,501,Aashish Chanana,Juhi Chawla
Meharbaan,1993.0,0.0,409,5.7,44.0,1160,1902,Harbans Darshan M. Arora,Mithun Chakraborty
Meharbaani,1982.0,140.0,269,6.1,22.0,136,2,Mahendra Sandhu,Sarika
Mehboob Ki Mehndi,1971.0,151.0,320,6.7,119.0,920,1703,Leena Chandavarkar,Pradeep Kumar
Mehboob Mere Mehboob,1992.0,0.0,409,5.7,11.0,2167,801,Gurdip Singh,Sujoy Mukherjee
Mehbooba,1954.0,0.0,125,7.4,7.0,1143,762,Hiralal,Nalini Jaywant
Mehbooba,1976.0,134.0,327,6.5,144.0,2564,1703,Hema Malini,Prem Chopra
Mehbooba,2008.0,163.0,327,3.5,351.0,2871,88,Sanjay Dutt,Manisha Koirala
Meher,2020.0,0.0,269,9.3,27.0,2048,217,Dimple Chauhan,Sapna Das
Mehlon Ke Khwab,1960.0,0.0,327,6.7,16.0,1599,1068,Chanchal,Pradeep Kumar
Mehmaan,1973.0,0.0,29,5.7,6.0,1312,504,Rekha,Sulochana Latkar
Mehndi,1998.0,153.0,269,3.4,299.0,899,700,Rani Mukerji,Ushma Rathod
Mehndi,1958.0,0.0,282,5.3,6.0,2335,119,Jayashree,Veena
Mehndi,1983.0,0.0,50,7.2,21.0,400,2489,Raj Babbar,Ranjeeta Kaur
Mehndi Lagi Mere Haath,1962.0,128.0,180,5.9,23.0,2820,377,Nanda,Shashi Kapoor
Mehndi Rang Layegi,1982.0,0.0,282,5.5,17.0,1669,920,Rekha,Anita Raj
Mehrban,1967.0,162.0,269,7.2,47.0,1,377,Sulochana Latkar,Sunil Dutt
Mehsampur,2018.0,99.0,269,6.6,41.0,1196,525,Chamak Chamkila,Lal Chand
Meinu Ek Ladki Chaahiye,2014.0,0.0,165,2.9,11.0,60,1781,Puru Chibber,Reecha Sinha
Mela,1948.0,152.0,348,7.5,98.0,2349,1401,Dilip Kumar,Jeevan
Mela,1971.0,126.0,282,6.8,44.0,1868,1973,Feroz Khan,Mumtaz
Mela,2000.0,172.0,4,3.8,4247.0,694,19,Twinkle Khanna,Faisal Khan
Melody,1997.0,148.0,317,6.4,123.0,2385,2031,Aruna Irani,Zakir Hussain
Mem Sahib,1956.0,113.0,180,7.2,36.0,1960,1274,Shammi Kapoor,Pratima Devi
Mem-Didi,1961.0,137.0,172,7.4,31.0,963,1119,David Abraham,Tanuja
Memories,1964.0,113.0,323,7.6,97.0,2797,1970,Sunil Dutt,Nargis
Memories in March,2010.0,104.0,269,7.2,442.0,2481,613,Raima Sen,Rituparno Ghosh
Memsaab,1971.0,138.0,427,6.1,17.0,407,2530,Vinod Khanna,Johnny Walker
Men Not Allowed,2006.0,115.0,327,3.6,38.0,2649,1542,Tina Mazumdar,Nassar Abdulla
Men Will Be Men,2011.0,0.0,162,5.1,8.0,854,731,Zeenal Kamdar,Rajesh Khattar
Menstrual Man,2013.0,63.0,244,8.2,78.0,209,75,0,0
Mera Badla,1985.0,0.0,1,3.8,12.0,1959,2514,Rajinikanth,Sridevi
Mera Damad,1995.0,127.0,172,4.4,794.0,1805,2396,Ashok Kumar,Farooq Shaikh
Mera Desh Mera Dharam,1973.0,120.0,269,5.6,11.0,625,576,Ratan Aulakh,Mumtaz Begum
Mera Dharam,1986.0,0.0,84,4.1,8.0,473,871,Amrita Singh,Shakti Kapoor
Mera Dharam Meri Maa,1976.0,0.0,269,7.9,11.0,513,454,Nabam Tata,Tadu Tayung
Mera Dil Leke Dekho,2006.0,0.0,208,6.6,56.0,2277,871,Archana Puran Singh,Koel Purie
Mera Dil Tere Liye,1992.0,155.0,409,4.8,8.0,2322,763,Dinesh,Aruna Irani
Mera Faisla,1984.0,0.0,1,3.9,43.0,2352,1970,Rati Agnihotri,Jaya Prada
Mera Faisla,2005.0,0.0,1,3.6,8.0,0,0,0,0
Mera Farz,1989.0,0.0,1,5.4,21.0,1157,1379,Amrish Puri,Sridevi
Mera Gaon Mera Desh,1971.0,151.0,39,7.0,302.0,2013,369,Dharmendra,Vinod Khanna
Mera Haque,1986.0,135.0,1,4.7,36.0,119,1970,Anita Raj,Gulshan Grover
Mera Inteqam,1985.0,0.0,1,6.6,7.0,2340,1883,Rati Agnihotri,Y.G. Mahendra
Mera Jawab,1985.0,0.0,1,5.6,35.0,1636,871,Meenakshi Sheshadri,Shakti Kapoor
Mera Karam Mera Dharam,1987.0,0.0,269,5.5,27.0,745,632,Moushumi Chatterjee,Johnny Walker
Mera Lahoo,1987.0,0.0,29,5.4,39.0,2982,501,Sunil Dhawan,Govinda
Mera Naam Johar,1968.0,160.0,172,5.8,11.0,2493,837,Sonia Sahni,Tiwari
Mera Naam Joker,1970.0,224.0,172,8.0,4684.0,2011,1671,Manoj Kumar,Simi Garewal
Mera Naseeb,1989.0,150.0,269,4.1,7.0,2309,1855,Anuradha Patel,Sahil Vaid
Mera Pati Sirf Mera Hai,1990.0,142.0,282,3.8,37.0,1487,920,Rekha,Radhika Sarathkumar
Mera Qasoor Kya Hai,1964.0,0.0,269,6.2,13.0,1953,1878,Dharmendra,Nanda
Mera Rakshak,1978.0,157.0,29,4.6,19.0,1958,1305,Abhi Bhattacharya,Shreeram Lagoo
Mera Ramrajya Nai Kranti,2020.0,162.0,269,8.8,16.0,2663,2140,Ashwin Krishna Gaur,Aman Gupta
Mera Saathi,1985.0,140.0,269,4.9,14.0,1157,920,Jaya Prada,Rajiv Kapoor
Mera Saaya,1966.0,128.0,319,7.6,864.0,2013,2263,Sadhana,Jagdish Sethi
Mera Shikar,1988.0,141.0,1,3.9,7.0,1277,663,Kabir Bedi,Danny Denzongpa
Mera Vachan Geeta Ki Kasam,1977.0,0.0,1,5.6,10.0,3053,1973,Saira Banu,Ajit
Mera Yaar Mera Dushman,1987.0,0.0,376,4.3,9.0,255,449,Master Bhagwan,Ardhendu Bose
Meraa Dost Meraa Dushman,1984.0,129.0,1,5.2,12.0,2013,2085,Smita Patil,Geeta Behl
Meraa Ghar Mere Bachche,1985.0,150.0,282,4.7,20.0,572,1668,Smita Patil,Meenakshi Sheshadri
Mere Aagosh Mein,2000.0,142.0,427,5.5,11.0,436,1759,Kirti,Kirti Shetty
Mere Apne,1971.0,164.0,269,7.4,536.0,870,1274,Vinod Khanna,Shatrughan Sinha
Mere Baad,1988.0,140.0,269,6.6,30.0,3082,1265,Beena Banerjee,Anil Dhawan
Mere Baap Pehle Aap,2008.0,163.0,180,5.4,2058.0,1925,149,Paresh Rawal,Genelia D'Souza
Mere Bhaiya,1972.0,138.0,282,5.6,13.0,2520,2441,Nazima,Suresh Chatwal
Mere Brother Ki Dulhan,2011.0,139.0,173,5.8,8946.0,173,843,Katrina Kaif,Ali Zafar
Mere Dad Ki Maruti,2013.0,101.0,180,6.4,4535.0,358,1987,Rhea Chakraborty,Ram Kapoor
Mere Do Anmol Ratan,1998.0,161.0,269,5.0,45.0,1160,342,Namrata Shirodkar,Mukul Dev
Mere Dost Picture Abhi Baaki Hai,2012.0,180.0,162,3.5,191.0,2115,2267,Udita Goswami,Rajpal Yadav
Mere Genie Uncle,2015.0,0.0,162,4.0,7.0,362,2518,Navina Bole,Hetvi Charla
Mere Hamdam Mere Dost,1968.0,0.0,398,6.9,72.0,184,632,Sharmila Tagore,Rehman
Mere Haule Dost,2013.0,112.0,172,6.7,26.0,1733,10,Catherine Fallows,Kiran Gadalay
Mere Humsafar,1970.0,153.0,327,7.0,53.0,745,2078,Jeetendra,Balraj Sahni
Mere Huzoor,1968.0,165.0,327,6.4,59.0,3053,1182,Raaj Kumar,Jeetendra
Mere Jeevan Saathi,1972.0,142.0,275,6.9,168.0,2231,1703,Tanuja,Sujit Kumar
Mere Jeevan Saathi,2006.0,129.0,316,3.5,902.0,2790,146,Karisma Kapoor,Ameesha Patel
Mere Khwabon Mein Jo Aaye,2009.0,119.0,297,5.6,93.0,1414,1762,Raima Sen,Arbaaz Khan
Mere Lal,1966.0,0.0,282,6.4,10.0,2520,619,Indrani Mukherjee,Jagdev
Mere Mehboob,1963.0,164.0,180,6.9,196.0,920,377,Rajendra Kumar,Sadhana
Mere Paas Baap Hai,2018.0,108.0,162,6.1,31.0,767,1322,Afsheen Jamal,Shadab Khan
Mere Saath Chal,1986.0,0.0,269,5.6,9.0,2831,899,Shreeram Lagoo,Mushtaq Merchant
Mere Sajana Saath Nibhana,1992.0,141.0,317,6.3,55.0,2091,1305,Juhi Chawla,Shanti Priya
Mere Sajna,1975.0,0.0,327,6.2,10.0,1282,1426,Rakhee Gulzar,Ajit
Mere Sanam,1965.0,167.0,396,7.3,53.0,184,369,Biswajit Chatterjee,Pran
Mere Sapno Ki Rani,1997.0,0.0,320,4.3,56.0,1157,390,Rakesh Bedi,Laxmikant Berde
Mere Yaar Ki Shaadi Hai,2002.0,158.0,180,5.3,2102.0,2449,2379,Jimmy Sheirgill,Bipasha Basu
Meri Aan,1993.0,0.0,291,4.1,15.0,2292,534,Sanjay Dutt,Farheen
Meri Aashiqui,2005.0,0.0,409,4.8,20.0,1105,1211,Rahul Roy,Mreega Sakalni
Meri Aawaz Suno,1981.0,153.0,29,6.6,56.0,2352,920,Hema Malini,Om Shivpuri
Meri Adaalat,1984.0,131.0,84,5.1,22.0,20,1712,Zeenat Aman,Sonia Sahni
Meri Adaalat,2001.0,0.0,1,4.6,15.0,898,2499,Rakesh Bedi,Birbal
Meri Adalat,2005.0,0.0,1,6.9,30.0,1422,2363,Prakash Raj,0
Meri Bahen,1944.0,122.0,0,7.8,6.0,941,968,Sumitra Devi,Akhtar Jehan
Meri Bhabhi,1969.0,148.0,282,5.1,18.0,1286,2263,Waheeda Rehman,Kamini Kaushal
Meri Biwi Ka Jawab Nahin,2004.0,150.0,25,3.9,683.0,1786,1881,Akshay Kumar,Sridevi
Meri Biwi Ki Shaadi,1979.0,117.0,172,6.5,93.0,2052,214,Ranjeeta Kaur,Ashok Saraf
Meri Ganga Ki Saugandh,2003.0,110.0,1,5.6,7.0,1234,2051,Amit Pachori,Sapna Sappu
Meri Jung,1985.0,164.0,39,7.3,1210.0,2731,251,Girish Karnad,Nutan
Meri Jung Ka Elaan,2000.0,0.0,1,4.8,19.0,1234,632,Sapna Sappu,Satnam Kaur
Meri Lalkaar,1990.0,0.0,1,4.2,9.0,3107,1902,Bharat Bhushan,Puneet Issar
Meri Life Mein Uski Wife,2009.0,0.0,172,4.9,28.0,1805,894,Hina Tasleem,Monalisa
Meri Majboorii...,2006.0,102.0,29,3.2,8.0,2430,2336,Rakhi Bajaj,Seema Biswas
Meri Mohabbat Mera Naseeba,1995.0,0.0,409,3.0,9.0,1219,1325,Ravi Behl,Shafi Inamdar
Meri Nimmo,2018.0,90.0,269,7.1,283.0,2007,265,Karan Dave,Aryan Mishra
Meri Padosan,2009.0,0.0,172,3.3,7.0,1870,2000,Saadhika Randhawa,Sanjay Mishra
Meri Partigya,2002.0,0.0,1,3.6,7.0,2865,612,Mithun Chakraborty,Kiran Kumar
Meri Pyaari Bahania Banegi Dulhania,2001.0,131.0,339,5.0,10.0,1073,2244,Mithun Chakraborty,Shahid Khan
Meri Pyaari Bindu,2017.0,117.0,180,6.0,4495.0,165,422,Parineeti Chopra,Aarnaa Sharma
Meri Surat Teri Ankhen,1963.0,0.0,320,7.8,53.0,1965,377,Pradeep Kumar,Asha Parekh
Meri Zabaan,1989.0,149.0,29,5.7,16.0,2617,2083,Mithun Chakraborty,Vinod Mehra
Meri Zindagi Ek Agneepath,2005.0,0.0,1,3.7,15.0,871,1329,Chiranjeevi,Urmila Matondkar
Meridian Lines,2013.0,0.0,269,6.5,91.0,2988,332,Irrfan Khan,Konkona Sen Sharma
Michael,2011.0,97.0,336,5.3,149.0,2251,1406,Mahie Gill,Sabyasachi Chakrabarty
Mickey Virus,2013.0,135.0,214,6.0,2639.0,2526,1101,Manish Paul,Dean Alexandrou
Midnight's Children,2012.0,146.0,269,6.2,3031.0,644,1689,Vansh Bhardwaj,Anupam Kher
Mighty Raju,2015.0,60.0,132,3.3,20.0,2096,0,0,0
Mighty Raju Rio Calling,2014.0,99.0,127,4.5,35.0,2096,256,0,0
Mil Gayee Manzil Mujhe,1989.0,0.0,84,4.8,13.0,1557,884,Urmila Bhatt,Mithun Chakraborty
Milan,1967.0,170.0,320,6.8,160.0,93,2263,Nutan,Jamuna
Milan,1995.0,0.0,36,5.1,99.0,1423,871,Manisha Koirala,Paresh Rawal
Milan Ki Raat,1967.0,0.0,327,4.4,7.0,1950,2078,Sanjay Khan,Prakash
Milan Talkies,2019.0,141.0,327,5.0,321.0,2909,158,Sanjay Mishra,Ashutosh Rana
Milap,1955.0,0.0,172,7.4,19.0,2013,617,Geeta Bali,K.N. Singh
Milap,1972.0,111.0,313,6.0,23.0,448,2085,Reena Roy,Danny Denzongpa
Milenge Milenge,2010.0,109.0,327,4.1,1739.0,2509,1024,Shahid Kapoor,Aarti Chhabria
Milestone,2020.0,98.0,269,6.6,411.0,1007,1319,Pavitra Mattoo,Lakshvir Saran
Miley - Naa Miley - Hum,2011.0,114.0,180,2.5,225.0,2882,550,Kangana Ranaut,Neeru Bajwa
Mili,1975.0,150.0,328,7.5,1272.0,963,903,Amitabh Bachchan,Usha Kiran
Military Officer,1998.0,0.0,1,8.6,82.0,1157,1313,Chiranjeevi,Shakti Kapoor
Millitary Raaj,1998.0,0.0,1,5.8,50.0,2463,1305,Prem Chopra,Siddharth Dhawan
Milta Hai Chance by Chance,2011.0,87.0,162,6.2,9.0,2178,1365,Diveyaa Dwivedi,Divyaa Dwivedi
Mind,1999.0,160.0,327,6.2,5078.0,981,19,Manisha Koirala,Sharmila Tagore
Mirch,2010.0,105.0,174,6.5,855.0,3044,350,Raima Sen,Konkona Sen Sharma
Mirch Masala,1986.0,128.0,336,7.7,1248.0,1280,2166,Naseeruddin Shah,Om Puri
Mirchi: It's Hot,2004.0,107.0,216,3.9,22.0,725,510,Nilofer Khan,Sambhavna Sheth
Mirror Game,2017.0,113.0,237,6.1,222.0,3030,1533,Dhruv Bali,Pooja Batra
Mirza Ghalib,1954.0,145.0,155,7.0,103.0,2692,464,Suraiya,Nigar Sultana
Mirza Juuliet,2017.0,130.0,269,4.1,101.0,2085,577,Piaa Bajpai,Priyanshu Chatterjee
Mirza Sahiban,1947.0,0.0,327,5.5,11.0,1143,1487,Trilok Kapoor,Gulab
Mirza Sahiban,1957.0,119.0,409,7.3,27.0,2218,2143,Shammi Kapoor,Ram Singh
Mirza's Lady,2016.0,129.0,44,4.6,1739.0,2141,804,Saiyami Kher,Art Malik
Mis Chalu,2001.0,0.0,0,5.2,6.0,171,2049,0,0
Misaal,1985.0,0.0,1,4.2,17.0,889,1179,Shahrukh Mirza,Naseeruddin Shah
Misar Ka Khazana,1935.0,0.0,115,5.4,7.0,887,1473,Sardar Akhtar,Zebunissa
Mischief,1949.0,120.0,282,7.1,12.0,42,2281,Shyam,Sharda
Miss 420,1998.0,135.0,80,4.3,34.0,149,432,Sheeba,Shakti Kapoor
Miss Frontier Mail,1936.0,161.0,269,6.1,17.0,956,712,Sardar Mansur,Sayani Atish
Miss India,1957.0,148.0,269,7.5,17.0,969,1401,Pradeep Kumar,Pran
Miss India: The Mystery,2003.0,0.0,401,3.6,59.0,1855,1446,Dolly,Supriya Karnik
Miss Lovely,2012.0,113.0,225,6.4,3068.0,355,1429,Niharika Singh,Anil George
Miss Mala,1954.0,0.0,205,6.1,8.0,1072,1068,Vyjayanthimala,Agha
Miss Manorama,1935.0,90.0,269,6.3,9.0,772,91,Jehanara Kajjan,Agha Jani Kashmiri
Miss Mary,1957.0,0.0,162,6.8,35.0,1363,1274,Kishore Kumar,Gemini Ganesan
Miss Pamela,1989.0,102.0,269,4.5,6.0,1317,1073,Lalu Alex,Suresh Gopi
Miss Tanakpur Haazir Ho,2015.0,154.0,166,5.4,323.0,1242,295,Rahul Bagga,Hrishitaa Bhatt
Miss Teacher,2016.0,133.0,409,3.2,235.0,1083,989,Rahul Sharma,Resham Thakkar
Missed Call,2005.0,105.0,172,7.6,14.0,1593,2480,Ankur Vikal,Salim Ghouse
Missing,2018.0,120.0,326,5.8,2074.0,1606,1225,Tabu,Annu Kapoor
Missing on A Weekend,2016.0,113.0,427,4.3,74.0,66,672,Akash Bathija,Dibyendu Bhattacharya
Mission 369,1991.0,0.0,1,6.3,6.0,0,0,0,0
Mission Istaanbul: Darr Ke Aagey Jeet Hai!,2008.0,130.0,6,3.4,1099.0,310,2508,Zayed Khan,Shriya Saran
Mission Kashmir,2000.0,154.0,52,6.7,6531.0,3000,1970,Hrithik Roshan,Preity Zinta
Mission Mangal,2019.0,130.0,303,6.5,12611.0,1023,146,Vidya Balan,Taapsee Pannu
Mission Mumbai,2004.0,117.0,1,3.8,25.0,2104,2198,Nawab Shah,Ashutosh Rana
Mission Tiger,2016.0,0.0,90,4.7,7.0,738,488,Vijay Raaz,0
Mission Vande Mataram,2005.0,0.0,1,5.4,16.0,2915,748,Venkatesh Daggubati,Prakash Raj
Mission: The Last War,2008.0,0.0,1,5.4,10.0,723,323,Aruna Irani,Imran Khan
Mit Jayenge Mitane Wale,1987.0,0.0,1,3.2,12.0,1215,1080,Danny Denzongpa,Dharmendra
Mithya,2008.0,110.0,171,7.1,1934.0,2049,1779,Neha Dhupia,Naseeruddin Shah
Mitr: My Friend,2002.0,104.0,269,6.8,245.0,2250,2111,Nassar Abdulla,Preeti Vissa
Mitron,2018.0,119.0,162,6.9,2334.0,1730,872,Kritika Kamra,Prateik
Mittal V/S Mittal,2010.0,0.0,269,4.2,13.0,1253,805,Gulshan Grover,Iravati Harshe
Mitti,2001.0,155.0,39,5.3,27.0,991,714,Sharbani Mukherji,Rani Rajkumar
Mitti Aur Sona,1989.0,163.0,39,4.7,35.0,2625,560,Neelam Kothari,Sonam
Mitti-back to roots,2018.0,0.0,269,8.3,39.0,284,294,Sandeep Yadav,0
Mixed Doubles,2006.0,91.0,172,6.4,647.0,2049,1075,Ranvir Shorey,Koel Purie
Miya Biwi Aur Saali,1996.0,0.0,162,6.5,20.0,1310,1379,Ramya Krishnan,Meena
Mmirsa,2016.0,143.0,269,8.0,13.0,944,971,Souryansh Bharadwaj,Saanvi Dhiman
MMS Kand,2014.0,99.0,409,7.8,11.0,1234,1986,0,0
Mod,2011.0,100.0,331,6.5,399.0,1651,418,Rannvijay Singh,Raghuvir Yadav
Modern Girl,1961.0,0.0,409,4.5,6.0,1950,1564,Sayeeda Khan,Smriti Biswas
Moh Maya Money,2016.0,108.0,227,5.6,415.0,1611,1446,Ranvir Shorey,Devendra Chowhan
Mohabat Ka Paigham,1989.0,0.0,342,4.6,9.0,1777,1507,Shammi Kapoor,Raj Babbar
Mohabbat,1985.0,134.0,409,5.5,104.0,473,251,Vijayata Pandit,Aruna Irani
Mohabbat,1997.0,180.0,327,5.3,474.0,2242,1168,Sanjay Kapoor,Akshaye Khanna
Mohabbat Aur Jung,1998.0,126.0,1,4.5,13.0,896,311,Mohnish Bahl,Rakesh Bedi
Mohabbat Isko Kahete Hain,1965.0,102.0,327,6.7,23.0,155,1391,Shashi Kapoor,Ramesh Deo
Mohabbat Ke Dushman,1988.0,0.0,84,5.0,50.0,1868,1636,Hema Malini,Sanjay Dutt
Mohabbat Ki Aag,1997.0,127.0,327,3.5,13.0,1180,1556,Govinda,Shakti Kapoor
Mohabbat Ki Arzoo,1994.0,146.0,50,5.3,45.0,1172,1836,Zeba Bakhtiar,Ashwini Bhave
Mohabbat Ki Kasam,1986.0,0.0,39,5.8,12.0,1155,212,Kulbhushan Kharbanda,Jamuna
Mohabbat Pehli Nazar Mein,1991.0,0.0,409,3.3,6.0,823,143,Sangeeta Ghosh,Amjad Khan
Mohabbat Zindagi Hai,1966.0,0.0,180,5.3,38.0,1033,632,Rajshree,Mehmood
Mohabbatein,2000.0,216.0,388,7.1,27990.0,85,207,Shah Rukh Khan,Uday Chopra
Mohalla Assi,2015.0,150.0,172,6.8,1601.0,577,2271,Sakshi Tanwar,Ravi Kishan
Mohan,1947.0,0.0,401,8.7,9.0,222,617,Hemavathi,Vimala Vasishta
Mohan Joshi Hazir Ho!,1984.0,130.0,269,7.1,153.0,2377,478,Dina Pathak,Mohan Gokhale
Mohan Rakesh's Adhe Adhure,2014.0,100.0,269,7.1,32.0,2281,1311,Lillete Dubey,Ira Dubey
Mohandas,2009.0,112.0,427,6.8,119.0,1522,2398,Sonali Kulkarni,Sharbani Mukherji
Mohenjo Daro,2016.0,155.0,6,5.7,10903.0,392,831,Pooja Hegde,Kabir Bedi
Mohra,1994.0,177.0,52,7.0,7623.0,2103,146,Sunil Shetty,Raveena Tandon
Mohre,1987.0,104.0,323,5.3,75.0,1994,1390,Madhuri Dixit,Sadashiv Amrapurkar
Moksh To Maya,2019.0,113.0,427,4.2,45.0,1498,485,Meghna Malik,Ehsan Khan
Moksha: Salvation,2001.0,150.0,227,6.2,390.0,382,332,Manisha Koirala,Kalpana Pandit
Mokssh,2013.0,100.0,317,4.8,13.0,134,546,Sukhada Yash,Sanjiv Chopra
Mom,2017.0,146.0,227,7.3,9395.0,2227,2216,Sajal Ali,Akshaye Khanna
Mome Ki Gudiya,1972.0,118.0,225,5.9,11.0,1566,1785,Tanuja,Prem Nath
Money Back Guarantee,2016.0,0.0,162,4.1,7.0,2802,726,Dhananjay Galani,Rajkumar Kanojia
Money Hai Toh Honey Hai,2008.0,138.0,172,2.7,565.0,808,768,Manoj Bajpayee,Aftab Shivdasani
Monica,2011.0,124.0,158,5.5,72.0,2841,383,Divya Dutta,Rajit Kapoor
Monsoon,2015.0,106.0,180,3.3,61.0,2853,2087,Gaurav Gautam,Pramod Goswami
Monsoon Shootout,2013.0,92.0,29,6.6,1071.0,199,2447,Nawazuddin Siddiqui,Neeraj Kabi
Monsoon Wedding,2001.0,114.0,180,7.4,23663.0,1551,1406,Lillete Dubey,Shefali Shah
Moods of Crime,2015.0,115.0,216,5.8,28.0,2807,415,Uppekha Jain,Anima Pagare
Moojrim,1970.0,138.0,34,4.4,21.0,1283,946,Kumud Chuggani,Dev Kumar
Moral Nights,2021.0,93.0,269,9.0,37.0,2319,1003,Santhosh Keezhattoor,Sandra Larwin
Morchha,1980.0,0.0,11,3.9,8.0,2231,347,Ravi Behl,Anita
Morning Raga,2004.0,110.0,314,6.7,296.0,1424,2031,Prakash Kovelamudi,Lillete Dubey
Morning Walk,2009.0,105.0,269,4.7,61.0,347,1402,Divya Dutta,Avika Gor
Mosagallu,2021.0,85.0,269,7.9,1059.0,1093,2502,Kajal Aggarwal,Sunil Shetty
Most Common Budbak,2020.0,0.0,269,7.6,33.0,2592,1721,Raj Nandini,Amitesh Sriram
Mother,1999.0,142.0,172,4.3,54.0,2357,920,Rekha,Randhir Kapoor
Mother India,1957.0,172.0,318,8.0,8788.0,1530,1401,Sunil Dutt,Rajendra Kumar
Mother India,1938.0,0.0,269,9.0,6.0,872,2076,Pramila,Ashiq Hussain
Motu Patlu: King of Kings,2016.0,110.0,134,6.7,134.0,2762,2018,Vinay Pathak,0
Mounam,1995.0,0.0,80,4.8,10.0,2932,356,Nagma,Charu Haasan
Mounto,1975.0,114.0,28,4.8,5.0,1050,1426,Saira Banu,Bindu
Moving Stories,2018.0,84.0,241,7.9,15.0,2267,0,0,0
MP3: Mera Pehla Pehla Pyaar,2007.0,118.0,178,7.0,2180.0,2268,1294,Sarthak Bhasin,Sagar Chawla
Mr Joe B. Carvalho,2014.0,130.0,24,3.6,526.0,2422,342,Soha Ali Khan,Javed Jaffrey
Mr Lonely Miss Lovely,2004.0,95.0,162,5.3,6.0,90,1695,Aditya Om,Nandana Sen
Mr Prime Minister,2005.0,0.0,162,5.2,60.0,671,617,Prem Chopra,Milind Gunaji
Mr Ya Miss,2005.0,136.0,189,3.6,466.0,285,2002,Antara Mali,Riteish Deshmukh
Mr. & Mrs. '55,1955.0,157.0,204,7.2,500.0,880,1166,Guru Dutt,Lalita Pawar
Mr. & Mrs. Khiladi,1997.0,133.0,180,6.4,6022.0,630,146,Juhi Chawla,Paresh Rawal
Mr. 100%,2006.0,0.0,408,4.5,47.0,1832,1397,Mahima Chaudhry,Bobby Darling
Mr. Azaad,1994.0,123.0,20,4.2,95.0,2161,251,Niki Walia,Ishrat Ali
Mr. Bechara,1996.0,140.0,162,5.4,332.0,492,251,Sridevi,Nagarjuna Akkineni
Mr. Bond,1992.0,127.0,15,4.3,622.0,2020,146,Sheeba,Saathi Ganguly
Mr. Hot Mr. Kool,2007.0,110.0,180,4.0,21.0,1805,1067,Mushtaq Khan,Shahbaaz Khan
Mr. India,1987.0,179.0,20,7.8,14451.0,2608,251,Sridevi,Amrish Puri
Mr. India,1961.0,179.0,165,6.8,31.0,796,741,I.S. Johar,Helen
Mr. Kabaadi,2017.0,93.0,162,4.8,53.0,2531,282,Rajveer Singh,Om Puri
Mr. Natwarlal,1979.0,148.0,25,6.6,1328.0,2131,207,Rekha,Ajit
Mr. Romeo,1996.0,162.0,25,5.5,161.0,1185,1562,Shilpa Shetty Kundra,Madhoo
Mr. Romeo,1974.0,138.0,327,6.7,17.0,2733,2083,Rinku Jaiswal,Kiran Kumar
Mr. Sampat,1952.0,165.0,162,7.4,27.0,2348,1334,Padmini,Kanhaiyalal Chaturvedi
Mr. Singh/Mrs. Mehta,2010.0,118.0,269,4.2,178.0,1903,1583,Aruna Shields,Naved Aslam
Mr. White Mr. Black,2008.0,130.0,19,3.3,194.0,656,2267,Arshad Warsi,Sadashiv Amrapurkar
Mr. X,1957.0,120.0,224,5.5,20.0,1659,377,Nalini Jaywant,Ragini
Mr. X,1987.0,120.0,350,7.0,5.0,1292,214,Shabana Azmi,Tom Alter
Mr. X,2015.0,133.0,29,3.8,1833.0,3035,694,Amyra Dastur,Tanmay Bhat
Mr. X in Bombay,1964.0,126.0,420,6.3,110.0,2582,1068,Kumkum,Randhir
Mridang,2017.0,108.0,269,5.8,6.0,2263,1867,Manoj Kumar Rao,Aaditya Singh
Mrigayaa,1977.0,119.0,269,6.6,114.0,1595,120,Samit Bhanja,Mithun Chakraborty
Mrityudaata,1997.0,158.0,48,2.5,378.0,1536,207,Dimple Kapadia,Karisma Kapoor
Mrityudand: The Death Sentence,1997.0,150.0,39,7.3,424.0,1865,2031,Madhuri Dixit,Ayub Khan
Mrs. Scooter,2015.0,96.0,327,6.5,202.0,2618,265,Jafar Abbas,Satyakam Anand
Mrs. Serial Killer,2020.0,106.0,227,4.8,11531.0,2622,873,Manoj Bajpayee,Mohit Raina
MSG 2 the Messenger,2015.0,134.0,20,6.6,8431.0,877,1365,Charanpreet Insan,Honeypreet Insan
MSG the Warrior: Lion Heart,2016.0,120.0,8,6.7,7362.0,877,1365,Ashok Insan,Bhushan Insan
MSG: The Messenger of God,2015.0,197.0,20,5.8,11192.0,1089,779,Gurmeet Ram Rahim Singh,Daniel Kaleb
Muavza,2017.0,111.0,172,2.5,6.0,836,282,Akhilendra Mishra,Pankaj Berry
Mubarakan,2017.0,156.0,208,5.5,3629.0,245,251,Arjun Kapoor,Ileana D'Cruz
Much Ado About Knotting,2012.0,0.0,241,5.9,8.0,830,236,0,0
Mud Mud Ke Na Dekh,1960.0,0.0,282,6.0,6.0,2914,1289,Anita Guha,Bharat Bhushan
Mudda 370 J&K,2019.0,132.0,39,8.6,699.0,2139,827,Anjali Pandey,Manoj Joshi
Mudda hai Bhookh: The War,2018.0,114.0,269,7.2,13.0,1435,2520,Utkarsh Bajpayee,Nikhil Bansal
Mudda: The Issue,2003.0,155.0,269,3.9,29.0,2525,1583,Rekha Vedavyasa,Aditya Srivastav
Muddat,1986.0,135.0,19,6.0,48.0,1147,1902,Vikas Anand,Asrani
Mudrank: The Stamp,2009.0,0.0,401,6.3,7.0,2561,981,Milind Gunaji,Ali Khan
Mujhe Insaaf Chahiye,1983.0,133.0,327,6.5,45.0,2161,1787,Mithun Chakraborty,Rekha
Mujhe Jeene Do,1963.0,95.0,29,6.6,91.0,1587,2263,Waheeda Rehman,Nirupa Roy
Mujhe Kucch Kehna Hai,2001.0,135.0,327,5.0,1135.0,2509,2377,Kareena Kapoor,Amrish Puri
Mujhe Meri Biwi Se Bachaao,2001.0,0.0,202,4.2,95.0,921,1819,Naseeruddin Shah,Arshad Warsi
Mujhe Vachan Do,1983.0,0.0,39,5.6,5.0,2617,1170,Neeta Mehta,Deepika Chikhalia
Mujhse Dosti Karoge,1992.0,95.0,269,6.1,25.0,850,1937,Irrfan Khan,Amit Phalke
Mujhse Fraaandship Karoge,2011.0,106.0,180,6.9,3861.0,1739,1987,Saba Azad,Nishant Dahiya
Mujhse Shaadi Karogi,2004.0,163.0,208,6.7,14312.0,630,1940,Akshay Kumar,Priyanka Chopra Jonas
Mujrim,1989.0,0.0,28,5.3,151.0,2935,1305,Madhuri Dixit,Suresh Oberoi
Mujrim,1958.0,0.0,336,6.6,21.0,1743,2059,Ragini,Shubha Khote
Mukhbiir,2008.0,132.0,224,6.9,388.0,1457,1952,Rahul Dev,Om Puri
Mukkadarpur Ka Majnu,2017.0,0.0,269,6.9,11.0,2609,1807,Sahil Ansari,Raja Awasthi
Mukthi,1988.0,142.0,269,7.0,27.0,970,1187,Rahman,Chitra
Mukti,1977.0,150.0,225,7.2,66.0,2027,2083,Sanjeev Kumar,Vidya Sinha
Mulaqaat,2002.0,0.0,336,2.9,7.0,1160,2473,Arun Bakshi,Rita Bhaduri
Mulk,2018.0,140.0,269,6.9,14156.0,290,2318,Rishi Kapoor,Neena Gupta
Mulzim,1988.0,156.0,269,4.8,25.0,1189,920,Hema Malini,Shatrughan Sinha
Mumal: A prophecy,2016.0,73.0,298,6.8,12.0,761,1249,Charul Bhavsar,Rituraj Singh Rathore
Mumbai 125 KM 3D,2014.0,100.0,311,2.7,192.0,936,1023,Vedita Pratap Singh,Veena Malik
Mumbai Can Dance Saalaa,2015.0,135.0,269,1.6,43.0,2371,2051,Prashant Narayanan,Aditya Pancholi
Mumbai Central,2016.0,100.0,339,4.8,27.0,1252,543,Jhuma Biswas,Alibail Blackburn
Mumbai Cutting,2008.0,130.0,269,5.9,110.0,1037,1654,Rituparno Ghosh,Shashanka Ghosh
Mumbai Delhi Mumbai,2014.0,120.0,208,5.7,339.0,2512,2103,Piaa Bajpai,Naisha Arora
Mumbai Godfather,2005.0,0.0,29,3.4,20.0,649,2025,Vikram Singh,Bhumika
Mumbai Mast Kallander,2011.0,0.0,19,5.4,8.0,1620,174,Mohsin,Muzzi
Mumbai Matinee,2003.0,125.0,412,5.2,268.0,236,1652,Perizaad Zorabian,Vijay Raaz
Mumbai Meri Jaan,2008.0,134.0,269,7.7,6034.0,1723,1523,Kay Kay Menon,Irrfan Khan
Mumbai Mirror,2013.0,136.0,38,4.9,114.0,278,1895,Prakash Raj,Vimala Raman
Mumbai Saga,2021.0,135.0,28,6.1,7295.0,2451,938,Emraan Hashmi,Mahesh Manjrekar
Mumbai Salsa,2007.0,0.0,172,4.8,182.0,1499,1138,Shaurya Chauhan,Alisha Chinai
Mumbai Se Aaya Mera Dost,2003.0,146.0,20,3.3,548.0,310,46,Lara Dutta,Chunky Panday
Mumbai Xpress,2005.0,146.0,162,6.6,68.0,2680,983,Manisha Koirala,Om Puri
Mumbai's King,2012.0,77.0,269,6.4,153.0,1480,1650,Dhanshree Jain,Arbaaz Khan
Mumbhai Connection,2011.0,90.0,171,5.2,24.0,406,162,Rafiq Batcha,Chrissy Chambers
Mummy Punjabi: Superman Ki Bhi Maa!!,2011.0,121.0,172,4.9,40.0,1780,1059,Kanwaljit Singh,Jackie Shroff
Munimji,1955.0,163.0,204,7.4,94.0,2737,617,Nalini Jaywant,Ameeta
Munimji,1972.0,124.0,269,5.3,7.0,1133,249,Yogeeta Bali,Ramesh Deo
Munna Bhai M.B.B.S.,2003.0,156.0,172,8.1,75813.0,2107,1970,Arshad Warsi,Gracy Singh
Munna Mange Memsaab,2014.0,128.0,162,3.2,13.0,2589,1342,Razak Khan,Omkar Das Manikpuri
Munna Michael,2017.0,140.0,47,3.3,3022.0,2360,2353,Nidhhi Agerwal,Nawazuddin Siddiqui
Munni,1975.0,0.0,127,7.0,5.0,509,0,0,0
Munnibai,1999.0,136.0,29,4.0,24.0,1234,632,Sapna Sappu,Durgesh Nandini
Muqabala,1942.0,133.0,0,5.8,8.0,1659,436,Fearless Nadia,Lala Yaqoob
Muqabla,1979.0,127.0,6,6.5,20.0,2108,2263,Shatrughan Sinha,Rajesh Khanna
Muqabla,1993.0,162.0,29,4.2,171.0,2161,768,Karisma Kapoor,Farha Naaz
Muqadama,1996.0,0.0,1,5.5,13.0,1172,2487,Zeba Bakhtiar,Aditya Pancholi
Muqaddar,1996.0,0.0,216,5.6,32.0,2865,1305,Ayesha Jhulka,Rohit Kumar Sharma
Muqaddar,1978.0,189.0,282,5.5,36.0,2226,2083,Rekha,Parikshit Sahni
Muqaddar Ka Badshaah,1990.0,0.0,1,3.6,24.0,2161,2487,Shabana Azmi,Vijayshanti
Muqaddar Ka Faisla,1987.0,171.0,20,4.8,48.0,1868,1636,Rakhee Gulzar,Raj Babbar
Muqaddar Ka Sikandar,1978.0,189.0,327,7.5,2638.0,1868,207,Vinod Khanna,Rakhee Gulzar
Murari the Mad Gentleman,2016.0,0.0,172,6.2,9.0,2853,1978,Asrani,Natalya Llina
Murde Ki Jaan Khatre Mein,1985.0,0.0,162,7.0,5.0,1687,2239,Kunal Kapoor,Roma Manik
Murder,2004.0,130.0,331,5.4,3763.0,298,1185,Ashmit Patel,Emraan Hashmi
Murder 2,2011.0,127.0,29,6.2,6662.0,1582,694,Jacqueline Fernandez,Prashant Narayanan
Murder 3,2013.0,124.0,326,4.9,2423.0,3076,1762,Aditi Rao Hydari,Sara Loren
Musaa: The Most Wanted,2010.0,0.0,38,3.7,23.0,947,420,Jackie Shroff,Samir Aftab
Musafir,1957.0,149.0,269,7.4,100.0,963,2092,Suchitra Sen,Bipin Gupta
Musafir,1986.0,0.0,269,6.2,15.0,1020,1819,Naseeruddin Shah,Moon Moon Sen
Musafir,2004.0,151.0,29,5.5,1732.0,2451,251,Sameera Reddy,Aditya Pancholi
Mushkil,2019.0,130.0,363,4.8,352.0,2104,1552,Rajniesh Duggall,Nazia Hussain
Music Teacher,2019.0,101.0,327,6.3,598.0,2500,1441,Divya Dutta,Manav Kaul
Musings of an Uninspired Artist,2020.0,74.0,269,7.5,8.0,2288,1862,0,0
Muskaan,2004.0,127.0,403,4.4,193.0,2279,1857,Manish Robin,Manish Sharma
Muskurahat,1992.0,135.0,172,7.0,296.0,1925,901,Revathi,Annu Kapoor
Muskurahatein,2017.0,132.0,409,5.7,31.0,1019,869,Sonal Mudgal,Sanjay Mishra
Muskurake Dekh Zara,2010.0,0.0,195,4.2,13.0,1761,1352,Rajshree Choudhary,Arijit Sen Gupta
Mutamestri,1993.0,163.0,39,7.1,314.0,1310,551,Meena,Roja
Muthi Bhar Zameen,1996.0,0.0,1,4.3,7.0,2911,1100,Poonam Dhillon,Vikas Anand
Muthu,1995.0,132.0,20,7.6,2773.0,1186,1712,Meena,Sarath Babu
Muzaffarnagar 2013,2017.0,134.0,269,5.5,28.0,913,621,Aishwarya Devan,Mursaleem Qureshi
Muzaffarnagar Baaqi Hai,2015.0,136.0,241,6.7,82.0,1655,2135,Meera Chaudhary,Nakul Singh Sawhney
My Angel My Teacher,2019.0,0.0,269,6.5,8.0,2640,2418,Azmat Khwaja,Shoib Nikash Shah
My Barefoot Friend: The Story of Shallim and His Old Rickshaw,2010.0,90.0,254,7.3,27.0,2536,0,0,0
My Birthday Song,2018.0,95.0,427,5.5,258.0,2421,1489,Elena Kazan,Suparna Moitra
My Brother... Nikhil,2005.0,120.0,334,7.2,1186.0,1748,1979,Juhi Chawla,Purab Kohli
My Client's Wife,2020.0,106.0,408,6.2,672.0,1839,2075,Pushkar Bhaskar Pant,Anjali Patil
My Cornerstone,2013.0,119.0,180,7.4,24.0,2726,2550,Romin Khan,James Morcan
My Darling,2021.0,80.0,269,7.4,63.0,334,989,Deep Kumar Singh,0
My Dear Kuttichaathan,1984.0,96.0,4,7.5,391.0,1100,351,Sonia,Suresh
My Faraway Bride,2006.0,95.0,180,4.7,617.0,2063,889,Kashmira Shah,Gulshan Grover
My Father Iqbal,2016.0,104.0,269,6.2,13.0,2853,1574,Narendra Jha,Sagar Nath Jha
My Friend Ganesha,2007.0,190.0,127,4.6,156.0,2104,96,Upasna Singh,Kiran Janjani
My Friend Ganesha 2,2008.0,117.0,144,4.4,59.0,2104,30,Harsh Chhaya,Kurush Deboo
My Friend Ganesha 3,2010.0,0.0,130,4.4,45.0,2104,1657,Baba Sehgal,Makarand Anaspure
My Friend Pinto,2011.0,100.0,165,5.3,348.0,1974,1590,Kalki Koechlin,Arjun Mathur
My Friend's Dulhania,2017.0,87.0,409,6.4,26.0,1880,1501,Mudasir Zafar,Shaina Baweja
My Husband's Wife,2010.0,122.0,269,3.1,8.0,2208,1602,Shakti Kapoor,Mahinder Shera
My Love,1970.0,143.0,409,6.9,23.0,2318,2083,Sharmila Tagore,Rajendranath Malhotra
My Name Is Anthony Gonsalves,2008.0,0.0,19,3.5,467.0,753,1455,Amrita Rao,Mithun Chakraborty
My Name Is Khan,2010.0,165.0,269,8.0,101014.0,1248,2039,Kajol,Sheetal Menon
My Wife's Murder,2005.0,103.0,326,6.1,890.0,1102,251,Suchitra Krishnamoorthi,Nandana Sen
Myoho,2012.0,120.0,269,6.5,13.0,2199,1004,Yashpal Sharma,Malay Chakrabarty
Myrah,2018.0,134.0,327,5.7,13.0,254,1281,Sukanya Surve,Sandeep Sharma
Mysteries Shaque,2004.0,0.0,427,4.3,6.0,3049,630,Prem Chopra,Aarti Puri
N.H 10,2015.0,115.0,29,7.2,12421.0,1685,305,Neil Bhoopalam,Darshan Kumaar
Na Ghar Ke Na Ghaat Ke,2010.0,0.0,172,6.1,274.0,1997,1495,Paresh Rawal,Neena Gupta
Na Jaane Kabse,2011.0,132.0,409,5.4,9.0,1780,1137,Gurpreet Ghuggi,Gary Gill
Na Tum Jaano Na Hum,2002.0,158.0,178,5.0,2756.0,326,1926,Hrithik Roshan,Esha Deol
Naa,1971.0,0.0,127,3.8,9.0,509,0,0,0
Naach,2004.0,150.0,320,4.2,580.0,2147,46,Antara Mali,Riteish Deshmukh
Naach Govinda Naach,1992.0,182.0,1,4.1,20.0,2330,43,Govinda,Aruna Irani
Naach Uthe Sansaar,1976.0,132.0,409,5.8,14.0,3105,2083,Hema Malini,Rajendranath Malhotra
Naache Mayuri,1986.0,0.0,282,7.2,28.0,2161,2235,Shekhar Suman,Aruna Irani
Naag Lok,2003.0,0.0,350,3.4,10.0,2166,1757,Karan,Prithvi
Naag Mani,1957.0,0.0,115,6.5,6.0,2162,1203,Helen,Trilok Kapoor
Naag Panchami,1972.0,136.0,105,5.6,14.0,459,917,Prithviraj Kapoor,Shree Bhagwan
Naagmani,1991.0,136.0,350,4.4,17.0,2949,1732,Donald Burman,Gajendra Chauhan
Naajayaz,1995.0,157.0,39,5.5,564.0,1423,1406,Ajay Devgn,Juhi Chawla
Naaka Bandi,1990.0,0.0,29,4.3,67.0,2617,632,Chunky Panday,Sonam
Naalayak,1979.0,129.0,282,6.0,21.0,435,920,Leena Chandavarkar,Nirupa Roy
Naam,1986.0,177.0,227,7.5,984.0,1423,1491,Kumar Gaurav,Sanjay Dutt
Naam Gum Jaayega,2005.0,125.0,408,5.9,81.0,216,647,Aryan Vaid,Mandira Bedi
Naam Hai Akira,2016.0,137.0,84,5.9,3892.0,17,2183,Anurag Kashyap,Konkona Sen Sharma
Naam O Nishan,1987.0,129.0,428,4.3,34.0,119,2083,Sanjay Dutt,Amrita Singh
Naam Shabana,2017.0,147.0,84,6.3,5924.0,2634,2318,Akshay Kumar,Manoj Bajpayee
Naamcheen,1991.0,129.0,218,4.5,11.0,133,459,Daya Dongre,Gulshan Grover
Naami Chor,1977.0,127.0,1,5.8,5.0,1483,985,Biswajit Chatterjee,Shatrughan Sinha
Naaraaz,1994.0,128.0,29,4.5,127.0,1423,1551,Mithun Chakraborty,Atul Agnihotri
Naari Chakra,2013.0,66.0,336,6.7,18.0,736,34,Arzoo Dandyan,Dipanshu Dang
Naata,1955.0,0.0,180,7.5,13.0,613,1166,Abhi Bhattacharya,Vijayalaxmi
Nache Nagin Gali Gali,1989.0,131.0,363,4.8,27.0,1574,1277,Nitish Bharadwaj,Sadashiv Amrapurkar
Nachnewala Gaanewale,1991.0,0.0,317,3.9,21.0,454,2088,Saathi Ganguly,Shahbaaz Khan
Nadaan,1951.0,0.0,409,6.9,12.0,950,617,Madhubala,Sunalini Devi
Nadaan,1971.0,156.0,269,6.7,13.0,678,369,Navin Nischol,Nirupa Roy
Nadir Shah,1968.0,126.0,360,7.1,8.0,2337,715,Kumari Naaz,Sheikh Mukhtar
Nadiya Ke Paar,1982.0,143.0,327,7.9,863.0,861,1899,Sadhana Singh,Inder Thakur
Nadiya Ke Paar,1948.0,126.0,269,6.8,46.0,1307,658,Kamini Kaushal,David Abraham
Nafrat,1973.0,0.0,409,5.5,13.0,2665,1735,Yogeeta Bali,Prem Chopra
Nafrat Ki Aandhi,1989.0,0.0,6,4.9,24.0,1536,632,Jeetendra,Anita Raj
Naga the Eternal Yogi,2016.0,73.0,241,7.2,86.0,1322,716,0,0
Nagadevathe,2000.0,150.0,294,5.6,23.0,1746,2209,Prema,Sai Kumar
Nagin,1954.0,139.0,320,6.7,61.0,1665,2510,Pradeep Kumar,Jeevan
Nagin,1976.0,180.0,359,6.3,442.0,2108,2263,Feroz Khan,Vinod Mehra
Nagin Aur Suhagan,1979.0,0.0,112,6.2,8.0,2582,2441,Rita Bhaduri,Mahesh Bhatt
Nagina,1986.0,137.0,358,6.5,880.0,919,2216,Rishi Kapoor,Amrish Puri
Nagina,1951.0,0.0,405,6.2,21.0,2235,1491,Nasir Khan,Bipin Gupta
Nagma-E-Sahra,1945.0,0.0,6,4.8,6.0,1516,1263,Khurshid Jr.,Master Bhagwan
Nai Maa,1946.0,0.0,269,7.4,7.0,1233,921,Ranjana,Rajkumari Shukla
Nai Roshni,1967.0,158.0,282,6.3,20.0,562,377,Mala Sinha,Raaj Kumar
Nai Umar Ki Nai Fasal,1965.0,0.0,289,6.3,13.0,1951,1691,Tanuja,Ulhas
Nail Polish,2021.0,128.0,269,7.4,3737.0,551,332,Manav Kaul,Anand Tiwari
Naina,1973.0,134.0,327,6.3,28.0,1225,2083,Moushumi Chatterjee,Rehman
Naina,2005.0,104.0,311,4.3,773.0,2652,2390,Anuj Sawhney,Malavikka
Na-Insaafi,1989.0,0.0,28,4.1,18.0,1536,2085,Sonam,Chunky Panday
Naiyya,1979.0,116.0,282,6.8,15.0,1886,442,Zarina Wahab,Leela Mishra
Najma,1943.0,121.0,269,7.5,30.0,1530,377,Sitara,Veena
Nakhuda,1981.0,117.0,291,6.4,30.0,719,1092,Raj Kiran,Swaroop Sampat
Nakkash,2019.0,0.0,269,7.0,42.0,3131,846,Sharib Hashmi,Kumud Mishra
Nakli Nawab,1962.0,134.0,327,5.9,7.0,2888,377,Manoj Kumar,Shakila
Naksha,2006.0,128.0,8,3.3,1074.0,2363,2271,Vivek Oberoi,Sameera Reddy
Nakshatra,2010.0,122.0,224,5.0,56.0,1567,1183,Jhuma Biswas,Suresh Chatwal
Nalla,2004.0,0.0,327,7.2,78.0,2950,2231,Sangeetha,Srinath
Namah Shivaya Shantaya,2009.0,101.0,45,6.1,12.0,48,684,Kumar Amlendu,Rajeev Ashish
Namak,1996.0,148.0,43,4.1,51.0,1269,1970,Farha Naaz,Sidhant Salaria
Namak Halaal,1982.0,171.0,20,7.3,2420.0,1868,2511,Shashi Kapoor,Amitabh Bachchan
Namak Haraam,1973.0,146.0,269,7.3,1564.0,963,1703,Amitabh Bachchan,Simi Garewal
Namaste England,2018.0,141.0,180,2.2,2644.0,3062,1525,Arjun Kapoor,Paul Blackwell
Namastey London,2007.0,128.0,180,7.1,20942.0,3062,146,Katrina Kaif,Rishi Kapoor
Namdev Bhau,2018.0,84.0,90,7.4,94.0,624,360,Namdev Gurav,Zoya Hussain
Namkeen,1982.0,112.0,282,7.6,420.0,870,1981,Sharmila Tagore,Shabana Azmi
Namma Annachi,1994.0,0.0,269,5.0,9.0,687,1190,Ganthimathi,Charu Haasan
Namo Venkatesa,2010.0,152.0,36,5.4,426.0,2707,2428,Trisha Krishnan,Brahmanandam
Namoona,1949.0,0.0,327,7.1,16.0,950,1070,Kamini Kaushal,Leela Chitnis
Namumkin,1988.0,0.0,323,6.6,41.0,963,1668,Vinod Mehra,Zeenat Aman
Namumkin Tere Bin Jeena,2020.0,0.0,409,4.9,13.0,946,1365,Christeena Biju,Princy Biju
Nanak Shah Fakir,2014.0,146.0,269,8.2,344.0,11,321,Puneet Sikka,Adil Hussain
Nandan,1998.0,82.0,269,6.0,10.0,311,2204,0,0
Nandu,1981.0,0.0,0,6.6,19.0,1009,1697,0,0
Nanhe Jaisalmer: A Dream Come True,2007.0,108.0,173,6.0,412.0,2420,686,Bobby Deol,Sharat Saxena
Nani Maa,1980.0,0.0,350,6.6,12.0,1809,54,Agha,Kishore Bhatt
Nannha Farishta,1969.0,133.0,29,6.2,24.0,2863,1576,Ajit,Anwar Hussain
Nanu Ki Jaanu,2018.0,133.0,176,5.9,954.0,771,35,Patralekhaa Paul,Rajesh Sharma
Naqaab,2007.0,115.0,225,5.4,1373.0,39,1252,Bobby Deol,Akshaye Khanna
Naqab,1955.0,130.0,409,8.6,16.0,1382,2059,Madhubala,Ajit
Naqab,1989.0,0.0,323,4.4,28.0,2013,1836,Farha Naaz,A.K. Agnihotri
Naram Garam,1981.0,122.0,172,7.4,980.0,963,214,Swaroop Sampat,Utpal Dutt
Narasimha,1991.0,214.0,39,5.5,424.0,1625,2271,Dimple Kapadia,Urmila Matondkar
Narayan,2017.0,110.0,1,6.8,27.0,1114,1664,Eklavey Kashyap,Deepak Mehrotra
Nargis,1946.0,0.0,0,8.1,14.0,612,581,Alka Achrekar,Nargis
Narsi Bhagat,1957.0,0.0,147,6.5,6.0,681,2045,Radhakrishan,Pratima Devi
Nartakee,1963.0,125.0,269,7.0,21.0,1727,2263,Nanda,Om Prakash
Nartaki,1940.0,150.0,269,6.5,11.0,637,1129,Bhanu Bannerjee,Najmul Hussain
Nasbandi,1978.0,140.0,172,6.5,13.0,969,263,Kanauj Kumar,Shahi Kapoor
Naseeb,1981.0,197.0,71,7.1,1572.0,1483,207,Shatrughan Sinha,Rishi Kapoor
Naseeb,1997.0,138.0,180,5.3,333.0,1299,768,Mamta Kulkarni,Saeed Jaffrey
Naseeb Apna Apna,1986.0,140.0,172,5.6,164.0,2161,1836,Farha Naaz,Radhika Sarathkumar
Naseebwaala,1992.0,132.0,269,3.8,9.0,1207,560,Nutan,Farha Naaz
Nasha,2013.0,122.0,336,3.2,1214.0,205,1557,Shivam Patil,Vishal Bhonsle
Nashebaaz,2016.0,67.0,241,9.0,46.0,699,0,0,0
Nashilee Jawani,1986.0,0.0,409,4.5,8.0,970,1083,Sridevi,0
Nasihat,1986.0,139.0,39,5.1,32.0,316,1703,Shabana Azmi,Deepti Naval
Nasoor,1985.0,0.0,269,6.2,11.0,372,1495,Priya Tendulkar,Sadashiv Amrapurkar
Nastik,1983.0,0.0,39,5.5,359.0,1873,207,Hema Malini,Pran
Nastik,1954.0,148.0,165,6.2,32.0,969,1385,Ajit,Ulhas
Natak,1975.0,0.0,269,5.8,9.0,2691,2441,Moushumi Chatterjee,Snehlata
Nateeja,1969.0,120.0,39,4.9,7.0,2082,496,Mehmood Jr.,Ashish Kumar
Nath Ek Pratha,2015.0,137.0,1,6.2,25.0,262,463,Vaibhav Chauhan,Sikandar Kureshi
Nattukku Oru Nallavan,1991.0,0.0,1,5.1,88.0,2230,434,Juhi Chawla,Delhi Ganesh
Nau Bahar,1952.0,0.0,282,6.6,9.0,229,377,Nalini Jaywant,Kuldip Kaur
Nau Do Gyarah,1957.0,170.0,211,6.8,141.0,3003,617,Kalpana Kartik,Shashikala
Naughty @ 40,2011.0,108.0,172,2.5,290.0,1021,768,Yuvika Chaudhary,Anupam Kher
Naughty Boy,1962.0,128.0,162,5.4,346.0,2564,1068,Om Prakash,Madan Puri
Naughty Boy,2006.0,0.0,162,3.7,57.0,2865,1851,Sherlyn Chopra,Rahul Roy
Naujawan,1951.0,130.0,269,5.6,13.0,1426,1385,Prem Nath,Nawab Kashmiri
Naukadubi,1947.0,147.0,0,6.6,25.0,1727,658,Meera Mishra,Ranjana
Naukar Biwi Ka,1983.0,0.0,41,6.3,142.0,2108,90,Rajeev Anand,Raj Babbar
Naukar Ki Kameez,1999.0,104.0,269,6.6,30.0,1455,1949,Vikrishnah Batt,Anu Joseph
Naukari,1955.0,142.0,282,7.4,103.0,526,1068,Sheila Ramani,Balraj Sahni
Nauker,1979.0,126.0,172,6.4,151.0,1003,959,Sanjeev Kumar,Jaya Bachchan
Naukri,1978.0,0.0,189,6.9,79.0,963,1703,Zaheera,Raj Kapoor
Naulakha Haar,1953.0,120.0,303,6.2,8.0,926,457,Arvind,Ishwarlal
Naunihal,1967.0,0.0,219,6.3,12.0,2017,1981,Balraj Sahni,Indrani Mukherjee
Nausherwan-E-Adil,1957.0,137.0,6,6.5,18.0,2692,2177,Raaj Kumar,Mala Sinha
Nautanki Saala!,2013.0,119.0,180,5.8,4198.0,2271,422,Kunaal Roy Kapur,Pooja Salvi
Navarasa,2005.0,99.0,269,7.1,38.0,2489,2136,Apeksha Bhat,Bobby Darling
Navjeevan,1935.0,0.0,0,3.4,5.0,1563,0,0,0
Navra Mazha Navsacha,2004.0,0.0,162,7.1,323.0,2369,1896,Sachin Pilgaonkar,Supriya Pilgaonkar
Navrang,1959.0,157.0,320,6.5,139.0,2580,1962,Mahipal,Keshavrao Date
Nawabzaade,2018.0,112.0,208,4.4,877.0,1080,635,Punit Pathak,Raghav Juyal
Naya Andaz,1956.0,142.0,409,5.8,12.0,1143,1068,Meena Kumari,Kumkum
Naya Bakra,1979.0,0.0,162,5.4,12.0,1145,2489,Reena Roy,Rekha
Naya Daur,1957.0,173.0,320,8.0,1102.0,447,658,Vyjayanthimala,Ajit
Naya Daur,1978.0,124.0,29,5.5,53.0,1423,1836,Bhavana Bhatt,Danny Denzongpa
Naya Din Nai Raat,1974.0,132.0,282,7.0,147.0,1,1981,Jaya Bachchan,Sunder
Naya Jigar,2007.0,0.0,20,6.1,30.0,461,1379,Bhoomika Chawla,Rami Reddy
Naya Kadam,1984.0,0.0,291,6.1,50.0,1157,1703,Padmini Kolhapure,Sridevi
Naya Kanoon,1965.0,0.0,282,5.7,7.0,1960,377,Vyjayanthimala,Bharat Bhushan
Naya Khoon,1990.0,118.0,269,4.4,13.0,2052,1841,Bharat Bhushan,Govinda
Naya Nasha,1973.0,0.0,227,4.7,9.0,906,38,Ramesh Deo,Seema Deo
Naya Zamana,1971.0,151.0,327,6.9,98.0,1873,632,Hema Malini,Ashok Kumar
Nayak: The Real Hero,2001.0,187.0,52,7.8,14939.0,2316,251,Rani Mukerji,Amrish Puri
Nayee Padosan,2003.0,136.0,162,5.4,374.0,442,2459,Anuj Sawhney,Aslam Khan
Nazar,1990.0,124.0,269,6.3,88.0,1455,2093,Shambhavi Kaul,Surekha Sikri
Nazar,2005.0,138.0,427,3.9,126.0,2695,1280,Ashmit Patel,Koel Purie
Nazar Ke Samne,1995.0,96.0,29,4.7,483.0,1030,146,Farheen,Ekta Sohini
Nazarr,1996.0,0.0,1,6.1,19.0,2072,223,Laxmikant Berde,Mohan Joshi
Nazrana,1961.0,130.0,180,6.9,50.0,562,1671,Vyjayanthimala,Usha Kiran
Nazrana,1987.0,0.0,409,6.2,90.0,2226,1703,Sridevi,Priti Sapru Walia
Nazrana Pyar Ka,1980.0,0.0,269,4.9,10.0,2334,1668,Raj Kiran,Vijayendra Ghatge
NCR: Chapter One,2021.0,65.0,216,7.8,20.0,2387,113,Manil Mayank Mishra,Puneet Kumar Mishra
Neal 'n' Nikki,2005.0,122.0,204,3.2,1476.0,326,2379,Tanishaa Mukerji,Abhishek Bachchan
Neecha Nagar,1946.0,122.0,269,6.8,182.0,592,1641,Uma Anand,Kamini Kaushal
Neel Kamal,1947.0,116.0,320,7.7,75.0,1293,451,Raj Kapoor,Madhubala
Neel Kamal,1968.0,160.0,297,6.8,278.0,2155,2511,Raaj Kumar,Manoj Kumar
Neel Mani,1957.0,140.0,269,6.1,12.0,1357,1600,Mohan Choti,Nalini Jaywant
Neela Akash,1965.0,0.0,282,6.7,37.0,2064,632,Mala Sinha,Mehmood
Neelambari,2003.0,154.0,269,7.4,15.0,2325,2062,Devraj,Charu Haasan
Neeli Aankhen,1962.0,0.0,401,5.1,7.0,2980,2050,Ajit,Johnny Walker
Neend Hamari Khwab Tumhare,1966.0,134.0,396,6.5,28.0,2626,2083,Nanda,Balraj Sahni
Neerja,2016.0,122.0,158,7.6,21470.0,2154,2189,Shabana Azmi,Yogendra Tiku
Neeyat,1980.0,147.0,342,5.5,23.0,255,2083,Jeetendra,Rekha
Nehle Pe Dehlaa,1976.0,0.0,29,5.4,32.0,2013,2263,Saira Banu,Vinod Khanna
Nehlle Pe Dehlla,2007.0,125.0,19,3.8,489.0,111,1970,Bipasha Basu,Saif Ali Khan
Nehru: The Jewel of India,1990.0,165.0,147,5.4,12.0,1294,1841,Girish Karnad,Anupam Kher
Neighbours,2014.0,125.0,363,3.2,42.0,2666,2278,Hritu,Gavie Chahal
Nenunnanu,2004.0,0.0,1,5.3,237.0,2963,1379,Shriya Saran,Aarthi Agarwal
Netaji Subhas Chandra Bose: The Forgotten Hero,2005.0,208.0,153,7.6,1095.0,2662,2473,Ila Arun,Pankaj Berry
Netaji Subhash Chandra Bose,1966.0,150.0,151,7.7,25.0,942,37,Jaymala Adarsh,Ulhas
New Delhi,1956.0,176.0,178,7.4,62.0,1568,1068,Vyjayanthimala,Jabeen Jalil
New Delhi Times,1986.0,123.0,323,7.7,173.0,2285,2083,Sharmila Tagore,Om Puri
New York,2009.0,153.0,227,6.8,10553.0,1193,938,Katrina Kaif,Neil Nitin Mukesh
Newton,2017.0,106.0,172,7.7,17734.0,200,1719,Pankaj Tripathi,Anjali Patil
NH-8: Road to Nidhivan,2015.0,95.0,363,2.7,35.0,1610,400,Arjun Fauzdar,Swaroopa Ghosh
Nidaan,2000.0,146.0,327,6.1,15.0,1429,2107,Reema Lagoo,Nisha Bains
Nigahen: Nagina Part II,1989.0,140.0,285,5.2,295.0,919,2271,Sridevi,Anupam Kher
Nigehbaan: The Third Eye,2005.0,0.0,427,2.5,22.0,720,1944,Sandali Sinha,Sayaji Shinde
Night,2017.0,108.0,327,4.3,218.0,1748,373,Simon Frenay,Areesz Ganddi
Night Club,1958.0,137.0,218,6.2,5.0,1678,377,Kamini Kaushal,Mubarak
Night in London,1967.0,0.0,52,6.6,37.0,547,504,Mala Sinha,Johnny Walker
Nil Battey Sannata,2015.0,100.0,282,8.3,6069.0,397,2307,Ratna Pathak Shah,Riya Shukla
Nili,1950.0,0.0,409,7.7,9.0,2209,2281,Shyama,Agha
Ninne Pelladatha,1996.0,146.0,413,7.5,659.0,1331,2515,Nagarjuna Akkineni,Tabu
Nippu Ravva,1993.0,0.0,39,7.2,32.0,3,1392,Vijayshanti,Amrish Puri
Nirakar Chhaya,2007.0,82.0,269,7.5,8.0,360,0,0,0
Nirala,1950.0,0.0,331,6.6,30.0,682,1166,Dev Anand,Mazhar Khan
Nirbhay,1996.0,135.0,84,4.9,12.0,3050,1902,Malvika Arora,Sharokh Bharucha
Nirdosh,1941.0,0.0,269,6.3,7.0,2954,1385,Mukesh,Satish
Nirdosh,1973.0,130.0,336,4.0,6.0,2334,2489,Yogeeta Bali,Sujit Kumar
Nirdosh,2018.0,110.0,326,3.9,138.0,2740,1566,Ashmit Patel,Manjari Fadnnis
Nirmaan,1974.0,133.0,269,7.7,6.0,2226,1426,Anupama,Rehman
Nirmal Anand Ki Puppy,2019.0,100.0,269,9.1,7.0,2436,1022,Gillian Pinto,Khushboo Upadhyay
Nirmala,1938.0,128.0,269,5.5,14.0,788,627,Ashok Kumar,Maya Devi
Nirnayak,1997.0,0.0,80,6.0,7.0,268,851,Rakesh Bedi,Baby Aastha
Nirvana Inn,2019.0,95.0,401,5.9,200.0,3007,70,Rajshri Deshpande,Sandhya Mridul
Nirvana13,2011.0,95.0,269,9.1,99.0,1109,1504,Anu Choudhury,Sandeep Kulkarni
Nishaan,1983.0,131.0,43,6.3,43.0,2824,2157,Rajesh Khanna,Jeetendra
Nishabd,2007.0,110.0,269,5.4,1622.0,2147,207,Jiah Khan,Revathi
Nishan,1965.0,138.0,269,4.9,10.0,402,1981,Nazima,Prem Chopra
Nishan,1949.0,0.0,269,5.2,6.0,2348,461,J.S. Casshyap,R. Nagendra Rao
Nishana,1950.0,0.0,327,7.5,6.0,3093,1166,Ashok Kumar,Shyama
Nishana,1980.0,137.0,39,5.9,22.0,1157,920,Poonam Dhillon,Shreeram Lagoo
Nishana,1995.0,0.0,282,5.0,30.0,2020,1305,Rekha,Paresh Rawal
Nishane Bazi,1989.0,139.0,5,2.9,10.0,2949,2253,Sripradha,Sneha
Nishant,1975.0,140.0,218,7.6,564.0,2662,755,Shabana Azmi,Anant Nag
Nishchaiy,1992.0,146.0,50,4.2,491.0,760,2487,Salman Khan,Karisma Kapoor
Niyaz Aur Namaaz,1977.0,0.0,269,6.0,7.0,7,178,Rajan Haksar,Jeevan
No Entry,2005.0,158.0,178,6.6,11195.0,245,251,Fardeen Khan,Salman Khan
No Man's Truth,2020.0,123.0,224,6.3,30.0,1509,562,Chirag Saluja,Gaurav Kamble
No One Killed Jessica,2011.0,136.0,149,7.2,11199.0,2015,1768,Vidya Balan,Myra Karn
No Problem,2010.0,139.0,19,4.3,2299.0,245,251,Sanjay Dutt,Akshaye Khanna
No Smoking,2007.0,128.0,311,7.3,6928.0,300,938,Ayesha Takia,Paresh Rawal
Noblemen,2018.0,108.0,269,5.8,221.0,2968,1108,Ali Haji,Mohammed Ali Mir
Noise of Silence,2021.0,110.0,327,7.2,46.0,2387,1625,Syed Firdaus,Sayantika Nath
Noor,2017.0,117.0,94,3.9,1432.0,2793,2275,Sonakshi Sinha,Chloé Booyens
Noor Mahal,1965.0,0.0,282,4.8,5.0,1738,552,Jagdeep,Lalita Desai
Noorie,1979.0,120.0,291,6.0,159.0,1484,708,Poonam Dhillon,Madan Puri
Noorjehan,1967.0,130.0,305,6.0,18.0,1392,1274,Pradeep Kumar,Rehman
Not a Love Story,2011.0,100.0,227,5.0,694.0,2147,600,Mahie Gill,Zakir Hussain
Notebook,2019.0,115.0,327,6.9,2253.0,1730,2539,Pranutan Bahl,Mir Mohammed Mehroos
Noukadubi,2011.0,135.0,327,7.6,845.0,2265,933,Riya Sen,Raima Sen
NTR Kathanayakudu,2019.0,169.0,151,5.6,1866.0,1981,1392,Vidya Balan,Satyanarayana Kaikala
Number Game,2018.0,117.0,368,6.3,10.0,2780,104,Nakul Choudharry,Rimi
Numbri Aadmi,1991.0,125.0,29,4.3,19.0,2858,862,Arun Bakshi,Rakesh Bedi
Nyay Anyay,1990.0,155.0,269,5.7,39.0,1374,920,Jaya Prada,Sumeet Saigal
Nyaydaata,1999.0,123.0,1,5.1,15.0,2996,2357,Aparajita,Asrani
Nympho: The Lust Story,2020.0,104.0,331,5.3,31.0,1341,1413,Mohnish Nawani,Vikhyat Swades
O Teri,2014.0,107.0,172,3.3,584.0,2933,1626,Bilal Amrohi,Sarah Jane Dias
Oass,2012.0,105.0,269,6.2,196.0,54,1622,Jameel Khan,Yashpal Sharma
Ocean of an Old Man,2008.0,80.0,269,6.6,44.0,2090,2361,Akash,Jamie Alter
Octave,2002.0,118.0,269,5.1,8.0,2558,1713,Archana,Geshe Thupten-Phelgyei
October,2018.0,115.0,327,7.5,14013.0,2644,2419,Banita Sandhu,Gitanjali Rao
Odd Couple,2019.0,117.0,269,8.2,13.0,1884,2256,Suchitra Krishnamoorthi,Manoj Pahwa
Office #thebrightesthorrorfilm,2017.0,99.0,363,5.4,13.0,622,573,Priyanka Chauhan,Amit Dawar
Officer,2001.0,0.0,29,4.2,120.0,1645,2267,Raveena Tandon,Danny Denzongpa
Officer Arjun Singh IPS,2019.0,120.0,39,8.0,91.0,336,1624,Raai Laxmi,Amit Misra
Offshore,2006.0,92.0,269,6.3,20.0,709,650,Ratnabali Bhattacharjee,Neil Bhoopalam
Oh Bewafa,1980.0,0.0,327,3.4,25.0,2357,1696,Anil Dhawan,Yogeeta Bali
Oh Darling Yeh Hai India,1995.0,160.0,162,4.2,1582.0,1280,2039,Deepa Sahi,Javed Jaffrey
"Oh, My God!!",2008.0,105.0,172,5.4,264.0,2705,2476,Saurabh Shukla,Divya Dutta
OK Jaanu,2017.0,135.0,327,5.2,3883.0,2539,82,Shraddha Kapoor,Naseeruddin Shah
Old Iss Gold,2007.0,0.0,162,5.4,17.0,1699,390,Shakti Kapoor,Kader Khan
Om,2003.0,0.0,77,3.7,31.0,377,394,Sandali Sinha,Smita Jaykar
Om,1986.0,0.0,363,5.2,6.0,2666,2371,Rajesh Khanna,Mandakini
Om Dar-B-Dar,1988.0,101.0,269,7.1,438.0,1222,262,Gopi Desai,Lalit Tiwari
Om Jai Jagadish,2002.0,172.0,317,5.5,1911.0,296,2511,Anil Kapoor,Fardeen Khan
Om Shanti Om,2007.0,162.0,20,6.7,40120.0,770,2039,Deepika Padukone,Arjun Rampal
Omerta,2017.0,98.0,16,7.2,2851.0,901,1719,Rajesh Tailang,Satwant Kaur
OMG: Oh My God!,2012.0,125.0,174,8.1,53454.0,2936,1523,Akshay Kumar,Mithun Chakraborty
Omkara,2006.0,155.0,29,8.1,19631.0,3070,109,Kareena Kapoor,Saif Ali Khan
Omprakash Zindabad,2020.0,130.0,172,4.9,12.0,2201,2023,Shweta Bhardwaj,Zakir Hussain
Once Again,2018.0,101.0,327,7.0,869.0,1238,2089,Neeraj Kabi,Bidita Bag
Once Upon a Time in Bihar,2015.0,122.0,427,6.7,193.0,1728,1077,Pankaj Jha,Ajay Kumar
Once Upon a Time in Mumbaai,2010.0,134.0,29,7.4,16677.0,1542,109,Emraan Hashmi,Kangana Ranaut
Once Upon a Time in Mumbaai Dobara,2013.0,160.0,29,4.6,6839.0,1542,146,Imran Khan,Sonakshi Sinha
One 2 Ka 4,2001.0,169.0,19,5.4,4870.0,2599,2039,Jackie Shroff,Juhi Chawla
One by Two,2014.0,139.0,180,4.2,722.0,685,35,Preeti Desai,Lillete Dubey
One Crazy Ride,2009.0,87.0,241,8.3,35.0,814,0,0,0
One Day Before the Rainy Season,1971.0,114.0,151,7.5,89.0,1455,348,Arun Khopkar,Rekha Sabnis
One Day: Justice Delivered,2019.0,124.0,38,5.0,1055.0,383,297,Kumud Mishra,Esha Gupta
One Dollar Curry,2004.0,89.0,162,5.6,39.0,3024,2462,Gabriella Wright,Smriti Mishra
One More...,2012.0,90.0,334,6.8,13.0,2631,1019,David Ropmay,0
One Night Out,2018.0,129.0,427,7.0,15.0,2232,970,Gulshan Pandey,Javed Rizvi
One Night Stand,2016.0,97.0,327,3.1,1167.0,1060,2332,Sunny Leone,Narendra Jetley
One Two Three,2008.0,135.0,164,5.3,2511.0,394,2377,Sunil Shetty,Paresh Rawal
Online Gurukul,2017.0,0.0,167,5.1,22.0,877,56,Garima Insan,Honeypreet Insan
Only You,1999.0,150.0,414,6.1,1426.0,102,1972,Priya Gill,Sushmita Sen
Oonch Neech Beech,1989.0,126.0,282,6.4,11.0,3095,1594,Sanjeev Kumar,Shabana Azmi
Oonche Log,1985.0,0.0,282,5.9,40.0,547,1703,Salma Agha,Pradeep Kumar
Oonche Log,1965.0,144.0,331,7.4,46.0,1825,377,Raaj Kumar,Feroz Khan
Oonga,2013.0,98.0,103,6.9,51.0,676,1727,Seema Biswas,Priyanka Bose
Ooops a Desi,2013.0,126.0,427,6.2,176.0,555,519,Pragathi Yadhati,Adnan Khalid
Oops!,2003.0,109.0,172,3.5,93.0,659,1055,Vikas Sethi,Adyasha
Opera House,1961.0,107.0,29,5.5,14.0,1768,1997,Ajit,K.N. Singh
Operation Jackpot,1968.0,146.0,74,8.0,26.0,703,2316,Niranjan,Rajkumar
Operation Parindey,2020.0,60.0,52,4.7,349.0,2449,204,Rucha Inamdar,Rahul Dev
Opium Royale,2005.0,0.0,172,6.6,17.0,711,0,0,0
Oraalppokkam,2014.0,99.0,298,7.0,108.0,2427,1568,Meena Kandasamy,Samvid Anand
Ormakal Marikkumo?,1977.0,150.0,269,6.6,23.0,1188,983,Shobha,Jayan
Oru Kaidhiyin Diary,1985.0,152.0,227,7.0,230.0,503,983,Revathi,Radha
Ottran,2003.0,0.0,1,5.6,70.0,971,333,Simran,Sarath Babu
Out of a Jam,2015.0,59.0,241,8.5,16.0,2566,1139,Ramkali,Sunita Dhar
Out of Control,2003.0,124.0,180,3.3,241.0,313,1748,Riteish Deshmukh,Brande Roderick
Overtime,2012.0,114.0,269,4.8,25.0,129,719,Ramnita Chaudhry,Preeti Chauhan
Oye Lucky! Lucky Oye!,2008.0,125.0,19,7.7,16700.0,710,35,Paresh Rawal,Neetu Chandra
P Se PM Tak,2015.0,123.0,172,3.9,80.0,1358,1276,Indrajeet Soni,Bharat Jadhav
P Se Pyaar F Se Faraar,2019.0,131.0,225,6.8,641.0,1497,473,Jimmy Sheirgill,Kumud Mishra
Paa,2009.0,133.0,172,7.2,11492.0,1949,207,Abhishek Bachchan,Vidya Balan
Paagalpan,2001.0,146.0,409,6.5,40.0,1129,1021,Aarthi Agarwal,Dr. Vilas Ujawane
Paak,2018.0,0.0,269,8.0,23.0,2765,340,Rajniesh Duggall,Nikitin Dheer
Paan Singh Tomar,2012.0,135.0,16,8.2,34161.0,2909,854,Mahie Gill,Rajesh Abhay
Paanch,2003.0,130.0,240,7.7,2200.0,300,1040,Aditya Srivastav,Joy Fernandes
Paanch Fauladi,1988.0,0.0,39,4.2,11.0,1561,1939,Raj Babbar,Birbal
Paanch Papi,1989.0,0.0,1,3.6,14.0,2617,811,Prem Chopra,Bob Christo
Paanch Qaidi,1981.0,137.0,2,6.2,25.0,2617,1170,Sarika,Amjad Khan
Paandav,1995.0,132.0,39,4.1,541.0,2020,146,Nandini,Prithvi
Paap,2003.0,120.0,50,5.1,806.0,1835,938,Udita Goswami,Mohan Agashe
Paap Aur Punya,1974.0,0.0,396,7.1,26.0,1906,2083,Sharmila Tagore,Ajit
Paap Ka Ant,1989.0,0.0,50,3.9,68.0,3020,1703,Hema Malini,Govinda
Paap Ki Aandhi,1991.0,0.0,39,3.7,33.0,1536,632,Aditya Pancholi,Farha Naaz
Paap Ki Duniya,1988.0,168.0,50,5.0,103.0,2617,2271,Neelam Kothari,Pran
Paap Ki Kamaee,1990.0,160.0,1,5.2,29.0,1269,1841,Sangeeta Bijlani,Mithun Chakraborty
Paap Ko Jalaa Kar Raakh Kar Doonga,1988.0,153.0,216,5.4,67.0,1180,632,Govinda,Anita Raj
Paapi,1977.0,0.0,29,7.3,51.0,1743,2263,Sanjeev Kumar,Zeenat Aman
Paapi - Ek Satya Katha,2013.0,115.0,216,3.8,27.0,430,359,Pooja Bharti,Prasenjit Chatterjee
Paapi Pet Ka Sawaal Hai,1984.0,0.0,269,5.4,21.0,2691,1703,Jaya Prada,Shatrughan Sinha
Paappi Devataa,1995.0,0.0,39,4.5,54.0,919,632,Jeetendra,Jaya Prada
Paar,1984.0,141.0,269,7.6,450.0,856,1406,Shabana Azmi,Utpal Dutt
Paathshaala,2010.0,122.0,282,4.9,1660.0,1549,69,Nana Patekar,Shahid Kapoor
Paayal,1992.0,150.0,180,3.3,26.0,1419,456,Himalaya,Farida Jalal
Paayum Puli,1985.0,130.0,1,6.7,138.0,2340,1712,Radha,Aachi Manorama
Pad Man,2018.0,140.0,172,7.9,22611.0,1949,146,Radhika Apte,Sonam Kapoor
Padatik,1973.0,98.0,269,7.1,230.0,1595,641,Simi Garewal,Pravas Sarkar
Padikkathavan,1985.0,129.0,269,7.1,346.0,2045,1712,Ambika,Vijay Babu
Padmaavat,2018.0,164.0,305,7.0,28573.0,2458,609,Ranveer Singh,Shahid Kapoor
Padmashree Laloo Prasad Yadav,2005.0,162.0,162,2.4,185.0,1429,2267,Masumeh Makhija,Mahesh Manjrekar
Padosan,1968.0,157.0,204,8.1,6443.0,1139,2263,Saira Banu,Mehmood
Padosi,1941.0,135.0,269,7.2,12.0,2580,1271,Gajanan Jagirdar,Anees Khatoon
Padosi Ki Biwi,1988.0,0.0,427,3.3,7.0,1561,604,Asha Sachdev,Pooja Saxena
Pagalpanti,2019.0,149.0,18,3.2,2118.0,245,251,John Abraham,Ileana D'Cruz
Pagdi: The Honour,2014.0,98.0,282,5.8,31.0,2056,1798,Yashpal Sharma,Nidhi Mahila
Page 16,2018.0,112.0,366,3.9,31.0,2571,366,Bidita Bag,Kiran Kumar
Page 3,2005.0,139.0,269,7.3,6712.0,1413,1075,Atul Kulkarni,Sandhya Mridul
Pagglait,2021.0,114.0,172,6.9,7043.0,2933,1984,Sayani Gupta,Sheeba Chaddha
Pagla Kahin Ka,1970.0,0.0,327,7.2,79.0,2564,2059,Asha Parekh,Prem Chopra
Pagleaazam,2020.0,123.0,162,6.7,10.0,3033,315,Aditya pratap singh Raghuvanshi,Mandeep Kaur
Paharganj,2019.0,108.0,224,4.5,786.0,2136,1143,Bijesh Jayarajan,Neet Chowdhary
Paheli,1977.0,131.0,282,7.6,33.0,1886,2011,Nameeta Chandra,Abka Chuliya
Paheli,2005.0,140.0,174,6.5,12727.0,215,2039,Rani Mukerji,Anupam Kher
Paigham,1959.0,188.0,172,7.0,85.0,2348,658,Raaj Kumar,Vyjayanthimala
Pailwaan,2019.0,166.0,51,6.4,1671.0,2304,2267,Sudeep,Sushant Singh
Painter Babu,1983.0,0.0,409,3.6,21.0,369,379,Rajiv Goswami,Meenakshi Sheshadri
Painting Life,2018.0,145.0,269,6.3,7.0,521,1568,Geetanjali Thapa,Ritabhari Chakraborty
Paisa Hi Paisa,1956.0,88.0,162,6.5,11.0,1535,1068,Mala Sinha,Shakila
Paisa Vasool,2004.0,139.0,19,4.1,142.0,2715,1215,Sushmita Sen,Sushant Singh
Paisa Ya Pyar,1969.0,165.0,180,4.9,11.0,1069,377,Mala Sinha,Biswajit Chatterjee
Paisa Yeh Paisa,1985.0,0.0,29,5.0,22.0,2691,496,Gulshan Grover,Nivedita Joshi
Paise Ki Gudiya,1974.0,0.0,282,6.1,16.0,547,377,Navin Nischol,Saira Banu
Pakhandi,1984.0,138.0,269,6.5,26.0,2418,2083,Sanjeev Kumar,Zeenat Aman
Pakhi,2018.0,100.0,216,6.5,8.0,2365,279,Sumeet Kant Kaul,Sikander Khan
Pal Pal Dil Ke Paas,2019.0,154.0,50,4.6,1033.0,2815,1013,Sahher Bambba,Kallirroi Tziafeta
Pal Pal Dil Ke Ssaat,2009.0,0.0,409,4.3,12.0,2947,112,Mahie Gill,Vinod Kambli
Palay Khan,1986.0,145.0,84,6.5,48.0,357,871,Poonam Dhillon,Farha Naaz
Palki,1967.0,160.0,289,5.5,35.0,1426,1885,Rajendra Kumar,Waheeda Rehman
Palkon Ki Chhaon Mein,1977.0,127.0,327,7.6,67.0,1538,1703,Hema Malini,Asrani
Paltan,2018.0,150.0,45,5.3,939.0,1018,871,Arjun Rampal,Sonu Sood
Panaah,1992.0,156.0,39,6.5,43.0,1334,1406,Praveen Kumar,Pallavi Joshi
Pancha Thanthram,1974.0,141.0,44,6.4,16.0,2502,1605,Adoor Bhasi,Bahadur
Panchaali,2018.0,49.0,1,5.9,17.0,2703,301,Sumit Bhot,Rakhi Chauhan Mehta
Panchakshari,2010.0,129.0,301,3.9,127.0,2426,306,Samrat,Pradeep Singh Rawat
Pancham Unmixed: Mujhe Chalte Jaana Hai ...,2008.0,113.0,241,8.6,43.0,545,269,Gulshan Bawra,Anand Bhosle
Panchamirtham,2008.0,131.0,162,7.3,9.0,2121,317,M.S. Bhaskar,Regina Cassandra
Panchayat,1958.0,134.0,282,6.8,13.0,1382,1636,Pandharibai,Shyama
Panchlait,2017.0,0.0,269,8.4,77.0,1914,210,Yashpal Sharma,Brijendra Kala
Panchvati,1986.0,0.0,282,6.9,12.0,475,2026,Nabendu Ghosh,Akbar Khan
Pandavas 5,2013.0,0.0,127,6.1,8.0,2299,0,0,0
Pandavas: The Five Warriors,2000.0,110.0,131,4.3,33.0,2939,0,0,0
Pandi Durai,1992.0,0.0,269,4.2,9.0,1500,766,Mansoor Ali Khan,Kushboo
Pandian,1992.0,149.0,28,5.2,210.0,2340,1712,Kushboo,Archana Puran Singh
Pandit Aur Pathan,1977.0,0.0,29,5.4,9.0,1115,1056,Nazneen,Mehmood
Pandit Bhimsen Joshi,1992.0,0.0,241,8.3,7.0,870,0,0,0
Panga,2020.0,131.0,334,6.8,5455.0,397,998,Jassie Gill,Richa Chadha
Panipat,2019.0,165.0,45,5.3,4426.0,392,328,Sanjay Dutt,Kriti Sanon
Pankh,2010.0,98.0,269,3.7,125.0,2759,499,Lillete Dubey,Mahesh Manjrekar
Papa Kahte Hain,1996.0,143.0,162,4.6,206.0,1423,297,Jugal Hansraj,Mayuri Kango
Papa the Great,2000.0,143.0,339,5.5,67.0,492,1078,Nagma,Satya Prakash
Papeeha,1993.0,0.0,269,7.6,17.0,2385,1297,Veeni Paranjape Joglekar,Raghuvir Yadav
Papi,1953.0,111.0,218,7.6,53.0,586,1401,Raj Kapoor,Dulari
Papi Gudia,1996.0,130.0,373,2.2,221.0,1374,411,Karisma Kapoor,Tinnu Anand
Pappu Can't Dance Saala,2010.0,138.0,180,6.5,447.0,2525,2476,Neha Dhupia,Rajat Kapoor
Pappu Ki Pugdandi,2015.0,83.0,269,6.0,13.0,2530,296,Jaswinder Gardner,Master Hardik Khanna
Param Dharam,1987.0,125.0,29,5.9,22.0,2858,1732,Mithun Chakraborty,Moushumi Chatterjee
Param Vir Chakra,1995.0,170.0,432,6.7,52.0,378,1911,Kulbhushan Kharbanda,Hema Malini
Paramaatma,1994.0,152.0,44,6.5,47.0,473,1305,Juhi Chawla,Amrish Puri
Parampara,1993.0,155.0,50,5.7,1055.0,3106,2263,Vinod Khanna,Aamir Khan
Parampara,1986.0,0.0,0,4.0,5.0,1865,0,0,0
Paranthe Wali Gali,2014.0,101.0,327,5.0,87.0,2365,1319,Yuvraj Haral,Vijayant Kohli
Paras,1949.0,0.0,269,7.0,6.0,238,990,Madhubala,Amir Ali
Paras,1971.0,147.0,282,6.2,28.0,559,1981,Rakhee Gulzar,Shatrughan Sinha
Parasmani,1963.0,137.0,105,6.4,41.0,459,759,Mahipal,Nalini Chonkar
Parasuram,2003.0,142.0,39,4.3,46.0,328,32,Rahul Dev,Kiran
Paraya Dhan,1971.0,0.0,336,6.4,59.0,2064,810,Rakesh Roshan,Balraj Sahni
Paraya Ghar,1989.0,125.0,282,6.2,28.0,1207,1836,Jaya Prada,Raj Babbar
Parbat Ke Us Paar,1988.0,0.0,327,4.6,5.0,2163,44,Lubna,Bharat Kapoor
Parbat Pe Apna Dera,1944.0,0.0,409,6.7,6.0,2580,2410,Ulhas,Shantarin
Parched,2015.0,116.0,269,7.6,4954.0,1380,2331,Radhika Apte,Surveen Chawla
Parchhain,1952.0,0.0,282,5.8,16.0,2580,2065,Jayashree,Sandhya
Parchhaiyan,1972.0,129.0,269,6.4,10.0,2587,2487,Reshma,Bindu
Parda Hai Parda,1992.0,128.0,239,7.1,25.0,1147,1127,Pankaj Dheer,Adi Irani
Parde Ke Peechey,1971.0,0.0,1,5.9,10.0,1161,2489,Yogeeta Bali,Pran
Pardes,1997.0,191.0,320,7.0,14018.0,2731,2039,Mahima Chaudhry,Amrish Puri
Pardes,1950.0,0.0,282,7.8,15.0,1392,1166,Rehman,Karan Dewan
Pardesi,1957.0,152.0,92,7.0,103.0,1292,2421,Prithviraj Kapoor,Balraj Sahni
Pardesi,1970.0,190.0,401,6.2,12.0,1357,1358,Biswajit Chatterjee,Kanan Kaushal
Pardesi,1993.0,0.0,1,4.8,20.0,2020,1305,Sumalatha,Varsha Usgaonkar
Pardesi Babu,1998.0,0.0,20,5.1,392.0,1490,768,Raveena Tandon,Shilpa Shetty Kundra
Pareeksha,2020.0,120.0,269,8.1,2921.0,1865,70,Priyanka Bose,Shourya Deep
Pareshaan Parinda,2018.0,112.0,77,4.8,13.0,683,1282,Sakshi Singh,Avtar Singh Bhullar
Pari,2018.0,136.0,353,6.6,5900.0,1929,305,Parambrata Chattopadhyay,Rajat Kapoor
Parichay,1972.0,145.0,289,7.5,827.0,870,920,Jaya Bachchan,Pran
Parinati,1989.0,125.0,269,7.2,53.0,1865,448,Surekha Sikri,Sudhir Kulkarni
Parinda,1989.0,154.0,29,7.8,3168.0,3000,871,Anil Kapoor,Nana Patekar
Parineeta,2005.0,130.0,320,7.2,8867.0,1856,2436,Saif Ali Khan,Sanjay Dutt
Parivaar,1987.0,0.0,282,7.0,51.0,2599,1305,Meenakshi Sheshadri,Shakti Kapoor
Parivar,1956.0,0.0,173,7.4,21.0,399,1068,Usha Kiran,Durga Khote
Parivar,1968.0,165.0,172,6.3,23.0,1281,920,Nanda,Om Prakash
Parmanu: The Story of Pokhran,2018.0,129.0,45,7.6,21773.0,70,938,Boman Irani,Diana Penty
Parmatma,1978.0,0.0,104,4.7,11.0,566,2085,Rekha,Aruna Irani
Paroma,1985.0,139.0,269,6.6,160.0,308,1736,Aparna Sen,Mukul Sharma
Partner,2007.0,155.0,180,5.8,11787.0,630,1940,Govinda,Lara Dutta
Party,1984.0,110.0,269,7.2,494.0,862,592,Ila Arun,Raju Barot
Parvarish,1958.0,129.0,282,6.8,71.0,2306,1671,Mala Sinha,Lalita Pawar
Parvarish,1977.0,162.0,29,6.9,930.0,1483,2059,Amitabh Bachchan,Vinod Khanna
Parwana,1971.0,93.0,422,6.8,188.0,1139,1426,Amitabh Bachchan,Yogeeta Bali
Parwana,1947.0,0.0,314,7.5,15.0,1017,968,Suraiya,Najma
Parwana,2003.0,112.0,50,2.2,284.0,647,109,Ameesha Patel,Pooja Batra
Parwane,1993.0,0.0,29,5.2,17.0,374,2145,Shilpa Shirodkar,Avinash Wadhawan
Parzania,2005.0,116.0,303,7.6,1379.0,2001,1406,Corin Nemec,Sarika
Pasand Apni Apni,1983.0,0.0,162,7.0,85.0,476,1305,Rati Agnihotri,Utpal Dutt
Passport,1961.0,127.0,218,6.9,26.0,1873,1166,Pradeep Kumar,K.N. Singh
Pataakha,2018.0,134.0,20,7.2,3824.0,3070,1984,Radhika Madan,Sunil Grover
Pataal Bhairavi,1985.0,148.0,351,5.7,72.0,1147,920,Jaya Prada,Pran
Patang,1993.0,100.0,269,7.1,19.0,856,2031,Shafiq Syed,Om Puri
Patang,1960.0,0.0,165,6.4,19.0,905,2283,Mala Sinha,Rajendra Kumar
Patang,2011.0,93.0,269,6.2,306.0,1881,1429,Mukkund Shukla,Seema Biswas
Patanga,1971.0,138.0,20,5.5,17.0,1270,2083,Vimi,Ajit
Patanga,1949.0,143.0,208,6.4,26.0,920,1453,Shyam,Raj Mehra
Patel Ki Punjabi Shaadi,2017.0,120.0,162,4.1,342.0,2445,1836,Paresh Rawal,Vir Das
Pathan,1962.0,0.0,282,4.0,14.0,408,1604,Mumtaz,Master Bhagwan
Pathar Ke Insan,1990.0,0.0,52,5.0,61.0,2641,2487,Sridevi,Jackie Shroff
Pathreela Raasta,1994.0,0.0,1,3.9,9.0,119,663,Varsha Usgaonkar,Sadashiv Amrapurkar
Paththar,1985.0,109.0,216,4.6,15.0,647,1495,Anuradha Patel,Deepika Chikhalia
Pati Parmeshwar,1990.0,0.0,282,3.2,11.0,1407,663,Shekhar Suman,Sudha Chandran
Pati Patni,1966.0,159.0,173,6.2,29.0,2321,1981,Nanda,Mumtaz
Pati Patni Aur Tawaif,1990.0,0.0,282,4.3,42.0,2108,1939,Harbans Darshan M. Arora,Birbal
Pati Patni Aur Woh,1978.0,141.0,208,7.1,447.0,447,1981,Vidya Sinha,Ranjeeta Kaur
Pati Patni Aur Woh,2019.0,126.0,208,5.7,6166.0,1598,1028,Bhumi Pednekar,Ananya Panday
Patiala Dreamz,2014.0,120.0,269,4.0,8.0,69,2000,Usha Bachani,Amita Nangia
Patiala House,2011.0,140.0,334,5.6,8780.0,1716,1836,Dimple Kapadia,Akshay Kumar
Patita,1953.0,143.0,269,7.8,64.0,212,617,Usha Kiran,Agha
Patita,1980.0,125.0,269,5.8,24.0,970,2113,Vikram Makandar,Raj Kiran
Pativrata,1965.0,0.0,0,7.8,8.0,1770,2380,Rajkumar,0
Patli Kamar Lambe Baal,2004.0,83.0,269,4.3,7.0,574,203,Dimple,Pushpendra
Pattathu Yaanai,2013.0,155.0,1,3.8,151.0,542,1368,Aishwarya Arjun,Yogi Babu
Patth,2003.0,157.0,269,4.6,29.0,2637,2069,Payal Rohatgi,Hyder Kazmi
Patthar Aur Payal,1974.0,150.0,39,6.6,57.0,919,632,Hema Malini,Vinod Khanna
Patthar Aur Payal,2000.0,0.0,1,5.4,5.0,933,632,Raza Murad,Anil Nagrath
Patthar Dil,1985.0,0.0,327,5.2,6.0,2824,1508,Danny Denzongpa,Kader Khan
Patthar Ke Phool,1991.0,155.0,50,5.6,1004.0,236,1940,Raveena Tandon,Kiran Kumar
Patthar Ke Sanam,1967.0,136.0,48,6.6,141.0,2033,2511,Manoj Kumar,Mumtaz
Pavitra Paapi,1970.0,152.0,269,8.0,49.0,2064,443,Tanuja,Parikshit Sahni
Payaase Panchhi,1961.0,139.0,162,7.0,9.0,926,1289,Ameeta,Jeevan
Payal,1957.0,0.0,282,6.1,7.0,1126,2263,Padmini,Ragini
Payal Ki Jhankaar,1980.0,114.0,409,5.6,18.0,2520,150,Roobini,Surinder Kaur
Payal Ki Jhankar,1968.0,132.0,4,4.4,12.0,1404,1068,Jyothi Lakshmi,Rajshri
Payame Haq,1939.0,0.0,103,4.6,7.0,702,252,Ashiq Hussain,Ashraf Khan
Payback,2010.0,115.0,29,5.5,65.0,2368,775,Munish Khan,Zakir Hussain
Paying Guest,1957.0,157.0,165,7.1,225.0,2737,617,Nutan,Gajanan Jagirdar
Paying Guests,2009.0,109.0,172,4.2,510.0,1802,2122,Javed Jaffrey,Aashish Chaudhary
Pazhani,2008.0,159.0,39,2.8,114.0,1823,467,Kajal Aggarwal,Kushboo
Peda Rayudu,1995.0,165.0,39,7.2,543.0,2223,1313,Rajinikanth,Bhanupriya
Peddlers,2012.0,116.0,336,7.0,83.0,2975,774,Kriti Malhotra,Siddharth Menon
Peechha Karro,1986.0,114.0,214,6.4,150.0,1786,1795,Birbal,Iftekhar
Peepli [Live],2010.0,95.0,172,7.4,11954.0,303,1178,Omkar Das Manikpuri,Raghuvir Yadav
Pehchaan,1993.0,138.0,52,4.4,152.0,656,2267,Saif Ali Khan,Shilpa Shirodkar
Pehchaan: The Face of Truth,2005.0,173.0,269,5.7,60.0,2645,2487,Rati Agnihotri,Raveena Tandon
Pehchan,1970.0,0.0,289,5.0,25.0,2691,1231,Babita Kapoor,Balraj Sahni
Pehla Aadmi,1950.0,0.0,303,7.1,7.0,526,2167,Sr. Balraj Vij,Nasir Hussain
Pehla Adhyay,1981.0,130.0,269,8.0,7.0,3077,1157,Dinesh Shakul,0
Pehla Nasha,1993.0,131.0,405,4.9,325.0,392,606,Pooja Bhatt,Raveena Tandon
Pehla Pehla Pyar,1994.0,0.0,180,5.1,109.0,1486,1836,Tabu,Anupam Kher
Pehla Sitara,2012.0,0.0,409,7.0,17.0,1751,2184,Anurag Sinha,0
Pehle Aap,1944.0,0.0,269,7.0,6.0,42,2057,Wasti,Jeevan
Pehli Jhalak,1955.0,156.0,19,6.4,18.0,1404,2510,Kishore Kumar,Pran
Pehli Nazar Ka Pyaar,2008.0,140.0,409,4.4,7.0,335,341,Vikas Anand,Sweety Chhabra
Penalty,2019.0,128.0,426,5.5,783.0,2657,1146,Kay Kay Menon,Shashank Arora
Pepper Chicken,2020.0,0.0,427,6.8,281.0,2207,669,Boloram Das,Monuj Borkotoky
Perfect Plan,2017.0,127.0,326,6.2,6.0,3125,2536,Raza Murad,Zeeshan Khan
Periyanna,1999.0,148.0,50,4.8,230.0,2322,2450,Meena,Suriya
Permission,1987.0,137.0,320,8.3,1391.0,870,1819,Naseeruddin Shah,Anuradha Patel
Pestonjee,1988.0,125.0,172,7.1,206.0,3027,2031,Cyprus Dastoor,Dady Dustoor
Pet Pyaar Aur Paap,1984.0,128.0,282,6.3,30.0,746,1668,Smita Patil,Tanuja
Phaansi,1978.0,141.0,39,6.6,31.0,919,2083,Sulakshana Pandit,Ranjeet
Phaansi Ke Baad,1985.0,141.0,269,6.0,17.0,919,2085,Hema Malini,Shakti Kapoor
Phagun,1958.0,0.0,178,6.6,35.0,518,1166,Bharat Bhushan,Jeevan
Phagun,1973.0,136.0,291,7.3,59.0,2094,632,Waheeda Rehman,Jaya Bachchan
Phamous,2018.0,115.0,165,3.8,282.0,1245,932,Shriya Saran,Kay Kay Menon
Phandebaaz,1978.0,150.0,18,6.7,35.0,2418,632,Moushumi Chatterjee,Prem Chopra
Phantom,2015.0,136.0,52,5.9,8714.0,1193,1926,Katrina Kaif,Sabyasachi Chakrabarty
Phas Gaye Re Obama,2010.0,108.0,165,7.5,5284.0,2732,1689,Neha Dhupia,Sanjay Mishra
Phata Poster Nikhla Hero,2013.0,146.0,18,4.8,4492.0,2110,2043,Ileana D'Cruz,Padmini Kolhapure
Phhir,2011.0,100.0,324,5.0,186.0,834,1722,Roshni Chopra,Monica
Phillauri,2017.0,138.0,174,6.1,3596.0,281,305,Diljit Dosanjh,Suraj Sharma
Phir Aaya Satte Pe Satta,2017.0,134.0,427,7.2,24.0,1955,1706,Rana Jung Bahadur,Biswajit Chatterjee
Phir Aayee Barsat,1985.0,0.0,409,7.8,6.0,1046,388,Harindranath Chattopadhyay,Saeed Jaffrey
Phir Bhi Dil Hai Hindustani,2000.0,160.0,178,6.2,7103.0,428,2039,Juhi Chawla,Johnny Lever
Phir Hera Pheri,2006.0,153.0,164,7.0,19525.0,1701,146,Sunil Shetty,Paresh Rawal
Phir Kab Milogi,1974.0,132.0,409,6.2,44.0,963,1182,Biswajit Chatterjee,Deven Verma
Phir Kabhi,2008.0,0.0,327,6.8,74.0,2960,1305,Dimple Kapadia,Kaivalya Chheda
Phir Milenge,2004.0,142.0,269,6.1,1983.0,2250,1940,Abhishek Bachchan,Shilpa Shetty Kundra
Phir Se...,2018.0,118.0,409,5.4,206.0,110,1110,Dalip Tahil,Jennifer Winget
Phir Subha Hogi,1958.0,168.0,327,7.5,81.0,2181,1671,Mala Sinha,Mubarak
Phir Tauba Tauba,2008.0,109.0,409,2.7,9.0,2865,192,Rahul Roy,Saadhika
Phir Teri Kahani Yaad Aayee,1993.0,105.0,414,5.8,271.0,1423,1551,Rahul Roy,Pooja Bedi
Phir Wohi Dil Laya Hoon,1963.0,0.0,396,6.9,71.0,1681,946,Asha Parekh,Rajendranath Malhotra
Phir Wohi Raat,1980.0,146.0,229,6.6,87.0,623,1703,Kim,Aruna Irani
Phobia,2016.0,112.0,326,6.9,2791.0,1819,1640,Amrita Bagchi,Nivedita Bhattacharya
Phool,1945.0,122.0,269,6.5,8.0,1144,1613,Suraiya,Durga Khote
Phool,1993.0,0.0,409,4.8,103.0,2680,1100,Madhuri Dixit,Sunil Dutt
Phool Aur Aag,1999.0,0.0,270,4.9,39.0,2865,1305,Jackie Shroff,Archana
Phool Aur Angaar,1993.0,146.0,39,5.4,131.0,374,323,Asrani,Mohnish Bahl
Phool Aur Kaante,1991.0,173.0,50,5.8,1348.0,1339,109,Madhoo,Arif Khan
Phool Aur Patthar,1966.0,163.0,50,6.3,218.0,1743,1274,Dharmendra,Shashikala
Phool Bane Angaare,1963.0,0.0,327,6.0,15.0,2820,1182,Raaj Kumar,Ashish Kumar
Phool Bane Angaray,1991.0,0.0,39,4.6,127.0,1172,1819,Rajinikanth,Prem Chopra
Phool Khile Hain Gulshan Gulshan,1978.0,115.0,282,6.2,64.0,2676,1836,Moushumi Chatterjee,Ashok Kumar
Phoolan Hasina Ramkali,1993.0,117.0,1,4.4,20.0,1234,1065,Sudha Chandran,Tahir Khan
Phoolon Ki Sej,1964.0,148.0,327,5.7,26.0,978,2510,Ashok Kumar,Anjali Devi
Phoonk,2008.0,110.0,311,3.9,1265.0,2147,2231,Amruta Khanvilkar,Ahsaas Channa
Phoonk 2,2010.0,110.0,311,3.2,488.0,1546,2231,Amruta Khanvilkar,Ahsaas Channa
Phoring,2013.0,127.0,269,7.6,870.0,987,2175,Akash Adhikari,Sourav Basak
Photograph,2019.0,110.0,327,6.9,4505.0,2260,1429,Sanya Malhotra,Sachin Khedekar
Phullu,2017.0,96.0,172,6.0,189.0,69,2075,Jyoti Sethi,Nutan Surya
Phulmania,2019.0,120.0,269,5.4,16.0,1366,1074,Ravi Bhatia,Pranab Chaudhary
Phulwari,1984.0,158.0,282,5.8,6.0,1608,585,Shashi Puri,Ashok Saraf
Picnic,1966.0,138.0,269,6.2,11.0,2546,1231,Azra,Shubha Khote
Pied Piper,2013.0,113.0,172,6.3,23.0,3088,2465,Meher Vij,Rajpal Yadav
Pighalta Aasman,1985.0,155.0,180,6.1,31.0,2568,695,Shashi Kapoor,Rakhee Gulzar
Pihu,2016.0,91.0,336,6.7,2205.0,1242,1649,Pihu Myra Vishwakarma,Prerna Vishwakarma
Piku,2015.0,123.0,172,7.6,29786.0,2644,609,Amitabh Bachchan,Irrfan Khan
Pinjar,2003.0,188.0,269,8.0,2633.0,577,2390,Manoj Bajpayee,Sanjay Suri
Pinjra,1972.0,175.0,269,7.9,232.0,2580,1085,Vatsala Deshmukh,Babasaheb Gawde
Pinjre Ke Panchhi,1966.0,0.0,218,5.8,13.0,2400,443,Meena Kumari,Mehmood
Pink,2016.0,136.0,227,8.1,40953.0,269,2318,Amitabh Bachchan,Kirti Kulhari
Pinky Beauty Parlour,2016.0,130.0,269,8.4,33.0,167,2246,Vishwanath Chatterjee,Jogi Mallang
Pinti Ka Sabun,2017.0,85.0,269,8.7,6.0,1876,648,Sukriti Chamoli,Satish Dhaulakhandi
Pirates 1.0,2017.0,120.0,427,5.9,16.0,2016,50,Abhishek Maharshi,Zara Shah
Pirate's Blood,2008.0,0.0,69,4.3,40.0,1511,1373,Salem Bahwan,Salim Bawa
Pita,1991.0,0.0,269,7.0,23.0,862,2469,Satyadev Dubey,Irfan
Pitaah,2002.0,126.0,39,6.3,693.0,1429,1970,Nandita Das,Sachin Khedekar
"Pitra, Putra Aur Dharamyuddha",1994.0,120.0,254,8.6,124.0,231,0,0,0
Pitta Kathalu,2021.0,150.0,327,5.0,627.0,1647,2350,B.V. Nandini Reddy,Sankalp Reddy
Piya Ka Ghar,1972.0,134.0,289,6.7,210.0,476,249,Jaya Bachchan,Asrani
Piya Milan,1958.0,132.0,6,4.5,8.0,2867,2510,Rajasulochana,M.N. Rajam
Piya Milan,1985.0,132.0,269,8.3,7.0,1178,1314,C.S. Dubey,Satish Kaul
Piya Milan Ki Aas,1961.0,0.0,409,6.2,5.0,2337,1231,Ameeta,Jeevan
Piya Pyare,1934.0,144.0,115,2.7,11.0,1970,1872,Dinshaw Bilimoria,Jillo
Pizza,2014.0,107.0,363,6.2,1147.0,161,147,Parvathy Omanakuttan,Arunoday Singh
PK,2014.0,153.0,178,8.1,168150.0,2107,19,Anushka Sharma,Sanjay Dutt
PK Lele a Salesman,2018.0,135.0,208,5.5,11.0,1446,1194,Brijendra Kala,Vaishnavi Dhanraj
Placebo,2014.0,96.0,256,7.7,314.0,46,0,0,0
Plan,2004.0,149.0,19,4.1,842.0,961,1970,Priyanka Chopra Jonas,Dino Morea
Platform,1993.0,150.0,29,3.7,194.0,653,109,Tisca Chopra,Priya
Play This,2018.0,110.0,269,5.4,22.0,2704,802,Mandy Gill,Abhishek Mahendru
Players,2012.0,163.0,38,4.1,4181.0,39,1252,Vinod Khanna,Abhishek Bachchan
Plot No. 5,1981.0,0.0,401,5.7,27.0,3120,2455,Benjamin Gilani,Amjad Khan
PM Narendra Modi,2019.0,136.0,151,3.1,5954.0,1747,2508,Manoj Joshi,Darshan Kumaar
Pocket Gangsters,2015.0,110.0,422,6.5,13.0,938,1352,Shivangi Mehra,Madhur Mittal
Pocket Maar,1956.0,0.0,29,7.3,39.0,920,617,Geeta Bali,Nadira
Pocket Maar,1974.0,0.0,50,6.6,48.0,2177,632,Saira Banu,Prem Chopra
Police,1958.0,0.0,1,6.2,8.0,1204,1564,Madhubala,Nadira
Police Aur Mujrim,1992.0,146.0,71,5.2,51.0,1172,1636,Vinod Khanna,Meenakshi Sheshadri
Police Force: An Inside Story,2004.0,138.0,29,4.5,738.0,721,146,Raveena Tandon,Amrish Puri
Police Ke Peechhe Police,1989.0,0.0,216,4.6,8.0,448,2036,Rajesh Khanna,Kulbhushan Kharbanda
Police Lock-up,1995.0,0.0,29,4.2,18.0,1301,1902,Firoz Irani,Bharat Kapoor
Police Officer,1992.0,158.0,1,3.4,58.0,374,2360,Jackie Shroff,Karisma Kapoor
Police Public,1990.0,127.0,240,6.6,141.0,760,2439,Jayshree Arora,Ila Arun
Police Wala,1993.0,155.0,409,4.1,13.0,2677,560,Kiran Kumar,Ishrat Ali
Policegiri,2013.0,141.0,19,4.1,1374.0,1186,1970,Prachi Desai,Prakash Raj
Policewala Gunda,1995.0,146.0,39,5.0,55.0,1794,632,Reena Roy,Mamta Kulkarni
Ponga Pandit,1975.0,0.0,283,6.5,47.0,1906,1764,Neeta Mehta,Danny Denzongpa
Poochho Mere Dil Se,2004.0,132.0,39,4.6,10.0,1346,167,Ashok Barot,Diya Chakraborty
Pooja Ke Phool,1964.0,161.0,386,7.0,42.0,1,377,Mala Sinha,Dharmendra
Poonam,1981.0,138.0,269,5.2,18.0,919,1556,Raj Babbar,Shakti Kapoor
Poonam Ki Raat,1965.0,136.0,423,6.8,22.0,1307,1231,Nandini,Prem Chopra
Poorna,2017.0,100.0,3,7.8,1343.0,1999,1584,Aditi Inamdar,Rahul Bose
Popcorn Khao! Mast Ho Jao,2004.0,138.0,180,4.0,85.0,1195,145,Tanishaa Mukerji,Yash Tonk
Post Box 999,1958.0,115.0,74,6.4,29.0,2235,2263,Shakila,Leela Chitnis
Poster Boys,2017.0,128.0,162,5.4,1446.0,2650,2271,Bobby Deol,Shreyas Talpade
Praana,2019.0,107.0,221,8.3,793.0,2960,1477,0,0
Prabhat,1973.0,120.0,269,6.9,8.0,2676,1866,Zaheeda,Jaya Kausalya
Prabhat pheri,2014.0,89.0,241,6.6,7.0,2407,925,0,0
Prague,2013.0,109.0,367,5.6,349.0,368,527,Arfi Lamba,Kumar Mayank
Prahaar: The Final Attack,1991.0,166.0,337,8.0,1863.0,2729,1390,Nana Patekar,Dimple Kapadia
Prakash Electronic,2017.0,126.0,162,4.9,9.0,1496,830,Vrajesh Hirjee,Manoj Joshi
Pran Jaaye Par Shaan Na Jaaye,2003.0,137.0,172,6.2,324.0,2453,1792,Namrata Shirodkar,Rinke Khanna
Pran Jaye Par Vachan Na Jaye,1974.0,0.0,48,6.0,19.0,2305,2263,Rekha,Bindu
Pranaam,2019.0,120.0,29,4.3,273.0,2478,1694,Atul Kulkarni,Abhimanyu Singh
Pranali: The Tradition,2008.0,0.0,218,6.0,37.0,962,1402,Upendra Limaye,Sudha Chandran
Prarambh,2004.0,83.0,269,6.8,21.0,1344,1352,Singh Bhupesh,Shama Deshpande
Prassthanam,2019.0,141.0,39,5.9,1265.0,673,1970,Jackie Shroff,Ali Fazal
Prateeksha,1993.0,0.0,28,5.2,32.0,1374,920,Moushumi Chatterjee,Vinod Mehra
Prateeksha,2006.0,150.0,409,5.5,47.0,476,932,Dia Mirza,Anupam Kher
Pratha,2002.0,0.0,52,6.2,34.0,2029,595,Irrfan Khan,Ashney Shroff
Pratibandh,1990.0,159.0,39,6.0,128.0,2223,551,Juhi Chawla,Rami Reddy
Pratibimbo,2020.0,21.0,224,7.8,8.0,3115,1337,Priyanka Karkera,Abhishail Kharote
Pratidhwani,1993.0,0.0,1,5.0,7.0,1310,2428,Charu Haasan,Charan Raj
Pratiggya,1975.0,0.0,20,7.2,295.0,745,632,Hema Malini,Ajit
Pratighaat,1987.0,164.0,29,7.0,71.0,1625,2243,Arvind Kumar,Charan Raj
Pratigyabadh,1991.0,125.0,269,5.5,37.0,2213,390,Beena Banerjee,Mithun Chakraborty
Pratikar,1991.0,150.0,29,4.9,105.0,2161,1736,Anil Kapoor,Madhuri Dixit
Pratima,1945.0,0.0,269,6.2,13.0,1778,658,Mukri,0
Pratisaad: The Response,2010.0,126.0,151,7.4,24.0,3114,1959,Kishore Kadam,Neelam Shirke
Pratishodh,1981.0,121.0,269,6.5,18.0,2768,2399,Soumitra Chatterjee,Sabitri Chatterjee
Pratyaghat,1994.0,125.0,376,6.7,11.0,2485,1578,Indrani Dutta,Shakti Kapoor
Preet Ki Dori,1971.0,0.0,50,5.8,6.0,2510,1524,Tanuja,Bindu
Preet Na Jane Reet,1966.0,0.0,409,6.5,28.0,2306,2059,Saroja Devi B.,Nasir Hussain
Preetam,1971.0,137.0,208,6.2,27.0,497,2059,Leena Chandavarkar,Helen
Prem,1995.0,167.0,50,4.1,220.0,2509,1972,Tabu,Deepak Tijori
Prem Aggan,1998.0,168.0,327,1.7,544.0,784,701,Meghna Kothari,Sameer Malhotra
Prem Bandhan,1979.0,0.0,110,6.6,37.0,2165,1703,Rekha,Moushumi Chatterjee
Prem Daan,1992.0,0.0,409,8.0,13.0,2357,1483,Kushboo,Abhinav Chaturvedi
Prem Deewane,1992.0,160.0,20,5.2,220.0,2369,1896,Pooja Bhatt,Bharat Bhushan
Prem Geet,1981.0,150.0,409,7.7,67.0,2745,1668,Anita Raj,Rajni Sharma
Prem Jung,1991.0,0.0,1,6.5,6.0,2352,173,Nagarjuna Akkineni,Mohan Babu
Prem Jyoti,1985.0,0.0,409,4.9,8.0,1325,2216,0,0
Prem Kaa Game,2010.0,0.0,172,3.4,218.0,379,319,Madhuri Bhattacharya,Tara Sharma
Prem Kahani,1937.0,87.0,291,5.9,12.0,788,377,N.M. Joshi,Bilqis
Prem Kahani,1975.0,149.0,320,6.6,150.0,2013,1703,Shashi Kapoor,Mumtaz
Prem Nagar,1974.0,200.0,320,6.3,114.0,1183,1703,Hema Malini,Prem Chopra
Prem Parvat,1973.0,0.0,327,6.0,8.0,2979,501,Hiralal,Satish Kaul
Prem Patra,1962.0,157.0,327,7.6,68.0,526,1903,Shashi Kapoor,Seema Deo
Prem Pratigyaa,1989.0,156.0,327,5.9,230.0,473,1305,Madhuri Dixit,Vinod Mehra
Prem Pujari,1970.0,192.0,48,6.9,212.0,671,617,Waheeda Rehman,Shatrughan Sinha
Prem Qaidi,1991.0,156.0,77,2.1,153.0,1153,1026,Harish,Shafi Inamdar
Prem Ratan Dhan Payo,2015.0,164.0,48,4.4,19913.0,2699,1940,Sonam Kapoor,Neil Nitin Mukesh
Prem Rog,1982.0,183.0,320,7.2,913.0,2011,2059,Nanda,Tanuja
Prem Shakti,1994.0,0.0,44,3.9,81.0,2617,768,Karisma Kapoor,Shakti Kapoor
Prem Shastra,1974.0,102.0,327,6.5,55.0,448,617,Zeenat Aman,Bindu
Prem Tapasya,1983.0,137.0,327,6.1,25.0,1669,920,Rekha,Reena Roy
Prem Vivah,1979.0,0.0,282,6.0,24.0,476,369,Harish Bhimani,Mithun Chakraborty
Prem Yog,1994.0,148.0,282,6.1,65.0,2060,1836,Madhoo,Shammi Kapoor
Prema Sikharam,1992.0,0.0,173,5.6,7.0,2516,520,Brahmanandam,Uttej
Premante Idera,1998.0,0.0,414,6.6,254.0,1074,2428,Preity Zinta,Sivaji Raja
Prematho Raa,2001.0,0.0,409,5.1,107.0,2925,2428,Simran,Isha Koppikar
PremGranth,1996.0,156.0,48,5.7,425.0,2100,2059,Rishi Kapoor,Madhuri Dixit
Pret Atma,1997.0,114.0,363,3.5,6.0,1955,1706,Birbal,Anil Dhawan
Pride and Honour,2004.0,162.0,29,5.5,3711.0,1935,1940,Shilpa Shetty Kundra,Arbaaz Khan
Prince,1969.0,0.0,396,7.1,146.0,1381,2059,Vyjayanthimala,Rajendranath Malhotra
Prince,2010.0,138.0,83,4.2,2001.0,1316,2508,Isaiah,Aruna Shields
Prince Vaali,2011.0,175.0,8,5.8,11.0,2630,567,0,0
Prisoners of Conscience,1978.0,45.0,241,7.0,32.0,231,0,0,0
Prithvi,1997.0,136.0,76,4.4,108.0,1732,2267,Shilpa Shetty Kundra,Suresh Oberoi
Prithvi Vallabh,1943.0,121.0,269,7.7,27.0,2692,1908,Durga Khote,Leela Mishra
Private Detective: Two Plus Two Plus One,1997.0,130.0,401,5.8,63.0,2049,1406,Shambhavi Kaul,Irrfan Khan
Private Secretary,1962.0,0.0,282,5.4,5.0,575,377,Jayshree Gadkar,Raja Gosavi
Priya,1970.0,0.0,269,6.2,5.0,865,1981,Tanuja,Agha
Priya: The Charming Girl of India,2019.0,0.0,409,4.0,6.0,1070,1165,Ekaterina Antonova,Tatyana Melnikova
Priyanka,1994.0,135.0,0,5.7,27.0,3028,615,Anuradha Hasan,Jaishankar
Priyasakhi,2005.0,157.0,291,4.6,153.0,1181,1978,Madhavan,Sada
Priyatama,1978.0,120.0,180,6.7,51.0,476,920,Neetu Singh,Rakesh Roshan
Procession of Memories,1973.0,164.0,48,7.4,1917.0,1681,632,Zeenat Aman,Vijay Arora
Professor,1962.0,166.0,178,7.0,248.0,1381,2059,Lalita Pawar,Parveen Choudhary
Professor Ki Padosan,1994.0,138.0,162,6.2,69.0,2582,1805,Sanjeev Kumar,Padmini Kolhapure
Professor Pyarelal,1981.0,133.0,38,6.6,103.0,547,2549,Master Bhagwan,Brahmachari
Project Marathwada,2016.0,110.0,269,6.4,77.0,507,1495,Seema Biswas,Govind Namdeo
Project Papa,2018.0,97.0,269,6.6,27.0,1226,1000,Rakesh Batra,Rajit Kapoor
Psycho Raman,2016.0,133.0,227,7.4,13418.0,300,1429,Vicky Kaushal,Sobhita Dhulipala
Pudhiya Geethai,2003.0,140.0,50,4.7,1229.0,1022,943,Meera Jasmine,Ameesha Patel
Pukar,1983.0,161.0,48,6.0,316.0,2175,207,Zeenat Aman,Randhir Kapoor
Puli Bebbuli,1983.0,149.0,56,6.3,15.0,1189,1086,Chiranjeevi,Jaya Prada
Punar Milan,1964.0,0.0,269,6.0,7.0,2235,189,Mumtaz Begum,Leela Chitnis
Punnagai Mannan,1986.0,153.0,180,7.8,830.0,1146,983,Revathi,Rekha
Punnami Nagu,2009.0,0.0,105,4.3,6.0,3,1357,Nalini,Suhasini
Purab Aur Pachhim,1970.0,142.0,327,7.4,863.0,1494,377,Saira Banu,Manoj Kumar
Puran Bhagat,1933.0,159.0,0,6.5,10.0,637,557,M. Kumar,Anwari
Purana Mandir,1984.0,144.0,176,6.4,492.0,2666,2371,Mohnish Bahl,Arti Gupta
Purana Purush,1978.0,136.0,4,8.4,34.0,797,1559,Manohar,Anamika
Purani Haveli,1989.0,139.0,363,5.2,250.0,2666,2371,Deepak Parashar,Amita Nangia
Purani Jeans,2014.0,137.0,327,6.3,762.0,2880,2332,Izabelle Leite,Aditya Seal
Purani Kabar,1998.0,0.0,363,4.6,12.0,2062,1320,Mohan Joshi,Jack Gaud
Puraskar,1970.0,0.0,19,4.6,8.0,2152,946,Sapana,Helen
Purdah,2018.0,71.0,258,8.1,276.0,1098,0,0,0
Purnima,1965.0,120.0,347,6.5,41.0,1674,632,Meena Kumari,Mehmood
Pushkar Puran,2017.0,100.0,241,6.5,22.0,1222,0,0,0
Pushpanjali,1970.0,0.0,282,7.1,9.0,1307,1973,Naina Sahu,Kishore Sahu
Pyaar Diwana,1972.0,135.0,162,5.9,15.0,2403,1068,Mumtaz,Padma Khanna
Pyaar Diwana Hota Hai,2002.0,148.0,180,3.9,335.0,2195,768,Om Puri,Laxmikant Berde
Pyaar Impossible!,2010.0,140.0,208,4.6,3023.0,1132,1623,Anupam Kher,Uday Chopra
Pyaar Ishq Aur Mohabbat,2001.0,0.0,320,4.0,587.0,2103,332,Kirti Reddy,Sunil Shetty
Pyaar Ka Punchnama,2011.0,149.0,180,7.6,20388.0,1389,1028,Raayo S. Bakhirta,Divyendu Sharma
Pyaar Ka Punchnama 2,2015.0,137.0,180,7.2,14259.0,1389,1028,Omkar Kapoor,Sunny Singh Nijjar
Pyaar Ka Rishta,1973.0,137.0,269,6.1,11.0,2773,443,Sameer Khan,Mumtaz
Pyaar Ka Saagar,1961.0,0.0,289,6.5,31.0,681,1696,Meena Kumari,Madan Puri
Pyaar Ka Saaya,1991.0,0.0,269,4.1,58.0,3051,221,Rahul Roy,Sheeba
Pyaar Ka Sindoor,1986.0,0.0,327,4.0,10.0,473,956,Anil Kapoor,Mukkamala
Pyaar Ka Tarana,1993.0,136.0,383,4.3,24.0,671,1238,Anita Ayoob,Akshay Anand
Pyaar Karke Dekho,1987.0,144.0,282,6.4,58.0,609,768,Mandakini,Kader Khan
Pyaar Karle,2019.0,116.0,269,3.6,5.0,2300,554,Udita Goswami,Faheem Ul Haq
Pyaar Ke Side Effects,2006.0,132.0,180,6.7,3038.0,2395,1652,Mallika Sherawat,Ranvir Shorey
Pyaar Kiya Nahin Jaata..,2003.0,77.0,327,6.1,14.0,1429,2392,Sonali Bendre,Nikhil Chinappa
Pyaar Kiya To Darna Kya,1998.0,162.0,20,6.7,4770.0,2687,1940,Kajol,Arbaaz Khan
Pyaar Kiya To Darna Kya,1963.0,0.0,178,7.0,37.0,2194,1613,Shammi Kapoor,Saroja Devi B.
Pyaar Koi Khel Nahin,1999.0,165.0,331,3.3,371.0,2734,2271,Mahima Chaudhry,Apoorva Agnihotri
Pyaar Mein Kabhi Kabhi...,1999.0,0.0,178,4.4,169.0,2012,666,Rinke Khanna,Priya Ahluwalia
Pyaar Mein Twist,2005.0,123.0,178,6.1,185.0,961,1836,Dimple Kapadia,Vikas Bhalla
Pyaar Mohabbat,1988.0,0.0,327,3.6,19.0,119,1736,Govinda,Mandakini
Pyaar Se from Kolkata - Pari,2019.0,49.0,269,4.8,5.0,2480,584,Jinia Pande,0
Pyaar to Hona Hi Tha,1998.0,156.0,180,6.7,2998.0,245,109,Kajol,Bijay Anand
Pyaar Tune Kya Kiya...,2001.0,123.0,331,5.7,807.0,2051,701,Ravi Baswani,Kannu Gill
Pyaar Vali Love Story,2014.0,133.0,269,5.9,59.0,2452,1944,Swapnil Joshi,Namrata Kadam
Pyaar Zindagi Hai,2001.0,157.0,331,6.5,44.0,3022,1703,Vikas Kalantri,Ashima Bhalla
Pyaara Dost,1982.0,0.0,427,4.6,5.0,975,845,Amjad Khan,Ranjeeta Kaur
Pyaara Dushman,1980.0,0.0,1,4.3,13.0,233,212,Vidya Sinha,Rakesh Roshan
Pyaas,1982.0,0.0,269,7.2,28.0,1743,2549,Kamini Kaushal,Manmohan Krishna
Pyaasa,1957.0,146.0,320,8.4,5823.0,880,781,Waheeda Rehman,Mala Sinha
Pyaasa,2002.0,137.0,327,3.3,96.0,260,1,Aftab Shivdasani,Zulfi Sayed
Pyaasa Haiwan,2003.0,106.0,363,5.3,30.0,1234,1986,Kanti Shah,Randhir Singh
Pyaasa Sawan,1981.0,161.0,347,7.4,77.0,1669,920,Reena Roy,Vinod Mehra
Pyaasi,2003.0,0.0,363,6.2,5.0,1234,1986,Kanti Shah,Anil Nagrath
Pyaasi Atma,1988.0,0.0,363,6.1,7.0,1002,4,Amar,Lalita Pawar
Pyaasi Bhootni,2003.0,0.0,363,5.9,9.0,1234,203,Sapna Sappu,Kanti Shah
Pyaassi Ankhen,1983.0,0.0,269,5.6,10.0,2151,2031,Amol Palekar,Waheeda Rehman
Pyar,1950.0,0.0,269,8.5,23.0,2962,1671,W.M. Khan,Nargis
Pyar Bhara Dil,1991.0,147.0,327,6.3,14.0,576,591,Rakesh Bedi,Harish Bhimani
Pyar Hi Pyar,1969.0,135.0,409,6.9,64.0,497,2510,Dharmendra,Pran
Pyar Ho Gaya,1986.0,0.0,409,3.6,7.0,840,411,Ranjeet Raj,Roobini
Pyar Hua Chori Chori,1992.0,154.0,409,6.3,51.0,1147,892,Mithun Chakraborty,Gautami
Pyar Jhukta Nahin,1985.0,135.0,347,6.3,175.0,3022,1305,Padmini Kolhapure,Danny Denzongpa
Pyar Ka Bandhan,1963.0,0.0,291,4.6,8.0,1678,1636,Nishi,Kumari Naaz
Pyar Ka Devta,1990.0,148.0,20,3.8,114.0,1147,1305,Madhuri Dixit,Bharat Bhushan
Pyar Ka Karz,1990.0,161.0,269,6.1,29.0,1147,632,Meenakshi Sheshadri,Mithun Chakraborty
Pyar Ka Mandir,1988.0,148.0,282,6.5,96.0,1147,1305,Madhavi,Bharat Bhushan
Pyar Ka Mausam,1969.0,153.0,320,6.8,107.0,1681,369,Shashi Kapoor,Bharat Bhushan
Pyar Ka Rog,1994.0,0.0,180,4.0,14.0,149,1796,Sheeba,Bindu
Pyar Ka Sapna,1969.0,147.0,173,6.2,20.0,963,377,Biswajit Chatterjee,Mala Sinha
Pyar Ka Saudagar,1991.0,136.0,409,4.4,8.0,1204,28,Moon Moon Sen,Mandakini
Pyar Ke Do Pal,1986.0,130.0,39,6.2,50.0,2102,496,Mithun Chakraborty,Krishan Dhawan
Pyar Ke Kabil,1987.0,187.0,291,5.6,51.0,255,1836,Padmini Kolhapure,Asha Sachdev
Pyar Ke Naam Qurban,1990.0,134.0,50,5.6,39.0,454,1305,Dimple Kapadia,Mandakini
Pyar Ki Baten,1951.0,0.0,409,5.9,10.0,154,1401,Trilok Kapoor,Neelam
Pyar Ki Dhun,2002.0,0.0,327,2.5,13.0,2406,1298,Hena,Swati
Pyar Ki Jeet,1987.0,146.0,178,7.4,37.0,2357,2083,Vinod Mehra,Rekha
Pyar Ki Kahani,1971.0,150.0,327,6.1,83.0,2231,1182,Tanuja,Amitabh Bachchan
Pyar Ki Pyas,1961.0,0.0,269,5.8,13.0,1426,2119,Nishi,Manmohan Krishna
Pyar Kiya Hai Pyar Karenge,1986.0,133.0,327,3.6,37.0,3020,251,Padmini Kolhapure,Anita Raj
Pyar Kiye Jaa,1966.0,129.0,208,7.1,176.0,562,1068,Shashi Kapoor,Mehmood
Pyar Mohabbat,1966.0,0.0,110,6.7,29.0,2573,617,Saira Banu,Prem Nath
Pyar Pyar,1993.0,0.0,50,4.6,8.0,2805,449,Kishore Anand Bhanushali,Isha Gupta
Pyara Tarana,1982.0,0.0,396,7.4,16.0,1146,390,Kamal Haasan,Shafi Inamdar
Pyare Mohan,2006.0,130.0,19,3.3,827.0,2232,849,Fardeen Khan,Vivek Oberoi
Pyari Behna,1985.0,136.0,20,6.8,70.0,473,1305,Padmini Kolhapure,Tanvi Azmi
Pyasa Darinda,1990.0,0.0,363,4.9,8.0,1239,1007,Baby Vijaya,0
Pyasa Shaitan,1984.0,100.0,363,5.0,54.0,1115,983,Joginder Shelly,Madhu Malhotra
Pyasi Atma,1998.0,0.0,363,4.7,9.0,1754,682,Brahmachari,Mithun Chakraborty
Pyasi Chudail,1998.0,0.0,363,3.5,6.0,1262,1793,Radha Ravi,0
Pyasi Sham,1969.0,0.0,331,6.9,23.0,184,2263,Feroz Khan,Sharmila Tagore
Q,2017.0,96.0,336,6.0,29.0,2469,806,Ashwin Shukla,0
Qahar,1997.0,0.0,29,3.8,160.0,2108,2271,Sunil Shetty,Arman Kohli
Qaid,1975.0,130.0,331,5.7,15.0,407,2487,Leena Chandavarkar,Jayshree T.
Qaid Mein Hai Bulbul,1992.0,0.0,327,2.8,35.0,2237,1759,Bhagyashree,Sudha Chandran
Qaidi,1984.0,110.0,39,6.1,30.0,2346,390,Urmila Bhatt,Bharat Bhushan
Qarib Qarib Single,2017.0,125.0,208,7.1,7382.0,2879,854,Parvathy Thiruvothu,Neha Dhupia
Qasam Se Qasam Se,2012.0,145.0,409,4.0,18.0,354,698,Farhan,Satish Kaushik
Qatal E Aam,2005.0,0.0,1,2.9,7.0,2463,862,Laxmikant Berde,Mithun Chakraborty
Qatil,1988.0,135.0,224,6.0,25.0,374,80,Sangeeta Bijlani,Shakti Kapoor
Qatil Chudail,2001.0,96.0,363,5.2,5.0,1234,253,Jhony Nirmal,Amit Pachori
Qatil Haseeno Ka,2001.0,113.0,216,3.1,7.0,1162,358,Rana Jung Bahadur,Aparna Bera
Qatilon Ka Qatil,2004.0,0.0,1,4.2,6.0,600,578,0,0
Qatl,1986.0,141.0,408,7.0,202.0,1964,1981,Ranjeeta Kaur,Shatrughan Sinha
Qawwali Ki Raat,1964.0,0.0,376,6.1,8.0,747,1503,Mumtaz,Kamaljit Singh
Qayamat,1983.0,139.0,29,6.0,62.0,2020,632,Smita Patil,Jaya Prada
Qayamat Ki Raat,1990.0,0.0,363,4.6,10.0,799,1519,Goga Kapoor,Shakti Kapoor
Qayamat Se Qayamat Tak,1988.0,162.0,320,7.5,10497.0,1502,19,Juhi Chawla,Goga Kapoor
Qayamat: City Under Threat,2003.0,180.0,50,4.7,2202.0,921,109,Sunil Shetty,Sanjay Kapoor
Qila,1998.0,133.0,288,5.1,109.0,2935,658,Mukul Dev,Rekha
Queen,2013.0,146.0,94,8.2,61852.0,3031,998,Rajkummar Rao,Lisa Haydon
Queen of Sajjangarh,2021.0,0.0,363,5.9,20.0,1416,2406,Rajesh Dubeay,Abhijeet Ghadge
Queens! Destiny of Dance,2011.0,112.0,317,5.4,10.0,629,2025,Vineeth,0
Quick Gun Murugun: Misadventures of an Indian Cowboy,2009.0,97.0,20,5.8,802.0,2594,1697,Rambha,Anu Menon
Qurbani,1980.0,157.0,29,7.0,823.0,784,715,Vinod Khanna,Zeenat Aman
Qurbani Rang Layegi,1991.0,0.0,282,5.5,32.0,2020,1970,Poonam Dhillon,Padmini Kolhapure
Qurbaniyaan,2000.0,0.0,1,3.2,5.0,2865,1305,Raza Murad,Paintal
R... Rajkumar,2013.0,146.0,25,5.2,5552.0,1848,2043,Sonakshi Sinha,Sonu Sood
Ra.One,2011.0,156.0,14,4.7,39039.0,290,2039,Arjun Rampal,Kareena Kapoor
Raabta,2017.0,147.0,44,5.1,6311.0,731,609,Sushant Singh Rajput,Rajkummar Rao
Raadha Aur Seeta,1979.0,109.0,282,5.4,7.0,3009,1698,Madan Puri,Leela Mishra
Raag Desh,2017.0,135.0,45,8.1,376.0,2909,1108,Amit Sadh,Mohit Marwah
Raagini,1958.0,128.0,282,6.5,10.0,2142,377,Kishore Kumar,Padmini
Raahee,1987.0,0.0,29,5.5,15.0,2163,1981,Shatrughan Sinha,Smita Patil
Raahgir,2019.0,85.0,269,7.4,27.0,856,70,Tillotama Shome,Neeraj Kabi
Raaj Tilak,1984.0,0.0,39,5.9,120.0,2108,632,Hema Malini,Kamal Haasan
Raaja,1975.0,140.0,282,6.2,38.0,1161,1836,Sulakshana Pandit,Prem Chopra
Raakh,1989.0,153.0,29,7.5,1095.0,84,19,Supriya Pathak,Pankaj Kapur
Raakh: A Poem Masked in Blood,2007.0,113.0,29,3.6,77.0,901,1305,Sohail Khan,Aamir Ali
Raakhi Aur Rifle,1976.0,109.0,1,6.3,7.0,1982,576,Raman Khanna,Sona Mastan Mirza
Raampur Ka Lakshman,1972.0,138.0,282,6.3,66.0,1483,1764,Rekha,Shatrughan Sinha
Raanjhanaa,2013.0,140.0,327,7.6,30344.0,26,631,Sonam Kapoor,Mohd. Zeeshan Ayyub
Raasaiyya,1995.0,129.0,172,4.9,178.0,1230,1634,Prabhu Deva,Roja
Raaste Kaa Patthar,1972.0,133.0,327,5.7,85.0,1608,207,Shatrughan Sinha,Laxmi Chhaya
Raaste Pyar Ke,1982.0,0.0,282,4.3,14.0,2066,920,Rekha,Shabana Azmi
Raat,1992.0,127.0,363,7.1,1020.0,2147,1822,Rohini Hattangadi,Om Puri
Raat Akeli Hai,2020.0,149.0,224,7.3,15769.0,958,1429,Radhika Apte,Aditya Srivastav
Raat Aur Din,1967.0,135.0,408,7.6,74.0,2520,1401,Pradeep Kumar,Feroz Khan
Raat Baaki Hai,2021.0,100.0,336,5.2,332.0,415,1518,Anup Soni,Dipannita Sharma
"Raat Gayi, Baat Gayi?",2009.0,104.0,172,6.3,533.0,2525,18,Anil Chaudhary,Makrand Deshpande
Raat Ke Andhere Mein,1987.0,110.0,366,4.3,9.0,3057,899,Deepika Chikhalia,Dipika
Raat Ke Rahi,1959.0,0.0,29,6.7,15.0,1679,2059,Jabeen Jalil,Anwar Hussain
Raat Ki Baat,2000.0,0.0,216,3.6,7.0,253,1197,Sapna Sappu,Rajni Chandra
Raaton Ka Raja,1970.0,0.0,269,4.4,5.0,2081,680,Jeevan,Dheeraj Kumar
Raavan,1984.0,0.0,282,7.1,35.0,1122,2166,Vikram Makandar,Gulshan Arora
Raavan,2010.0,130.0,6,5.4,4245.0,1456,46,Aishwarya Rai Bachchan,Govinda
Raaz,1967.0,139.0,430,6.2,137.0,2235,1703,Babita Kapoor,I.S. Johar
Raaz,1981.0,132.0,237,5.2,20.0,919,1668,Sulakshana Pandit,Brahm Bhardwaj
Raaz,2002.0,151.0,310,6.5,3085.0,3035,666,Bipasha Basu,Malini Sharma
Raaz 3: The Third Dimension,2012.0,139.0,371,4.0,3528.0,3035,694,Bipasha Basu,Esha Gupta
Raaz Reboot,2016.0,128.0,367,4.4,1784.0,3035,694,Kriti Kharbanda,Suzanna Mukherjee
Raaz: The Mystery Continues,2009.0,151.0,367,5.6,3396.0,1582,998,Adhyayan Suman,Emraan Hashmi
Raazi,2018.0,138.0,52,7.8,26557.0,1529,160,Vicky Kaushal,Rajit Kapoor
Rab Ne Bana Di Jodi,2008.0,167.0,177,7.2,44985.0,85,2039,Anushka Sharma,Vinay Pathak
Rabba Main Kya Karoon,2013.0,116.0,208,4.3,277.0,220,133,Tahira Kochhar,Arshad Warsi
Race,2008.0,149.0,29,6.7,13516.0,39,1252,Saif Ali Khan,Akshaye Khanna
Race 2,2013.0,150.0,38,5.4,15574.0,39,1252,Saif Ali Khan,Anil Kapoor
Race 3,2018.0,160.0,38,1.9,42457.0,2245,251,Salman Khan,Bobby Deol
Rachna,1983.0,118.0,339,4.8,12.0,2503,251,Deepak Shankar,Jezebel
Racket,2018.0,122.0,269,7.3,17.0,2005,1658,Suman Jain,Vaishnavi Karmarkar
Radha Ka Sangam,1992.0,0.0,327,5.0,72.0,1299,43,Ragesh Asthana,Juhi Chawla
Radha Krishna,1954.0,120.0,350,7.9,7.0,2034,990,Ratan Kumar,Agha
Radhe,2021.0,135.0,38,1.8,162455.0,1848,1940,Disha Patani,Randeep Hooda
Radhe Shyam,1932.0,0.0,0,3.8,5.0,232,1868,Khurshid Begum,Sunita Devi
Radio: Love on Air,2009.0,110.0,320,2.9,304.0,1000,824,Shenaz Treasury,Sonal Sehgal
Raees,2017.0,143.0,29,6.8,41441.0,2001,1667,Shubham Chintamani,Shubham Tukaram
Raeeszada,1990.0,149.0,269,3.6,22.0,500,2187,Bharat Bhushan,Anil Dhawan
Rafoo Chakkar: Fun on the Run,2008.0,122.0,165,3.4,54.0,442,1416,Aslam Khan,Nisha Rawal
Rafta Rafta: The Speed,2006.0,0.0,29,4.0,6.0,2024,1944,Urmila Rao,Viraaj Kumar
Raftaar,1975.0,0.0,269,6.0,10.0,732,1751,Moushumi Chatterjee,Vinod Mehra
Raftaar - An Obsession,2009.0,0.0,427,5.9,7.0,2992,362,Vishal Kaushik,Tonisha Pawar
Raghav,2014.0,0.0,269,7.1,30.0,515,758,Basanta Bhatta,Cait Brasel
Raghu More: Bachelor of Hearts,2003.0,0.0,162,4.5,15.0,993,227,Sonika Kapoor,Mangala Kenkre
Raghu Rai: An Unframed Portrait,2017.0,55.0,241,6.4,73.0,413,403,Raghu Rai,0
Raghu Romeo,2003.0,100.0,164,6.9,651.0,2049,2444,Maria Goretti,Sadiya Siddiqui
Raghuveer,1995.0,151.0,39,4.3,86.0,1155,2267,Shilpa Shirodkar,Suresh Oberoi
Ragini MMS,2011.0,93.0,311,4.9,2489.0,1819,976,Rajkummar Rao,Rajat Kaul
Ragini MMS 2,2014.0,119.0,363,3.8,2740.0,517,2275,Saahil Prem,Parvin Dabas
Rahasya,2015.0,123.0,408,7.6,4599.0,1466,1040,Ashish Vidyarthi,Tisca Chopra
Rahenge Sadaa Gardish Mein Taare,2017.0,70.0,269,5.6,12.0,2388,1704,Sonali Kulkarni,Arif Zakaria
Rahgir,1969.0,120.0,409,6.8,12.0,2897,504,Sandhya Roy,Shashikala
Rahi,1953.0,139.0,269,7.0,28.0,1292,617,Nalini Jaywant,Balraj Sahni
Rahi Badal Gaye,1985.0,0.0,409,6.4,46.0,2226,1836,Shabana Azmi,Padmini Kolhapure
Rahu Ketu,1978.0,133.0,1,5.8,20.0,448,2083,Rekha,Prem Nath
Rahul,2001.0,151.0,269,5.4,249.0,1865,2032,Yash Gawli,Rajeshwari Sachdev
Raid,2018.0,122.0,29,7.4,15835.0,2015,109,Ileana D'Cruz,Amit Bimrot
Rail Ka Dibba,1953.0,0.0,269,8.0,36.0,1912,1166,Shammi Kapoor,Sajjan
Railway Children,2016.0,120.0,218,8.0,137.0,1921,2523,Syed Pervez,Ramachandra Hosur
Railway Platform,1955.0,162.0,180,7.2,24.0,2181,1385,Sheila Ramani,Johnny Walker
Railway Raju,2019.0,120.0,240,7.5,6.0,734,288,Monika Mishra,Lavanya Rao
Rain: The Terror Within...,2005.0,0.0,331,3.2,66.0,216,823,Meghna Naidu,Panne Chatterjee
Rainbow,2015.0,106.0,172,7.9,3652.0,1651,1090,Hetal Gada,Vipin Sharma
Raincoat,2004.0,117.0,327,7.6,4170.0,2265,109,Aishwarya Rai Bachchan,Annu Kapoor
Raj Hath,1956.0,136.0,110,6.2,16.0,2692,1166,Pradeep Kumar,Ulhas
Raj Mahal,1982.0,157.0,39,6.1,19.0,1156,2487,Neetu Singh,Asrani
Raj Tilak,1959.0,171.0,90,6.1,14.0,2348,746,Vyjayanthimala,Pran
Raja,1995.0,168.0,50,5.3,751.0,981,1972,Madhuri Dixit,Mukesh Khanna
Raja Abroadiya,2018.0,117.0,409,4.3,22.0,1364,1849,Vaishnavi Patwardhan,Alankrita Bora
Raja Aur Rana,1984.0,0.0,19,6.4,9.0,2617,16,Ajit,Chandrashekhar
Raja Aur Rangeeli,1996.0,0.0,208,8.4,74.0,1183,1189,Mohan Babu,0
Raja Aur Runk,1968.0,145.0,289,6.9,49.0,1312,1981,Ajit,Mukri
Raja Babu,1994.0,161.0,20,6.3,2654.0,630,768,Karisma Kapoor,Shakti Kapoor
Raja Bhai Lagey Raho...,2005.0,0.0,162,2.9,19.0,725,1802,Rajeev Awasthi,Chittaranjan Giri
Raja Bhaiya,2003.0,127.0,172,3.7,211.0,2163,1902,Rakesh Bedi,Kajal Chakraborty
Raja Harishchandra,1952.0,146.0,360,6.0,7.0,2162,1600,Sumitra Devi,Bipin Gupta
Raja Harishchandrra,1979.0,0.0,161,9.0,8.0,365,374,Neera,Bela Bose
Raja Hindustani,1996.0,165.0,20,6.2,7195.0,694,19,Karisma Kapoor,Suresh Oberoi
Raja Jani,1972.0,0.0,50,6.6,195.0,1568,632,Hema Malini,Prem Nath
Raja Kaka,1974.0,0.0,39,5.1,10.0,604,1056,Vidya Sinha,Roopesh Kumar
Raja Kali Amman,2000.0,0.0,301,4.0,27.0,2166,589,Karan,Kousalya
Raja Ki Ayegi Baraat,1997.0,158.0,327,3.7,373.0,374,2033,Rani Mukerji,Gulshan Grover
Raja Ko Rani Se Pyar Ho Gaya,2000.0,148.0,204,3.4,78.0,2060,356,Manisha Koirala,Dilip Dhawan
Raja Kumarudu,1999.0,0.0,180,6.7,1873.0,1157,1172,Preity Zinta,Prakash Raj
Raja Natwarlal,2014.0,141.0,240,6.1,4038.0,1351,694,Humaima Malik,Paresh Rawal
Raja Rani,1973.0,0.0,347,6.7,98.0,2364,1703,Sharmila Tagore,David Abraham
Raja Rani Ko Chahiye Pasina,1978.0,0.0,282,6.3,6.0,2771,2145,Durga,Jasraj
Raja Saab,1969.0,144.0,409,6.3,37.0,2820,2083,Nanda,Kamal Kapoor
Raja Simham,1995.0,0.0,0,4.3,7.0,1157,1685,Ramya Krishnan,Soundarya
Rajaji,1999.0,150.0,208,4.6,344.0,3042,768,Raveena Tandon,Satish Kaushik
Rajdhani Express,2013.0,140.0,52,2.9,257.0,380,932,Ishrat Ali,Nishant Balgovind
Rajjo,2013.0,123.0,327,2.3,436.0,3085,998,Prakash Raj,Mahesh Manjrekar
Rajkumar,1996.0,146.0,285,4.5,277.0,1786,1406,Anil Kapoor,Madhuri Dixit
Rajkumar,1964.0,178.0,384,7.0,164.0,1161,2059,Sadhana,Pran
Rajma Chawal,2018.0,117.0,173,5.8,1698.0,1380,225,Rishi Kapoor,Sheeba Chaddha
Rajneeti,2010.0,163.0,227,7.1,16737.0,1865,1761,Ajay Devgn,Nana Patekar
Rajnigandha,1974.0,110.0,327,7.3,670.0,476,2437,Amol Palekar,Dinesh Thakur
Rajoo Dada,1992.0,125.0,1,3.3,6.0,615,1305,Chandrashekhar,Mohan Choti
Rajput,1982.0,0.0,50,6.5,150.0,3003,1703,Dharmendra,Hema Malini
Rajput,1951.0,120.0,39,6.4,10.0,1382,1510,Suraiya,Kuldip Kaur
Rajput Ramani,1936.0,138.0,90,3.1,10.0,1275,1386,Nanasaheb Phatak,Shanta Apte
Raju Ban Gaya Gentleman,1992.0,152.0,382,6.8,7351.0,428,2039,Juhi Chawla,Nana Patekar
Raju Chacha,2000.0,163.0,20,5.1,1878.0,252,978,Ajay Devgn,Rishi Kapoor
Rajula,2013.0,0.0,269,6.8,14.0,1734,250,Vishnu Gurung,Ashima Pandey
Rakhi,1962.0,133.0,282,6.5,41.0,1,377,Waheeda Rehman,Pradeep Kumar
Rakhi Aur Hathkadi,1972.0,90.0,43,6.6,22.0,2334,377,Asha Parekh,Vijay Arora
Rakht,2004.0,162.0,373,3.7,608.0,1429,1970,Sunil Shetty,Bipasha Basu
Rakhta Charitra,2010.0,125.0,16,7.6,4066.0,2147,2508,Shatrughan Sinha,Sudeep
Rakhta Charitra 2,2010.0,135.0,16,6.5,2645.0,2147,2085,Vivek Oberoi,Suriya
Rakhtbeej,2012.0,120.0,427,3.1,15.0,249,953,Tinnu Anand,Mansi Dovhal
Rakhwala,1971.0,0.0,72,5.9,38.0,93,632,Leena Chandavarkar,Vinod Khanna
Rakhwala,1989.0,0.0,269,4.9,82.0,1153,251,Farha Naaz,Shabana Azmi
Rakhwale,1994.0,135.0,1,2.9,20.0,2750,1350,Aatish Devgan,Harsha Mehra
Rakkhosh,2019.0,128.0,363,4.7,162.0,49,2222,Sanjay Mishra,Priyanka Bose
Raksha,1981.0,127.0,39,5.8,21.0,2231,920,Parveen Babi,Moushumi Chatterjee
Rakshaa Bandhan,1977.0,90.0,269,7.6,5.0,2582,882,Pallavi Joshi,Lalita Pawar
Rakshak,1996.0,164.0,84,4.7,296.0,377,2267,Karisma Kapoor,Sonali Bendre
Rakta Bandhan,1984.0,126.0,19,5.3,14.0,2052,1787,Birbal,Mithun Chakraborty
Raktanadir Dhara,1994.0,0.0,376,6.9,12.0,2156,2206,Chiranjit,Nirmal Kumar
Raktdhar,2017.0,111.0,269,6.5,12.0,138,931,Shakti Kapoor,Shahbaaz Khan
Ram Aur Shyam,1967.0,171.0,173,7.4,862.0,2887,658,Waheeda Rehman,Mumtaz
Ram Aur Shyam,1996.0,0.0,29,4.1,18.0,2123,1955,Manek Bedi,Divya Dutta
Ram Balram,1980.0,169.0,20,6.3,475.0,3003,632,Amitabh Bachchan,Zeenat Aman
Ram Bhakta Hanuman,1948.0,0.0,8,7.2,9.0,956,2364,Sona Chatterjee,Amarnath
Ram Bharose,1977.0,130.0,162,6.7,18.0,233,1764,Rekha,Amjad Khan
Ram Gopal Varma Ki Aag,2007.0,171.0,4,1.7,6655.0,2147,207,Mohanlal,Ajay Devgn
Ram Jaane: God Knows,1995.0,122.0,29,5.4,3714.0,2102,2039,Juhi Chawla,Vivek Mushran
Ram Kasam,1978.0,0.0,1,5.4,7.0,566,2263,Rekha,Bindiya Goswami
Ram Ke Naam,1992.0,90.0,241,8.9,624.0,231,0,0,0
Ram Ki Ganga,1984.0,0.0,269,5.7,6.0,2587,2452,Neeta Mehta,Om Prakash
Ram Ki Janmabhoomi,2019.0,122.0,269,6.6,92.0,2484,1983,Muntazir Ahmad,Manveer Choudhary
Ram Lakhan,1989.0,174.0,20,6.8,2406.0,2731,1736,Jackie Shroff,Anil Kapoor
Ram Lila,1961.0,0.0,269,6.0,28.0,579,1257,Abhi Bhattacharya,Moni Chatterjee
Ram Raaj,2008.0,0.0,1,5.7,168.0,1311,1379,Mohan Babu,0
Ram Rajya,1943.0,144.0,285,7.2,20.0,3005,1600,Shobhna Samarth,Umakant
Ram Ratan,2017.0,112.0,409,3.7,61.0,864,1835,Daisy Shah,Mahesh Thakur
Ram Shastra,1995.0,0.0,39,4.1,78.0,2451,871,Manisha Koirala,Deepti Bhatnagar
Ram Singh Charlie,2020.0,104.0,269,8.0,1272.0,1730,1104,Divya Dutta,Salima Raza
Ram Tera Desh,1984.0,140.0,269,5.8,13.0,2858,810,Ashok Kumar,Vijayendra Ghatge
Ram Tere Kitne Nam,1985.0,157.0,269,6.0,58.0,1757,1981,Rekha,Prem Chopra
Ram Teri Ganga Maili,1985.0,178.0,320,6.7,962.0,2011,1715,Mandakini,Divya Rana
Rama O Rama,1988.0,0.0,50,5.4,18.0,889,1179,Shahrukh Mirza,Raj Babbar
Rama Rama Kya Hai Dramaaa,2008.0,180.0,180,3.9,259.0,583,1446,Amrita Arora,Anupam Kher
Ramaa: The Saviour,2010.0,120.0,6,3.4,147.0,893,1919,Tanushree Dutta,Meghan Jadhav
Ramad,2017.0,142.0,336,7.5,38.0,2572,2212,Abhinav Goyal,Raphael Jose
Ramaiya Vastavaiya,2013.0,148.0,50,5.7,3531.0,1848,2127,Girish Taurani,Randhir Kapoor
Ram-Avtar,1988.0,170.0,50,4.5,201.0,2798,2271,Anil Kapoor,Sridevi
Ramayana: The Epic,2010.0,98.0,136,5.9,456.0,593,1225,Juhi Chawla,Ashutosh Rana
Ramgarh Ke Sholay,1991.0,123.0,19,4.7,59.0,133,1067,Dinesh Hingoo,Amjad Khan
Ramji Londonwaley,2005.0,154.0,173,6.7,1058.0,2447,1159,Samita Bangargi,Harsh Chhaya
Ramkali,1985.0,141.0,1,5.4,12.0,2665,810,Shatrughan Sinha,Nirupa Roy
Ramkhind. A Warli Village,2001.0,78.0,241,5.9,28.0,196,0,0,0
RamLeela,2013.0,150.0,320,6.4,19114.0,2458,1778,Deepika Padukone,Supriya Pathak
Ramnagri,1982.0,0.0,269,6.2,9.0,1235,2245,Suhasini Mulay,Ram Nagarkar
Ram-Path,2017.0,0.0,241,9.4,5.0,364,860,0,0
Ramprasad Ki Tehrvi,2019.0,115.0,172,7.6,3574.0,2529,1232,Deepika Amin,Ninad Kamat
Rampur Ka Raja,1993.0,0.0,1,5.1,13.0,848,435,Divya Bharti,Brahmanandam
Ramshastri,1944.0,122.0,269,6.8,10.0,3079,724,Raja Nene,Gajanan Jagirdar
Ramta Jogi,2015.0,139.0,409,6.9,71.0,866,1653,Zafar Dhillon,Anil Grover
Ramu Dada,1961.0,0.0,269,4.8,5.0,444,2091,Jaymala Adarsh,Salim Khan
Ramudochhadu,1996.0,125.0,20,6.1,77.0,1310,1083,Suhasini,Satyanarayana Kaikala
Ramwati,1991.0,0.0,1,2.9,7.0,3107,501,Avtar Gill,Firoz Irani
Ranbanka,2015.0,98.0,1,3.6,119.0,352,1212,Ravi Kishan,Pooja Thakur
Ranbhoomi,1991.0,0.0,39,4.2,29.0,657,920,Dimple Kapadia,Shatrughan Sinha
Ranchi Diaries,2017.0,93.0,427,7.3,81.0,2515,2210,Pradeep Singh,Anupam Kher
Rang,1993.0,150.0,327,4.8,187.0,2876,920,Amrita Singh,Kamal Sadanah
Rang Birangi,1983.0,180.0,162,7.1,520.0,963,214,Parveen Babi,Farooq Shaikh
Rang De Basanti,2006.0,167.0,165,8.1,114446.0,2141,19,Soha Ali Khan,Siddharth
Ranga,1982.0,133.0,39,6.2,100.0,1958,1712,Radhika Sarathkumar,S.A. Ashokan
Ranga Khush,1975.0,0.0,29,3.1,12.0,1115,536,Bharat Bhushan,Chandrashekhar
Ranga Mera Naam,1991.0,0.0,1,5.8,8.0,1157,1379,Mohan Babu,Vijayshanti
Rangbaaz,1996.0,0.0,1,5.9,45.0,1234,862,Arjun,Mithun Chakraborty
Rangdari,2012.0,0.0,1,6.6,9.0,414,409,Abhimanyu Mishra,Gaurav Chopra
Rangeela,1995.0,142.0,178,7.5,9370.0,2147,2390,Aamir Khan,Jackie Shroff
Rangeela Raja,1996.0,0.0,1,5.6,10.0,1157,1379,Mahesh Anand,Ramya Krishnan
Rangeela Raja,2019.0,162.0,162,2.3,215.0,2677,768,Mishika Chourasia,Karan Aanand
Rangeelay,2013.0,129.0,20,5.0,176.0,1684,932,Neha Dhupia,Binnu Dhillon
Rangilla Ratan,1976.0,0.0,1,6.0,33.0,2315,1836,Parveen Babi,Ashok Kumar
Rangin Raaten,1956.0,0.0,409,7.2,20.0,1293,2059,Mala Sinha,Geeta Bali
Rangoon,2017.0,170.0,45,5.6,3903.0,3070,998,Shahid Kapoor,Saif Ali Khan
Rangrezz,2013.0,144.0,39,5.1,426.0,1925,872,Priya Anand,Rajpal Yadav
Rani Aur Lalpari,1975.0,135.0,285,6.7,42.0,2231,437,Reena Roy,Abbas Ali
Rani Aur Maharani,1993.0,0.0,84,4.1,9.0,1234,862,Sadashiv Amrapurkar,Damini
Rani Hindustani,1995.0,0.0,216,3.4,8.0,263,862,Rana Jung Bahadur,Poonam Dasgupta
Rani Mera Naam,1972.0,0.0,1,5.1,15.0,1189,2451,Ajit,Madan Puri
Rani Rupmati,1959.0,148.0,2,5.8,24.0,2337,464,Nalini Chonkar,Ulhas
Ranj,2019.0,80.0,269,7.2,9.0,2813,1725,Madhu Sagar,Kriti Sharma
Rann,2010.0,137.0,326,6.9,2476.0,2147,207,Riteish Deshmukh,Gul Panag
Ranna,2015.0,152.0,20,6.2,616.0,1661,2231,Prakash Raj,Avinash
Ranviir the Marshal,2015.0,132.0,52,7.7,7.0,1549,1840,Rati Agnihotri,Ramnita Chaudhry
Rao Saheb,1986.0,123.0,172,5.7,7.0,3027,352,Chandrakant Gokhale,Vasant Ingle
Raqeeb,2007.0,124.0,224,4.2,283.0,302,1656,Sharman Joshi,Tanushree Dutta
Raqt,2013.0,180.0,368,4.3,6.0,82,2104,Shweta Bhardwaj,Gulshan Grover
Rasa Yatra,2012.0,50.0,261,7.6,50.0,1796,0,0,0
Rasan Piya,2015.0,80.0,248,8.5,13.0,1710,0,0,0
Rascals,2011.0,128.0,19,2.9,2682.0,630,109,Sanjay Dutt,Kangana Ranaut
Rashtraputra,2018.0,122.0,17,5.7,23.0,1527,1284,Rakesh Bedi,Abhay Bhargava
Ratan,1944.0,118.0,396,7.2,30.0,1392,2308,Karan Dewan,Amir Banu
Ratnadeep,1951.0,0.0,327,6.6,10.0,637,37,Chhayadevi,Manju Dey
Ratnadeep,1979.0,0.0,282,7.1,19.0,476,810,Girish Karnad,Dheeraj Kumar
Raton Ki Rani (The Night Queen),2004.0,116.0,363,3.5,6.0,1234,1986,Vinod Tripathi,Amit Pachori
Ravan Raaj: A True Story,1995.0,153.0,38,5.9,112.0,2161,862,Mithun Chakraborty,Jack Gaud
Ravoyi Chandamama,1999.0,0.0,327,4.8,189.0,1074,1379,Anjala Zaveri,Aishwarya Rai Bachchan
Razia Sultana,1961.0,0.0,409,6.5,16.0,681,1464,Paidi Jairaj,Nisar Ahmad Ansari
Ready,2011.0,145.0,25,4.8,16937.0,245,1940,Asin Thottumkal,Paresh Rawal
Reason,2018.0,261.0,241,9.1,125.0,231,0,0,0
Rebellious Flower,2016.0,110.0,151,6.8,241.0,1321,1608,Shashank Singh,Mantra Mugdh
Red Alert: The War Within,2009.0,120.0,52,6.4,339.0,240,2267,Sameera Reddy,Ashish Vidyarthi
Red Ant Dream,2013.0,120.0,241,7.2,23.0,2454,0,0,0
Red Rose,1980.0,125.0,239,6.3,167.0,503,1703,Poonam Dhillon,Aruna Irani
Red Swastik,2007.0,131.0,227,2.8,219.0,3056,2095,Harsh Chhaya,Deepshikha Nagpal
Red: The Dark Side,2007.0,148.0,331,3.3,306.0,3035,87,Celina Jaitly,Amrita Arora
Rediscovering India,2017.0,124.0,241,9.0,62.0,1524,455,Benny John,Meenal Dixit
Redrum,2018.0,101.0,427,3.9,28.0,704,2211,Vibhav Roy,Saeeda Imtiaz
Refl3ct,2021.0,65.0,424,9.3,467.0,1713,2442,Vijay Mahar,Nikhil Mahar
Refugee,2000.0,207.0,320,5.4,1881.0,1018,871,Sunil Shetty,Abhishek Bachchan
Regards & Peace,2020.0,89.0,427,5.5,27.0,2443,1586,Flora Saini,Sadhana Singh
Rehguzar,2006.0,125.0,269,5.9,45.0,778,932,Saloni Aswani,Rakesh Bedi
Rehnaa Hai Terre Dil Mein,2001.0,160.0,396,7.6,7713.0,826,1159,Saif Ali Khan,Dia Mirza
Relax,2005.0,131.0,427,3.2,8.0,1852,1852,Daisy Bopanna,Ali
Religion,2007.0,105.0,303,8.0,1031.0,508,1515,Supriya Pathak,Pankaj Tripathi
Remember Amnesia,2019.0,88.0,162,7.7,29.0,2215,1140,Tovah Feldshuh,Curtiss Cook
Reporter Raju,1962.0,138.0,29,5.2,11.0,750,715,Chitra,Jeevan Kala
Rescue,2019.0,80.0,269,4.5,18.0,1690,1662,Sreejita De,Ishita Ganguly
Resham Ki Dori,1974.0,139.0,282,7.0,49.0,407,1927,Dharmendra,Kumud Chuggani
Reshma Aur Shera,1971.0,158.0,320,6.8,204.0,2797,2511,Sunil Dutt,Rakhee Gulzar
Reshma Aur Sultaan,2002.0,82.0,1,4.9,10.0,2311,811,Dharmendra,Shakti Kapoor
Reshma Ki Jawani,1990.0,0.0,427,6.3,15.0,2907,41,Bindu Ghosh,Silk Smitha
Reshmi Rumal,1961.0,0.0,409,4.9,8.0,926,1231,Shakila,Kamal Kapoor
Return of Hanuman,2007.0,110.0,129,7.2,693.0,300,1676,Malak Shah,0
Return of Jewel Thief,1996.0,159.0,240,4.6,110.0,386,377,Dev Anand,Dharmendra
Return of Mr. Superman,1960.0,0.0,5,3.9,15.0,1485,1510,Sheila Ramani,Naazi
Return of Robin Hood,1988.0,80.0,269,7.0,27.0,2886,247,Utpal Dutt,Rabi Ghosh
Return to Rajapur,2006.0,0.0,327,6.0,151.0,1660,1149,Kelli Garner,Justin Theroux
Reva,2018.0,159.0,269,8.4,692.0,1998,2484,Bhairavi Athavle,Abhinay Banker
Revati,2005.0,145.0,269,5.1,34.0,776,1033,Shreyas Talpade,Ayub Khan
Revenge of the Tigress,2001.0,105.0,1,8.5,15.0,1234,1986,Amit Pachori,Junior Johnny Lever
Revolver Rani,2014.0,132.0,19,4.5,1678.0,2384,998,Vir Das,Zakir Hussain
Rhythm,2016.0,0.0,396,3.7,10.0,3090,64,Rinil Routh,Salman Ahmad
Ribbon,2017.0,106.0,282,6.9,604.0,1980,980,Sumeet Vyas,Pathy Aiyar
Rickshawala,1973.0,0.0,409,5.7,12.0,1161,1182,Randhir Kapoor,Neetu Singh
Ricky,1986.0,0.0,282,5.4,8.0,387,914,Parveen Babi,Rakesh Bedi
Right Yaaa Wrong,2010.0,135.0,224,6.4,895.0,1698,2271,Irrfan Khan,Isha Koppikar
Rihaee,1988.0,158.0,269,6.7,75.0,345,2487,Hema Malini,Naseeruddin Shah
Rikki-Tikki-Tavi,1979.0,78.0,339,7.6,527.0,1658,151,Margarita Terekhova,Aleksey Batalov
Rise of the Zombie,2013.0,86.0,313,3.5,404.0,1388,622,Luke Kenny,Kirti Kulhari
Rishta Kagaz Ka,1983.0,0.0,317,6.3,22.0,114,1491,Raj Babbar,Rati Agnihotri
Rishte Naahte,1965.0,158.0,282,6.5,13.0,1182,1636,Jamuna,Nutan
Rishtey,2002.0,164.0,39,4.6,921.0,981,251,Karisma Kapoor,Shilpa Shetty Kundra
Risk,2007.0,155.0,29,6.6,559.0,3080,2487,Randeep Hooda,Tanushree Dutta
Risknamaa,2019.0,123.0,427,7.0,20.0,32,727,Anupama,Parveen Bansala
Ritu,2014.0,129.0,327,6.8,25.0,1489,1669,Malina Joshi,Reema Bishwokarma
Rivaaj,1972.0,117.0,269,6.7,11.0,2863,1182,Sanjeev Kumar,Shatrughan Sinha
Riwayat,2012.0,122.0,219,4.6,9.0,3017,1935,Samapika Debnath,Saurabh Dubey
Riyasat,2014.0,80.0,216,6.4,44.0,386,1703,Aryeman Ramsay,Raza Murad
RK/RKAY,2021.0,95.0,269,8.7,12.0,2049,1689,Mallika Sherawat,Ranvir Shorey
Road,2002.0,134.0,427,5.6,1197.0,2051,1225,Vivek Oberoi,Antara Mali
Road to Ladakh,2003.0,50.0,269,6.1,268.0,393,593,Rimpoche Dorje,Thuptan Gelek
Road to Sangam,2009.0,135.0,336,7.4,764.0,202,1523,Om Puri,Pawan Malhotra
"Road, Movie",2009.0,95.0,93,6.8,1660.0,672,35,Satish Kaushik,Tannishtha Chatterjee
Roadside Romeo,2008.0,93.0,134,5.2,1353.0,1132,1926,Kareena Kapoor,Javed Jaffrey
Roam Rome Mein,2019.0,107.0,269,7.8,50.0,2877,1429,Tannishtha Chatterjee,Valentina Corti
Roar: Tigers of the Sundarbans,2014.0,123.0,14,5.6,702.0,1218,11,Ahran Chaudhary,Pranay Dixit
Rock Dancer,1995.0,168.0,223,4.2,45.0,2949,987,Ritu Shivpuri,Ronit Roy
Rock on 2,2016.0,143.0,314,5.0,2006.0,2660,704,Shraddha Kapoor,Arjun Rampal
Rock On!!,2008.0,145.0,314,7.7,21178.0,67,332,Farhan Akhtar,Luke Kenny
Rocket Singh: Salesman of the Year,2009.0,150.0,172,7.5,19343.0,2621,1761,Prem Chopra,Mukesh S. Bhatt
Rockford,1999.0,102.0,172,7.4,1352.0,1651,1853,Jayant Kripalani,Nandita Das
Rockstar,2011.0,159.0,316,7.7,40835.0,974,1761,Nargis Fakhri,Shammi Kapoor
Rocky,1981.0,151.0,77,6.9,593.0,2797,1970,Reena Roy,Tina Ambani
Rocky,2006.0,125.0,50,3.9,317.0,2830,2548,Isha Sharvani,Minissha Lamba
Rocky Handsome,2016.0,119.0,29,6.8,7647.0,1723,938,Nishikant Kamat,Sharad Kelkar
Rog,2005.0,115.0,405,5.2,484.0,948,854,Ilene Hamann,Himanshu Malik
Rok Sako To Rok Lo,2004.0,0.0,122,4.3,1840.0,320,2271,Yash Pandit,Manjari Fadnnis
Rokkk,2010.0,180.0,311,4.2,125.0,2087,2334,Udita Goswami,Shaad Randhawa
Rolling in Money,1988.0,139.0,162,6.9,365.0,1269,1406,Poonam Dhillon,Mandakini
Romance,1983.0,0.0,409,6.2,36.0,2165,2059,Kumar Gaurav,Poonam Dhillon
Romeo Akbar Walter,2019.0,141.0,52,6.6,5120.0,2268,938,Jackie Shroff,Mouni Roy
Romeo N Bullet,2017.0,116.0,269,4.2,5.0,89,2453,RajKumar,0
Roohani Taaqat,1991.0,119.0,363,3.9,28.0,1561,2038,Ratan Aulakh,Rana Jung Bahadur
Roohi,2021.0,134.0,192,4.3,6422.0,904,1719,Varun Sharma,Janhvi Kapoor
Roohi,1981.0,135.0,50,2.6,7.0,2350,2547,Mazhar Khan,Asif Akbar
Room: The Mystery,2015.0,90.0,427,3.5,31.0,765,391,Ibra Khan,Roselyn Dsouza
Roop Ki Rani Choron Ka Raja,1961.0,0.0,409,6.8,34.0,920,617,Waheeda Rehman,Hiralal
Roop Ki Rani Choron Ka Raja,1993.0,190.0,48,4.9,864.0,2509,251,Sridevi,Anupam Kher
Roop Tera Mastana,1972.0,0.0,422,6.4,31.0,1286,920,Mumtaz,I.S. Johar
Rootha Na Karo,1970.0,125.0,278,6.1,21.0,2788,2083,Nanda,Kumari Naaz
Roshni,2018.0,45.0,259,6.2,186.0,282,1434,Roshni,Vandana Shiva
Roti,1974.0,120.0,331,6.8,461.0,1483,1703,Mumtaz,Nirupa Roy
Roti,1942.0,153.0,269,6.3,30.0,1530,531,Sheikh Mukhtar,Sitara Devi
Roti Kapada Aur Makaan,1974.0,159.0,48,6.9,739.0,1494,1231,Shashi Kapoor,Zeenat Aman
Roti Kee Keemat,1990.0,130.0,29,5.8,30.0,2173,2180,Sadashiv Amrapurkar,Rana Jung Bahadur
Rough Book,2016.0,100.0,269,6.8,193.0,240,2331,Mukesh Hariawala,Amaan f Khan
Rowdy Cheetah,2001.0,0.0,1,6.9,17.0,1331,1172,Sonali Bendre,Prakash Raj
Rowdy Inspector,1992.0,143.0,39,6.0,115.0,848,1392,Annapoorna,Brahmanandam
Rowdy Rathore,2012.0,140.0,19,5.7,21097.0,1848,146,Sonakshi Sinha,Nassar
Roy,2015.0,146.0,49,3.3,7240.0,3041,332,Jacqueline Fernandez,Ranbir Kapoor
Ru-Ba-Ru,2008.0,120.0,331,5.5,251.0,323,1762,Shahana Goswami,Rati Agnihotri
Rudaali,1993.0,128.0,269,7.2,489.0,1206,1736,Dimple Kapadia,Raj Babbar
Rudraksh,2004.0,143.0,64,2.7,1157.0,1457,1970,Bipasha Basu,Sunil Shetty
Rudranetra,1989.0,126.0,38,6.5,71.0,1157,551,Brahmanandam,Nuthan Prasad
Rui Ka Bojh,1997.0,117.0,269,7.7,215.0,2730,1515,Reema Lagoo,Raghuvir Yadav
Rukh,2017.0,106.0,323,6.4,596.0,404,1225,Smita Tambe,Adarsh Gourav
Rukhsat,1988.0,0.0,409,7.2,46.0,2679,1305,Simi Garewal,Marc Zuber
Rukmavati Ki Haveli,1991.0,0.0,269,6.3,20.0,862,839,Uttara Baokar,Jyoti Subash Chandra
Rules: Pyaar Ka Superhit Formula,2003.0,0.0,208,6.4,313.0,1808,2333,Milind Soman,Meera Vasudevan
Run,2004.0,137.0,20,4.8,1292.0,1090,46,Bhoomika Chawla,Mahesh Manjrekar
Run Bhola Run,2013.0,0.0,162,6.2,6.0,1701,1653,Govinda,Celina Jaitly
Run Bhuumi - Champs Don't Cry,2015.0,107.0,339,5.7,7.0,1889,818,Mansoob Haider,Hema Singh
Run Zindagi Run,2020.0,152.0,38,7.5,8.0,727,1474,Nidhi Shrivastava,Lokesh Gorker
Rungoli,1962.0,136.0,386,6.5,13.0,184,1068,Vyjayanthimala,Jeevan
Running Shaadi,2017.0,114.0,208,6.6,2440.0,204,339,Taapsee Pannu,Richa Meena
Runway: Love Among Gun Shots...,2009.0,102.0,29,4.0,23.0,1860,2270,Amarjeet,Tulip Joshi
Rupa's Boutique,2017.0,52.0,241,7.7,7.0,845,0,0,0
Rupaye Dus Karod,1991.0,149.0,52,5.4,25.0,2677,1703,Chunky Panday,Amrita Singh
Rush,2012.0,110.0,240,3.7,837.0,2567,694,Sagarika Ghatge,Neha Dhupia
Rustom,1982.0,139.0,269,6.3,23.0,625,576,Tanuja,Sohrab Modi
Rustom,2016.0,148.0,227,7.1,24285.0,693,1225,Akshay Kumar,Sharad Kelkar
Rustom Kaun,1966.0,131.0,2,6.2,8.0,689,1763,Malika,Tiger Joginder
Rustom Sohrab,1967.0,144.0,6,6.2,23.0,3079,1613,Suraiya,Prem Nath
Rustom-E-Baghdad,1963.0,0.0,2,5.8,6.0,443,576,Chandrashekhar,Vijaya Choudhury
Rustom-E-Hind,1965.0,135.0,0,6.8,12.0,1270,1358,Dara Singh,Bihari
Rustom-E-Rome,1964.0,106.0,6,6.4,5.0,1982,576,Azaad Irani,Vijaya Choudhury
S. P. Parasuram,1994.0,140.0,39,5.7,98.0,2223,551,Sridevi,Harish
S.P. Chauhan,2019.0,136.0,269,5.4,348.0,1493,932,Yuvika Chaudhary,Yashpal Sharma
S.R.K.,2009.0,0.0,162,7.2,21.0,142,1230,Vinay Pathak,Dilip Prabhavalkar
Saagar,1985.0,186.0,327,7.1,919.0,2182,1836,Kamal Haasan,Dimple Kapadia
Saaheb,1985.0,150.0,269,7.2,474.0,255,1736,Anil Kapoor,Amrita Singh
Saajan,1991.0,181.0,320,7.2,6267.0,1374,1970,Madhuri Dixit,Salman Khan
Saajan Bina Suhagan,1978.0,121.0,219,6.4,42.0,2357,1491,Vinod Mehra,Shreeram Lagoo
Saajan Chale Sasural,1996.0,134.0,172,6.0,1344.0,630,768,Karisma Kapoor,Tabu
Saajan Ka Ghar,1994.0,153.0,269,4.9,134.0,2823,1836,Juhi Chawla,Deepak Tijori
Saajan Ki Baahon Mein,1995.0,0.0,291,4.1,76.0,1083,1836,Raveena Tandon,Sumeet Saigal
Saajan Ki Saheli,1981.0,0.0,342,5.7,46.0,2357,1491,Rajendra Kumar,Rekha
Saajan Mere Main Saajan Ki,1980.0,0.0,327,5.9,7.0,951,1668,Kaajal Kiran,Raj Kiran
Saala Khadoos,2016.0,109.0,51,7.6,11638.0,2746,1159,Nassar,Radha Ravi
Saamri,2000.0,0.0,363,3.8,5.0,805,955,Sohail Khan,Jyoti Rana
Saanch Ko Aanch Nahin,1979.0,138.0,282,6.3,13.0,2520,345,Madhu Kapoor,Sunder
Saand Ki Aankh,2019.0,146.0,151,7.7,4210.0,2921,2318,Bhumi Pednekar,Prakash Jha
Saanjh,2017.0,109.0,282,8.2,173.0,116,387,Tanu Bhardwaj,Aditi Charak
Saanncha,2008.0,110.0,269,5.8,12.0,178,2235,Amin Gazi,Archanna Guptaa
Saansein: The Last Breath,2016.0,101.0,369,3.1,143.0,2104,2190,Aamir Dalvi,Rajniesh Duggall
Saaransh,1984.0,137.0,269,8.2,1781.0,1423,1856,Anupam Kher,Soni Razdan
Saare Jahaan Se Mehnga...,2013.0,120.0,172,7.1,1126.0,283,281,V.M. Badola,Rampal Barsewal
Saari Raat,2015.0,83.0,269,5.6,23.0,308,1844,Anjan Dutt,Konkona Sen Sharma
Saas Bahu Aur Sensex,2008.0,0.0,172,5.1,94.0,2642,1059,Farooq Shaikh,Ankur Khanna
Saas Bhi Kabhi Bahu Thi,1970.0,0.0,172,6.5,26.0,2948,1973,Leena Chandavarkar,Jagdeep
Saat Hindustani,1969.0,144.0,6,6.5,197.0,1292,2396,Jalal Agha,Anwar Ali
Saat Rang Ke Sapne,1998.0,171.0,327,5.9,96.0,1925,356,Juhi Chawla,Farida Jalal
Saat Saheliyan,2010.0,0.0,20,3.2,12.0,2109,1767,Rinku Ghosh,Pakhi Hegde
Saat Uchakkey,2016.0,139.0,162,5.7,760.0,2474,1225,Vijay Raaz,Aditi Sharma
Saath Saath,1982.0,117.0,269,7.1,264.0,2163,613,Farooq Shaikh,Satish Shah
Saathi,1968.0,156.0,327,7.2,73.0,562,2510,Rajendra Kumar,Simi Garewal
Saathi,1991.0,175.0,29,6.2,183.0,1423,80,Mohsin Khan,Varsha Usgaonkar
Saathiya,2002.0,138.0,291,6.8,6734.0,2539,2508,Rani Mukerji,Shah Rukh Khan
Saatwan Aasman,1992.0,130.0,269,5.1,75.0,1423,2507,Pooja Bhatt,Avtar Gill
Saavi: A Bonded Bride,2015.0,150.0,269,6.7,9.0,2060,890,Manni Boparai,Daljinder Basran
Saawan... The Love Season,2006.0,123.0,299,2.8,1177.0,2357,1940,Saloni Aswani,Kapil Jhaveri
Saawariya,2007.0,142.0,320,5.2,7445.0,2458,1761,Sonam Kapoor,Salman Khan
Saaya,1989.0,180.0,363,5.1,15.0,1277,2085,Poonam Dhillon,Danny Denzongpa
Saaya,2003.0,135.0,298,5.8,913.0,298,938,Tara Sharma,Mahima Chaudhry
Saaz Aur Awaaz,1966.0,135.0,324,5.1,11.0,2737,946,Saira Banu,Mumtaz Begum
Saazish,1988.0,0.0,1,5.0,44.0,2108,1636,Mithun Chakraborty,Dimple Kapadia
Saazish,1975.0,132.0,38,5.7,43.0,1204,1927,Dharmendra,Dev Kumar
Saazish,1998.0,140.0,269,4.8,19.0,2756,862,Pooja Batra,Vikas Bhalla
Sab Kuch Hai Kuch Bhi Nahin,2005.0,0.0,269,4.9,9.0,51,516,Vikram Gokhale,Puja Gupta
Sab Kushal Mangal,2020.0,132.0,409,4.4,215.0,1254,149,Priyaank Sharma,Riva Kishan
Sabki Bajegi Band,2015.0,108.0,172,3.5,68.0,271,2307,Shaurya Chauhan,Jhanvi Desai
Saboot,1980.0,132.0,408,6.5,80.0,2666,2371,Navin Nischol,Vidya Sinha
Saboot Mangta Hain Kanoon,1994.0,144.0,39,3.4,8.0,2820,1668,Anita Raj,Shashi Kapoor
Sabrang,2017.0,54.0,269,6.9,8.0,504,2193,Ekaansh Bhaardwaaj,Jeet Raidutt
Sabse Bada Be-Imaan,2000.0,0.0,1,4.6,9.0,972,323,Manek Bedi,Laxmikant Berde
Sabse Bada Khiladi,1995.0,162.0,38,6.0,4363.0,2935,146,Mamta Kulkarni,Mohnish Bahl
Sabse Bada Rupaiya,1976.0,135.0,162,6.8,42.0,2315,1289,Vinod Mehra,Moushumi Chatterjee
Sabse Bada Sukh,1972.0,0.0,172,6.1,15.0,963,2441,Asrani,Rajni Bala
Sabse Badhkar Hum,2002.0,0.0,1,2.6,19.0,1160,1200,Mithun Chakraborty,Gajendra Chauhan
Sabse Badi Ganga Ki Saugandh,2003.0,114.0,1,2.9,7.0,1175,811,Dharmendra,Gautam
Sabuj Dwiper Raja,1979.0,109.0,104,7.5,76.0,2886,1951,Arunava Adhikari,Lily Chakravarty
Sach,1989.0,0.0,269,5.9,10.0,3056,300,Vinod Pande,Hashmat Khan
Sachaa Jhutha,1970.0,143.0,26,6.7,256.0,1483,1703,Mumtaz,Vinod Khanna
Sachaai,1969.0,160.0,277,7.3,59.0,1161,2059,Sadhana,Sanjeev Kumar
Sachai Ki Taqat,1989.0,135.0,39,4.5,39.0,2161,506,Dharmendra,Govinda
Sachche Ka Bol-Bala,1989.0,0.0,2,5.7,42.0,671,617,Jackie Shroff,Meenakshi Sheshadri
Sachin - A Billion Dreams,2017.0,138.0,265,8.6,7711.0,1052,1900,Mikhail Gandhi,Anjali Tendulkar
Sacred Evil,2006.0,109.0,269,5.8,25.0,47,53,Sarika,Lynsey Pow
Sadaa Suhagan,1986.0,0.0,269,4.8,57.0,2161,920,Rekha,Govinda
Sadak,1991.0,134.0,50,6.5,2331.0,1423,1970,Pooja Bhatt,Deepak Tijori
Sadak 2,2020.0,133.0,39,1.1,67785.0,1423,160,Priyanka Bose,Sanjay Dutt
Sadak Chhap,1987.0,0.0,218,4.2,26.0,255,871,Padmini Kolhapure,Richa Sharma
Sadda Adda,2012.0,130.0,180,7.1,1345.0,1597,1019,Karanvir Sharma,Shaurya Chauhan
Sadhna,1958.0,137.0,269,7.2,66.0,447,2510,Sunil Dutt,Radhakrishan
Sadhna,1993.0,0.0,269,6.2,22.0,1160,1668,Krishan Dhawan,Mangal Dhillon
Sadhu,2012.0,90.0,243,6.8,59.0,827,2282,0,0
Sadhu Aur Shaitaan,1968.0,155.0,214,6.6,133.0,1,1289,Bharathi,Kishore Kumar
Sadhu Sant,1991.0,0.0,269,3.9,17.0,1868,207,Mithun Chakraborty,Hema Malini
Sadiyaan: Boundaries Divide... Love Unites,2010.0,200.0,327,4.5,75.0,2010,1819,Hema Malini,Javed Sheikh
Sadma,1983.0,141.0,327,8.4,3004.0,465,983,Sridevi,Gulshan Grover
Safar,1970.0,137.0,327,7.2,364.0,400,1703,Sharmila Tagore,Feroz Khan
Safari,1999.0,0.0,13,4.5,242.0,1140,1970,Juhi Chawla,Tanuja
Safed Haathi,1977.0,0.0,104,7.3,59.0,2886,2441,Ashwani,Utpal Dutt
Safed Jhoot,1978.0,0.0,173,5.5,23.0,476,377,Vinod Mehra,Mithu Mukherjee
Sagaai,1966.0,0.0,272,5.3,16.0,2324,1724,Biswajit Chatterjee,Rehman
Sagai,1951.0,129.0,269,6.1,10.0,920,1604,Rehana,Hiralal
Sagar Sangam,1988.0,120.0,269,6.4,27.0,745,1305,Shatrughan Sinha,Padmini Kolhapure
Sagina,1974.0,0.0,173,7.1,86.0,2886,658,Saira Banu,Aparna Sen
Sahara,1943.0,0.0,0,6.1,9.0,1026,1821,Narang,Pran
Sahara,1958.0,135.0,282,5.6,17.0,1382,1274,M. Rajan,Kuldip Kaur
Sahasa Veerudu Sagara Kanya,1996.0,139.0,8,6.0,151.0,1157,2428,Shilpa Shetty Kundra,Malasri
Sahasam,2013.0,150.0,2,6.6,963.0,578,2363,Taapsee Pannu,Shakti Kapoor
Saheb Biwi Aur Gangster,2011.0,118.0,29,7.2,4028.0,2909,932,Mahie Gill,Randeep Hooda
Saheb Biwi Aur Gangster 3,2018.0,140.0,29,4.4,744.0,2909,1970,Jimmy Sheirgill,Mahie Gill
Saheb Biwi Aur Gangster Returns,2013.0,142.0,29,6.8,3857.0,2909,932,Mahie Gill,Irrfan Khan
Sahebzaade,1992.0,0.0,50,4.3,71.0,119,1970,Neelam Kothari,Aditya Pancholi
Saheli,1965.0,0.0,409,6.4,10.0,324,1564,Vijaya Choudhury,Rajendranath Malhotra
Sahhas,1981.0,133.0,1,4.7,15.0,2231,1305,Rati Agnihotri,Madan Puri
Sahi Dhandhe Galat Bande,2011.0,119.0,20,4.8,263.0,1810,297,Sharat Saxena,Udit Khurana
Sahib Bahadur,1977.0,0.0,162,7.0,27.0,592,617,Priya Rajvansh,Ajit
Sahib Bibi Aur Ghulam,1962.0,152.0,317,8.3,1557.0,75,1274,Guru Dutt,Rehman
Sahibaan,1993.0,133.0,414,5.7,191.0,2183,1836,Sanjay Dutt,Madhuri Dixit
Sai Teri Maya,2001.0,115.0,269,8.4,5.0,2338,1382,Rami Reddy,0
Sailaab,1956.0,0.0,282,7.9,18.0,880,1745,Geeta Bali,Smriti Biswas
Sailaab,1990.0,0.0,327,5.4,185.0,649,80,Madhuri Dixit,Shafi Inamdar
Saina,2021.0,135.0,157,4.2,3369.0,217,1345,Olga Anand,Rohan Apte
Sainik,1993.0,145.0,50,6.1,1158.0,2677,146,Ashwini Bhave,Farheen
Sainika,2002.0,150.0,39,6.7,18.0,1151,679,Nataraj Enigi,Raj Gupta
Saiyan,1951.0,0.0,291,6.9,21.0,1392,1166,Ajit,Sajjan
Sajan,1969.0,147.0,206,7.1,61.0,1568,369,Manoj Kumar,Om Prakash
Sajana Doli Leke Aana,1997.0,0.0,38,4.0,6.0,1157,2428,Kota,Ramya Krishnan
Sajjo Rani,1976.0,0.0,269,6.4,7.0,865,1817,Romesh Sharma,Krishnakant
Sajna Saath Nibhana,1986.0,132.0,269,4.1,9.0,1137,572,Neelu,Nutan
Sakalakala Vallavan,1982.0,138.0,25,6.6,223.0,2340,983,Ambika,Silk Smitha
Salaakhen,1998.0,165.0,39,5.4,421.0,866,2271,Raveena Tandon,Anupam Kher
Salaakhen,1975.0,129.0,84,5.8,62.0,6,2083,Sulakshana Pandit,Mehmood
Salaam Bacche,2007.0,77.0,282,5.8,36.0,1289,1592,Meghan Jadhav,Ravi Behl
Salaam Bombay!,1988.0,113.0,218,8.0,8801.0,1551,2037,Anjaan,Amrit Patel
Salaam Memsaab,1979.0,0.0,278,5.5,13.0,403,390,Zarina Wahab,Yogeeta Bali
Salaam Namaste,2005.0,158.0,180,6.2,6981.0,2671,1926,Preity Zinta,Arshad Warsi
Salaam Zindagi,2017.0,120.0,269,6.4,9.0,2860,425,Heena Shaik,Dheer Charan Srivastav
Salaam-E-Ishq,2007.0,216.0,178,5.1,5260.0,1716,1940,Priyanka Chopra Jonas,Anil Kapoor
Salaami,1994.0,0.0,90,6.7,55.0,2551,419,Samyukta,Roshini Jaffery
Salim Langde Pe Mat Ro,1989.0,111.0,218,7.6,456.0,2377,1539,Makrand Deshpande,Ashutosh Gowariker
Sallu Ki Shaadi,2017.0,109.0,409,3.6,39.0,1559,353,Zeenat Aman,Sandeep Anand
Salma Pe Dil Aa Gaya,1997.0,149.0,269,5.6,26.0,2357,419,Saadhika,Milind Gunaji
Samadhan,1980.0,128.0,269,7.3,6.0,1076,668,Rabi Ghosh,Uttam Kumar
Samadhi,1950.0,165.0,269,6.9,34.0,2181,377,Nalini Jaywant,Kuldip Kaur
Samadhi,1972.0,139.0,50,6.6,110.0,1868,369,Dharmendra,Jaya Bachchan
Samaj Ko Badal Dalo,1970.0,162.0,269,6.2,14.0,2948,2070,Parikshit Sahni,Pran
Samar,1998.0,126.0,269,7.5,31.0,2662,1710,Rajit Kapoor,Ravi Jhankal
Samarasimha Reddy,1999.0,148.0,39,7.1,466.0,848,1392,Simran,Anjala Zaveri
Samarat Prithviraj Chauvan,1959.0,145.0,118,6.7,9.0,926,1510,Anita Guha,Ulhas
Samay Ki Dhaara,1986.0,0.0,269,6.8,11.0,2681,2085,Shabana Azmi,Vinod Mehra
Samay: When Time Strikes,2003.0,136.0,237,6.9,1830.0,2268,2301,Lucy Bartholomew,Tushar Dalvi
'Sambandh',1969.0,0.0,282,6.6,16.0,141,583,Anjana Mumtaz,Sulochana Latkar
Sambaram,2003.0,0.0,269,6.0,61.0,628,754,Banerjee,Venu Madhav
Sameer,2017.0,129.0,269,5.4,219.0,618,1318,Master Shubham Bajrange,Jay Bhatt
Sameera,1981.0,0.0,282,3.8,5.0,3044,1305,Parikshit Sahni,Shabana Azmi
Samjhauta,1973.0,0.0,282,6.1,11.0,141,249,Yogeeta Bali,Pradeep Kumar
Sampark,1979.0,128.0,269,6.7,7.0,979,1164,Girish Karnad,Mazhar Khan
Sampoorna Mahabharat,1983.0,155.0,6,7.8,10.0,459,917,Arvind Kumar,Dinesh Mehta
Sampoorna Ramayana,1961.0,183.0,275,7.4,49.0,459,1177,Anita Guha,Sulochana Latkar
Samraat,1982.0,161.0,4,5.8,146.0,1568,632,Jeetendra,Hema Malini
Samrajyam,2009.0,0.0,35,4.2,9.0,2984,2249,Priyanka Kothari,Malavikka
Samrat & Co.,2014.0,125.0,408,6.2,1227.0,1266,1694,Madalsa Sharma,Gopal Datt
Samrat Chandragupt,1958.0,105.0,106,6.1,15.0,459,1464,Bharat Bhushan,B.M. Vyas
Samson,1964.0,138.0,2,6.0,20.0,1659,576,Ameeta,Feroz Khan
Samudram,1999.0,0.0,29,6.6,99.0,1331,875,Tanikella Bharani,Devadas Kanakala
Samundar,1986.0,144.0,29,5.5,139.0,2006,2271,Poonam Dhillon,Anupam Kher
Samundari Daku,1956.0,0.0,1,6.4,5.0,18,1407,Nadira,Johnny Walker
Sanam,1951.0,0.0,180,6.7,17.0,1665,617,Suraiya,Meena Kumari
Sanam,1997.0,152.0,50,4.8,87.0,430,1970,Vivek Mushran,Manisha Koirala
Sanam Bewafa,1991.0,160.0,327,5.4,1212.0,2357,1940,Chandni,Kanchan
Sanam Harjai,1995.0,0.0,327,4.8,16.0,2357,820,Saadhika,Simran
Sanam Hum Aapke Hain...,2009.0,0.0,327,5.5,12.0,125,722,Gagan Kang,Jeet Goswami
Sanam Re,2016.0,120.0,327,3.2,2936.0,741,1836,Pulkit Samrat,Yami Gautam
Sanam Teri Kasam,1982.0,0.0,20,6.0,125.0,1671,983,Reena Roy,Jagdeep
Sanam Teri Kasam,2009.0,170.0,50,4.8,152.0,1374,1926,Atul Agnihotri,Pooja Bhatt
Sanam Teri Kasam,2016.0,154.0,320,7.4,10855.0,1985,2478,Harshvardhan Rane,Mawra Hocane
Sandakozhi,2005.0,151.0,1,6.9,594.0,1626,2495,Meera Jasmine,Raj Kiran
Sandeep Aur Pinky Faraar,2021.0,125.0,165,6.3,6489.0,710,1525,Arjun Kapoor,Jaideep Ahlawat
Sandhya,2003.0,0.0,427,5.8,17.0,2440,871,Raveena Tandon,Ashutosh Rana
Sandwich,2006.0,152.0,214,5.4,819.0,245,768,Raveena Tandon,Mahima Chaudhry
Sangam,1964.0,238.0,320,7.5,1611.0,2011,1671,Rajendra Kumar,Vyjayanthimala
Sangdil,1952.0,150.0,324,7.3,96.0,1960,1166,Dilip Kumar,Shammi
Sangdil Sanam,1994.0,156.0,327,4.2,522.0,2641,231,Beena Banerjee,Kishore Anand Bhanushali
Sange Meel Se Mulaqat,1989.0,90.0,241,8.1,22.0,856,503,Ain Rasheed Khan,0
Sangeet,1992.0,144.0,327,5.6,150.0,1169,1168,Jackie Shroff,Nitish Bharadwaj
Sangeet Samrat Tansen,1962.0,0.0,154,6.7,11.0,2337,464,Anita Guha,Mukri
Sangharsh,1999.0,127.0,29,6.8,5235.0,2879,1599,Akshay Kumar,Ashutosh Rana
Sangharsha,1993.0,0.0,0,7.1,17.0,2801,2061,Avinash,Ramesh Bhat
Sangram,1976.0,0.0,271,4.5,11.0,919,2085,Reena Roy,Danny Denzongpa
Sangram,1950.0,139.0,269,6.7,30.0,884,377,Nalini Jaywant,Shashi Kapoor
Sangram,1993.0,156.0,327,3.2,197.0,1374,109,Ayesha Jhulka,Karisma Kapoor
Sanjay,1995.0,0.0,216,3.5,16.0,2551,419,Shakti Kapoor,Sakshi Shivanand
Sanjeevani,2018.0,0.0,269,2.8,23.0,2229,1229,0,0
Sanjh Aur Savera,1964.0,134.0,282,7.0,50.0,963,1274,Guru Dutt,Mehmood
Sanjog,1943.0,122.0,172,6.9,13.0,42,1488,Anwar Hussain,Mehtab
Sanjog,1961.0,0.0,180,5.9,17.0,1873,1564,Anita Guha,Shubha Khote
Sanjog,1972.0,150.0,173,6.2,133.0,2343,1182,Amitabh Bachchan,Aruna Irani
Sanjog,1985.0,148.0,269,7.0,85.0,1169,920,Jaya Prada,Vinod Mehra
Sanju,2018.0,155.0,148,7.7,49199.0,2107,1761,Paresh Rawal,Manisha Koirala
Sankat City,2009.0,120.0,165,6.2,609.0,1782,1040,Rimi Sen,Anupam Kher
Sankham,2009.0,155.0,18,5.0,136.0,2683,2363,Trisha Krishnan,Chandramohan
Sankoch,1976.0,113.0,327,6.4,18.0,255,920,Sulakshana Pandit,Vikram Makandar
Sannata,1981.0,125.0,366,6.6,42.0,2666,2371,Vijay Arora,Birbal
Sansani: The Sensation,1981.0,0.0,427,4.9,9.0,997,2489,Bindiya Goswami,Kavita
Sansar,1971.0,0.0,282,6.7,7.0,713,1426,Anupama,Abhi Bhattacharya
Sansar,1987.0,0.0,269,6.9,166.0,2161,1819,Raj Babbar,Anupam Kher
Sanshodhan,1996.0,165.0,269,7.3,67.0,862,1225,Vanya Joshi,Kishore Kadam
Sant Dnyaneshwar,1940.0,139.0,350,7.9,45.0,3078,2090,Shahu Modak,Datta Dharmadhikari
Sant Dnyaneshwar,1940.0,137.0,147,8.1,9.0,3078,2090,Shahu Modak,Datta Dharmadhikari
Sant Gyaneshwar,1964.0,0.0,376,8.0,10.0,1458,2240,Surekha,Babloo
Sant Gyaneshwar,1982.0,129.0,161,6.5,10.0,2752,995,Mahesh Kothare,Dev Kumar
Sant Ravidas Ki Amar Kahani,1983.0,0.0,350,8.5,6.0,459,1314,Jeevan,Ashish Kumar
Sant Tukaram,1937.0,131.0,147,6.7,229.0,3078,2090,Vishnupant Pagnis,Gauri
Santa Banta Pvt Ltd,2016.0,112.0,165,2.8,247.0,149,512,Vir Das,Neha Dhupia
Santaan,1993.0,161.0,282,5.8,40.0,1669,920,Moushumi Chatterjee,Deepak Tijori
Santosh,1989.0,146.0,282,6.7,37.0,462,1231,Nirupa Roy,Rakhee Gulzar
Santosham,2002.0,150.0,327,7.1,545.0,628,580,Nagarjuna Akkineni,Shriya Saran
Sanyasi,1975.0,155.0,269,6.8,62.0,2691,1231,Hema Malini,Prem Nath
Sanyasi Mera Naam,1999.0,0.0,1,4.8,11.0,972,1759,Mithun Chakraborty,Siddharth Dhawan
Sapne Saajan Ke,1992.0,162.0,327,3.3,141.0,1374,871,Dimple Kapadia,Karisma Kapoor
Sapne Suhane,1961.0,0.0,409,4.6,5.0,1270,443,Geeta Bali,Chandrashekhar
Sapnon Ka Mandir,1991.0,0.0,29,4.3,20.0,1857,920,Jaya Prada,Johnny Lever
Sapnon Ka Saudagar,1968.0,168.0,409,7.2,80.0,1426,1671,Hema Malini,Jayant
Sapoot,1996.0,158.0,29,5.2,1041.0,1030,146,Sunil Shetty,Karisma Kapoor
Saqi,1952.0,0.0,358,6.7,13.0,920,1604,Madhubala,Bipin Gupta
Sar Ankhon Par,1999.0,0.0,269,6.4,85.0,885,283,Shruti Ulfat,Anuj Saxena
Sar Kati Laash,1999.0,0.0,363,3.1,7.0,2900,2051,Mac Mohan,Rakesh Pandey
Sar Utha Ke Jiyo,1998.0,0.0,77,2.5,149.0,2677,1406,Madhoo,Manek Bedi
Sara Akash,1969.0,100.0,269,7.2,60.0,476,1163,Rakesh Pandey,Dina Pathak
Sarabha,2018.0,137.0,350,6.8,65.0,1628,1404,Aakash Kumar Sehdev,Mishti
Sarala,1936.0,157.0,0,6.4,9.0,1917,1790,M. Kumar,I.A. Hafizji
Saranga,1961.0,130.0,50,4.5,24.0,702,2234,Jayshree Gadkar,Nilofar
Saraswathi Sabatham,1966.0,159.0,174,7.3,117.0,15,2106,Gemini Ganesan,Devika
Saraswatichandra,1968.0,156.0,327,6.4,127.0,865,1491,Manish,Vijaya Choudhury
Sarbjit,2016.0,131.0,151,7.3,4497.0,1747,1762,Aishwarya Rai Bachchan,Richa Chadha
Sardaar Gabbar Singh,2016.0,164.0,19,4.7,2361.0,1187,977,Tisca Chopra,Pawan Kalyan
Sardar,1993.0,175.0,153,7.9,715.0,1280,1523,Tom Alter,Deepika Amin
Sardar,1967.0,0.0,66,7.3,10.0,459,119,Helen,Sheikh Mukhtar
Sardar,1955.0,0.0,147,8.0,15.0,884,377,Bina Rai,Jagdish Sethi
Sardar Ka Grandson,2021.0,139.0,180,4.1,3773.0,1191,1441,Arjun Kapoor,Rakul Preet Singh
Sardari Begum,1996.0,116.0,269,6.6,189.0,2662,216,Kirron Kher,Smriti Mishra
Sa-Re-Ga-Ma-Pa,1972.0,0.0,186,4.4,7.0,2520,2291,Alka,Jagdeep
Sarfarosh,1985.0,157.0,269,5.2,37.0,1669,390,Kamini Bhatia,Bharat Bhushan
Sarfarosh,1999.0,174.0,39,8.1,24454.0,1120,19,Naseeruddin Shah,Sonali Bendre
Sargam,1979.0,145.0,396,6.8,159.0,1169,1836,Jaya Prada,Shashikala
Sargam,1950.0,135.0,282,6.9,33.0,1768,1671,Rehana,Om Prakash
Sargoshiyan,2017.0,106.0,269,6.2,33.0,973,2448,Indraneil Sengupta,Sara Khan
Sarhad,1960.0,118.0,269,7.5,20.0,2573,617,Suchitra Sen,Ragini
Sarhad Paar,2006.0,117.0,39,3.9,116.0,2163,1176,Tabu,Sanjay Dutt
Sarhad: The Border of Crime,1995.0,0.0,29,3.3,12.0,1419,1668,Farha Naaz,Deepak Tijori
Sarivar Sari,2005.0,126.0,269,7.0,39.0,804,1167,Mohan Joshi,Neena Kulkarni
Sarkar,2005.0,124.0,29,7.6,16038.0,2147,207,Abhishek Bachchan,Kay Kay Menon
Sarkar 3,2017.0,130.0,29,4.9,1905.0,2147,1225,Amitabh Bachchan,Yami Gautam
Sarkar Raj,2008.0,125.0,29,6.7,7295.0,2147,207,Abhishek Bachchan,Aishwarya Rai Bachchan
Sarkari Mehman,1979.0,135.0,282,4.8,10.0,1631,2487,Jasmin,Amjad Khan
Sarphira,1992.0,0.0,1,4.8,43.0,374,1970,Madhavi,Kimi Katkar
Sasti Dulhan Mahenga Dulha,1986.0,148.0,269,5.3,12.0,497,1171,Arun,Beena Banerjee
Sasural,1961.0,0.0,20,6.4,36.0,2863,1696,Saroja Devi B.,Mehmood
Sasural,1984.0,164.0,282,5.4,11.0,861,345,Sadhana Singh,Bharat Bhushan
Satah Se Uthata Aadmi,1980.0,114.0,269,6.7,68.0,1455,466,Vibhuti Jha,Satyen Kumar
Satellite Shankar,2019.0,135.0,39,6.3,928.0,995,2200,Anil Reji,Megha Akash
Sathyam,2008.0,137.0,39,5.0,210.0,2117,2495,Nayanthara,Brahmanandam
Sathyavaan Savithri,1977.0,0.0,153,5.3,18.0,1767,983,Sridevi,P.K. Abraham
Sati Naag Kanya,1983.0,0.0,275,5.6,11.0,459,1443,Vikram Gokhale,Manher Desai
Sati Savitri,1964.0,0.0,350,6.9,7.0,2582,1177,Anjali Devi,Jeevan
Satrangee Parachute,2011.0,115.0,173,5.3,66.0,3046,1975,Zakir Hussain,Lilliput
Satta,2003.0,153.0,218,6.8,544.0,1413,1792,Atul Kulkarni,Shri Vallabh Vyas
Satta Bazaar,1959.0,0.0,269,6.5,23.0,2235,1274,Balraj Sahni,Johnny Walker
Satte Pe Satta,1982.0,160.0,20,7.2,3139.0,2020,207,Hema Malini,Ranjeeta Kaur
Satya,1998.0,170.0,29,8.2,13918.0,2147,868,Manoj Bajpayee,Urmila Matondkar
Satya 2,2013.0,142.0,29,5.9,940.0,2147,1628,Sharwanand,Anaika Soti
Satyabhama,2007.0,0.0,327,3.8,8.0,2712,433,Babu Mohan,Raghu Babu
Satyagraha,2013.0,152.0,269,5.9,4964.0,1865,207,Kareena Kapoor,Ajay Devgn
Satyajit Ray,1982.0,131.0,244,7.2,103.0,2662,2434,Smita Patil,Om Puri
Satyakam,1969.0,175.0,269,8.2,690.0,963,377,Dharmendra,Sharmila Tagore
Satyam Shivam Sundaram: Love Sublime,1978.0,172.0,327,7.1,999.0,2011,2083,Zeenat Aman,Kanhaiyalal Chaturvedi
Satyamev Jayate,1987.0,0.0,39,6.7,94.0,2020,2487,Meenakshi Sheshadri,Madhavi
Satyameva Jayate,2000.0,141.0,240,5.2,90.0,3029,2292,Aishwarya,Baburaj
Satyameva Jayate,2018.0,140.0,29,5.7,6302.0,1544,938,Manoj Bajpayee,Aisha Sharma
Satyavati,2016.0,0.0,216,8.2,94.0,663,866,Shwetha Gupta,Anmol Jai
Sau Crore,1991.0,158.0,408,4.0,46.0,671,617,Sonika Gill,Vikram Gokhale
Sau Din Saas Ke,1980.0,0.0,269,6.0,40.0,3022,377,Raj Babbar,Reena Roy
Sau Jhooth Ek Sach,2004.0,110.0,336,7.2,70.0,472,1187,Lillete Dubey,Joy Sengupta
Sau Saal Baad,1989.0,0.0,363,3.4,17.0,1561,811,Sahila Chaddha,Suraj Chaddha
Sauda,1995.0,132.0,409,3.8,24.0,2178,2253,Neelam Kothari,Vikas Bhalla
Saudagar,1973.0,131.0,282,7.2,733.0,2751,207,Nutan,Trilok Kapoor
Saudagar,1991.0,213.0,50,6.8,1279.0,2731,658,Raaj Kumar,Vivek Mushran
Saugandh,1991.0,153.0,50,5.8,925.0,2020,1736,Akshay Kumar,Shanti Priya
Saugandh Geeta Ki,2001.0,97.0,1,3.8,6.0,3098,862,Hemant Birje,Pinky Chinoy
Sautela,1999.0,139.0,1,4.7,13.0,2161,2473,Mithun Chakraborty,Gulshan Grover
Sautela Bhai,1962.0,0.0,282,7.3,10.0,1426,308,Bagla,S.N. Banerjee
Sautela Bhai,1996.0,144.0,269,6.0,25.0,448,1703,Raj Babbar,Kumar Gaurav
Savera,1958.0,0.0,218,7.2,9.0,2520,377,Meena Kumari,Bipin Gupta
Saveray Wali Gaadi,1986.0,135.0,269,6.2,58.0,503,2271,Poonam Dhillon,Prem Chopra
Sawaal,1982.0,123.0,291,6.1,56.0,2183,1981,Waheeda Rehman,Shashi Kapoor
Sawan Bhadon,1970.0,155.0,80,6.5,41.0,1568,1426,Rekha,Shyama
Sawan Ki Ghata,1966.0,136.0,396,6.3,55.0,2564,1231,Sharmila Tagore,Mumtaz
Sawan Ko Aane Do,1979.0,153.0,388,7.6,64.0,1225,1841,Arun Govil,Jankidas
Say Salaam India: 'Let's Bring the Cup Home',2007.0,130.0,334,6.3,94.0,2732,1196,Milind Soman,Sanjay Suri
Say Yes to Love,2012.0,115.0,409,5.5,14.0,1436,1431,Salim Khan,Kunal Shamshere Malla
Sayonee,2020.0,111.0,71,7.6,566.0,1729,36,Tanmay Ssingh,Musskan Sethi
Sazaa,1951.0,111.0,282,6.2,36.0,769,617,Nimmi,Shyama
Sazaa,1972.0,0.0,84,5.0,6.0,566,377,Pran,Kabir Bedi
Sazaye Maut,1981.0,0.0,218,7.0,80.0,3000,1406,Radha Saluja,Naresh Suri
School,2004.0,0.0,269,6.6,13.0,1897,2528,Ravi Behl,Siddharth Dhamija
School Girl,1999.0,0.0,269,8.0,50.0,1301,312,Raj Premi,Jyoti Rana
School Master,1958.0,185.0,0,7.0,18.0,437,428,M.V. Rajamma,Dikki Madhava Rao
Scorned,2020.0,104.0,427,2.5,25.0,2881,2337,Pooja Joshi,Paras Randhawa
Scotland,2019.0,120.0,216,5.3,406.0,1477,60,Khushboo Purohit,Chetan Pandit
Scream of the Ants,2006.0,85.0,103,6.0,856.0,1585,1186,Mahnour Shadzi,Karl Maass
Searching for Sheela,2021.0,58.0,245,4.1,553.0,2565,1156,Shoma Chaudhury,Anurag Chauhan
Seasons Greeting,2019.0,47.0,269,6.5,32.0,2149,1137,Shree Ghatak,Celina Jaitly
Second Hand Husband,2015.0,105.0,208,3.8,156.0,2684,632,Sanjay Mishra,Vijay Raaz
Second Marriage Dot Com,2012.0,130.0,269,7.5,55.0,817,2224,Syna Anand,Raman Atre
Secret Attack,2020.0,0.0,269,8.6,21.0,943,1544,Brijendra Kala,Ashutosh Kaushik
Secret Superstar,2017.0,150.0,314,7.8,21923.0,94,2543,Meher Vij,Raj Arjun
Secrets of Sinauli,2021.0,56.0,261,9.3,1373.0,1988,1225,R.S. Bhist,K.N. Dixit
Secrets of the Seven Sounds,2008.0,0.0,137,3.8,9.0,2101,1533,Gaurav Kapoor,Koel Purie
Section 375,2019.0,124.0,224,8.1,13045.0,109,149,Richa Chadha,Rahul Bhatt
Seeking Happily Ever After,2018.0,104.0,327,6.8,1117.0,917,2109,Anshuman Jha,Ekavali Khanna
Seeking True Love,2017.0,116.0,208,7.5,20275.0,397,422,Kriti Sanon,Rajkummar Rao
Seema,1971.0,0.0,282,6.0,13.0,2824,1735,Kabir Bedi,Simi Garewal
Seema,1955.0,140.0,269,6.8,103.0,212,1491,Balraj Sahni,Sunder
Seepeeyan,1984.0,0.0,269,6.8,12.0,145,1495,Ranjeet,Debashree Roy
Seeta,1934.0,0.0,0,6.4,9.0,637,1353,Dhiraj Bhattacharya,Gul Hamid
Seeta Aur Geeta,1972.0,162.0,94,6.8,1768.0,2182,632,Sanjeev Kumar,Hema Malini
Seetharamula Kalyanam Lankalo,2010.0,142.0,20,4.4,119.0,3101,790,Nithiin,Ali
Seevalaperi Pandi,1994.0,114.0,84,6.8,44.0,1895,93,Napolean,R.P. Vishwam
Sehar,2005.0,125.0,29,7.7,2082.0,1192,342,Pankaj Kapur,Mahima Chaudhry
Sehra,1963.0,0.0,327,6.0,40.0,2580,1962,Lalita Pawar,Prashanth
Sengottai,1996.0,150.0,1,6.9,15.0,561,1681,Rajan P. Dev,Meena
Serious Men,2020.0,114.0,172,6.8,6382.0,2754,1898,Nawazuddin Siddiqui,Nassar
Setters,2019.0,126.0,427,5.3,246.0,396,2122,Aftab Shivdasani,Sonnalli Seygall
Sewak,1975.0,0.0,269,6.7,9.0,2331,2487,Neetu Singh,Ranjeet
Shaadi,1962.0,0.0,20,7.2,28.0,1953,1878,Balraj Sahni,Saira Banu
Shaadi Abhi Baaki Hai,2017.0,127.0,269,5.2,11.0,1501,196,Prem Chopra,Sonika Chopra
Shaadi Ka Laddoo,2004.0,0.0,162,5.1,99.0,2012,1979,Mandira Bedi,Aashish Chaudhary
Shaadi Karke Phas Gaya Yaar,2006.0,152.0,180,4.1,1143.0,1181,1940,Shilpa Shetty Kundra,Reema Lagoo
Shaadi Ke Baad,1972.0,134.0,162,5.1,28.0,1363,920,Rakhee Gulzar,Shatrughan Sinha
Shaadi ke patasey,2019.0,90.0,269,6.9,7.0,2549,329,Tariq Imtyaz,Mushtaq Ali
Shaadi Ke Side Effects,2014.0,145.0,208,5.6,3882.0,2395,704,Vidya Balan,Vir Das
Shaadi Mein Zaroor Aana,2017.0,137.0,327,7.6,13387.0,2210,1719,Kriti Kharbanda,K.K. Raina
Shaadi No. 1,2005.0,129.0,162,3.5,892.0,630,701,Zayed Khan,Sharman Joshi
Shaadi Se Pehle,2006.0,122.0,204,4.1,737.0,2509,149,Ayesha Takia,Mallika Sherawat
Shaadi Teri Bajayenge Hum Band,2018.0,140.0,162,4.9,180.0,879,1649,Radha Bhatt,Shrashti Maheshwari
Shaadisthan,2021.0,94.0,317,6.0,191.0,2026,1484,Sanjay Dadhich,Kirti Kulhari
Shaan,1980.0,181.0,5,7.1,2596.0,2182,2263,Shashi Kapoor,Amitabh Bachchan
Shaandaar,2015.0,144.0,180,3.5,5250.0,3031,2043,Alia Bhatt,Pankaj Kapur
Shaapit: The Cursed,2010.0,145.0,121,5.4,844.0,3035,79,Shweta Agarwal,Shubh Joshi
Shaayad,1979.0,0.0,269,5.3,14.0,1406,2452,Neeta Mehta,Naseeruddin Shah
Shabab,1954.0,0.0,327,5.5,25.0,1392,464,Nutan,Shyam Kumar
Shabd,2005.0,140.0,336,5.1,1359.0,1380,1970,Aishwarya Rai Bachchan,Zayed Khan
Shabnam,1949.0,154.0,291,6.6,32.0,518,658,Shyama,Cuckoo
Shabnam,1964.0,0.0,4,5.4,18.0,402,1289,L. Vijayalakshmi,Sheikh Mukhtar
Shabnam Mausi,2005.0,150.0,17,6.2,56.0,3113,383,Sujeet Chaubey,Rashami Desai
Shabri,2011.0,98.0,29,5.6,136.0,1367,858,Raj Arjun,Manish Wadhwa
Shackle,2015.0,99.0,269,7.4,20.0,642,2327,Chetan Sharma,Harish Hariaudh
Shadi Ki Raat,1935.0,0.0,363,5.1,8.0,1563,1401,S.B. Nayampalli,Fatty Prasad
Shadow,2009.0,0.0,29,4.9,55.0,2278,1948,Shruti Agarwal,Hrishitaa Bhatt
Shadyantra,1990.0,0.0,29,5.3,15.0,2039,810,Raja Bundela,Pankaj Kapur
Shagird,1967.0,0.0,204,7.0,123.0,2418,946,Saira Banu,I.S. Johar
Shagird,2011.0,143.0,29,7.1,1946.0,2909,1390,Mohit Ahlawat,Rimi Sen
Shahe Iran,1934.0,0.0,0,6.0,8.0,1513,0,0,0
Shaheed,1948.0,164.0,327,7.2,74.0,2181,658,Kamini Kaushal,Chandra Mohan
Shaheed,1965.0,150.0,153,7.9,344.0,2314,990,Nirupa Roy,Anand Kumar
Shaheed Bhagat Singh,1963.0,0.0,161,6.8,24.0,2570,1604,Achala Sachdev,D.K. Sapru
Shaheed- E- Aazam,2018.0,0.0,147,6.1,7.0,340,2144,Prashant Kumar,Rahul Pathak
Shaheed-E-Azad Bhagat Singh,1954.0,0.0,0,7.5,13.0,1908,2167,Cuckoo,Paidi Jairaj
Shaheed-E-Azam,2002.0,173.0,153,6.8,27.0,2770,2198,Manav Vij,Binnu Dhillon
Shahenshah,1988.0,175.0,2,6.3,1945.0,2911,207,Meenakshi Sheshadri,Rohini Hattangadi
Shahenshah,1953.0,123.0,1,4.6,9.0,212,1769,Shakila,K.N. Singh
Shahid,2012.0,129.0,151,8.2,15659.0,901,1719,Prabhleen Sandhu,Mohd. Zeeshan Ayyub
Shahjehan,1946.0,121.0,305,6.9,30.0,42,968,Ragini,Rehman
Shahji ki Advice,2006.0,73.0,162,7.4,25.0,1061,1732,Jaspal Bhatti,Shail Chaturvedi
Shahrukh Bola 'Khoobsurat Hai Tu'... And She Believed in It,2010.0,89.0,172,5.0,1043.0,1441,2303,Nagesh Bhonsle,Pritika Chawla
Shair,1949.0,138.0,409,7.1,21.0,589,2281,Dev Anand,Kamini Kaushal
Shaitaan,1974.0,121.0,29,5.4,19.0,783,2085,Sharmila Tagore,Anil Dhawan
Shaitan,2011.0,121.0,29,7.2,8146.0,484,980,Shiv Panditt,Gulshan Devaiah
Shaitan Mujrim,1979.0,0.0,99,6.2,10.0,1691,1733,Jyoti Matwankar,Dev Kumar
Shaitani Atma,1998.0,0.0,363,3.2,6.0,910,2194,Shweta Phule,Ghanshyam
Shaitani Dracula,2006.0,79.0,363,4.3,6.0,910,501,Ramesh Goyal,Manmauji
Shaitani Ilaaka,1990.0,128.0,363,4.8,51.0,1296,2262,Shehnaz Kudia,Neelam Mehra
Shakaal,1994.0,0.0,1,5.4,12.0,2535,608,Kanaka,Rajinikanth
Shakal Pe Mat Ja,2011.0,140.0,165,4.9,39.0,2656,2128,Pratik Katare,Harsh Parekh
Shakalaka Boom Boom,2007.0,129.0,320,2.3,604.0,2790,509,Upen Patel,Celina Jaitly
Shakeela,2020.0,126.0,151,3.2,528.0,984,1517,Richa Chadha,Rajeev Pillai
Shakespeare-Wallah,1965.0,120.0,327,6.8,685.0,1053,2083,Felicity Kendal,Geoffrey Kendal
Shakka,1981.0,0.0,1,5.4,10.0,2665,920,Simple Kapadia,Zaheera
Shakthi: The Power,2002.0,170.0,39,6.0,4669.0,1331,1026,Nana Patekar,Sanjay Kapoor
Shakti,1982.0,166.0,29,7.7,1959.0,2182,658,Amitabh Bachchan,Rakhee Gulzar
Shaktiman,1993.0,155.0,50,2.6,176.0,1172,109,Karisma Kapoor,Mukesh Khanna
Shakuntala,1947.0,76.0,269,6.7,6.0,2580,1099,Jayashree,Chandra Mohan
Shakuntala Devi,2020.0,127.0,151,6.1,8456.0,289,2436,Adi Chugh,Sanya Malhotra
Shalimar,1978.0,137.0,5,6.3,529.0,1330,632,Zeenat Aman,Rex Harrison
Sham Ghansham,1998.0,160.0,39,3.5,61.0,375,1736,Chandrachur Singh,Arbaaz Khan
Shama,1981.0,0.0,225,6.9,13.0,1644,755,Shabana Azmi,Aruna Irani
Shama,1961.0,149.0,320,6.5,10.0,1382,1461,Vijay Dutt,M. Kumar
Shama Parwana,1954.0,147.0,327,6.6,23.0,612,2281,Shammi Kapoor,Mubarak
Shamitabh,2015.0,155.0,269,6.8,7099.0,1949,207,Dhanush,Akshara Haasan
Shanakht,1989.0,0.0,269,4.4,13.0,2911,207,Madhuri Dixit,Madhavi
Shandaar,1974.0,145.0,282,6.8,29.0,1953,1878,Sanjeev Kumar,Sharmila Tagore
Shandar,1990.0,146.0,20,5.2,42.0,3050,1305,Meenakshi Sheshadri,Juhi Chawla
Shanghai,2012.0,120.0,224,7.2,9804.0,710,694,Abhay Deol,Prasenjit Chatterjee
Shankar Dada,1976.0,130.0,269,6.5,26.0,2617,377,Shashi Kapoor,Neetu Singh
Shankar Hussain,1977.0,0.0,269,6.5,15.0,3124,1564,Kanwaljit Singh,Madhu Chanda
Shankar Khan,1966.0,140.0,51,5.6,5.0,1659,1613,Dara Singh,Randhawa
Shankar Shambhu,1976.0,137.0,29,5.5,25.0,566,715,Vinod Khanna,Sulakshana Pandit
Shankara,1991.0,0.0,1,5.4,47.0,2742,2271,Neelam Kothari,Alpana
Shanti Kranti,1991.0,142.0,71,6.0,101.0,2951,1379,V. Ravichandran,Juhi Chawla
Shapath,1984.0,128.0,1,4.3,11.0,2231,1668,Smita Patil,Ranjeet
Shapath,1997.0,140.0,1,5.5,90.0,2095,1305,Vineeta,Jackie Shroff
Shaque,1976.0,0.0,269,7.1,50.0,3032,349,Vinod Khanna,Shabana Azmi
Sharaabi,1984.0,180.0,180,7.4,2716.0,1868,207,Bharat Bhushan,Chandrashekhar
Sharabi,1964.0,0.0,320,7.5,71.0,2023,617,Madhubala,Daisy Irani
Sharada,1957.0,128.0,329,6.6,101.0,1363,1671,Meena Kumari,Shyama
Sharafat,1970.0,120.0,327,7.1,77.0,400,377,Dharmendra,Hema Malini
Sharafat Chhod Di Main Ne,1976.0,115.0,269,5.8,24.0,1029,715,Hema Malini,Neetu Singh
Sharafat Gayi Tel Lene,2015.0,108.0,179,4.9,273.0,878,2548,Tina Desai,Anupam Kher
Sharara,1984.0,135.0,1,6.8,27.0,2352,1636,Hema Malini,Shatrughan Sinha
Shararat,1959.0,0.0,162,6.2,9.0,920,1068,Meena Kumari,Raaj Kumar
Shararat,1972.0,0.0,269,6.7,24.0,1483,504,Mumtaz,Sujit Kumar
Shararat,2002.0,155.0,180,4.6,448.0,881,46,Hrishitaa Bhatt,Amrish Puri
Sharda,1942.0,0.0,282,5.6,5.0,42,1291,Ulhas,Wasti
Sharda,1981.0,126.0,282,5.5,19.0,1381,920,Rameshwari,Sarika
Share Bazaar,1997.0,0.0,269,4.4,7.0,1482,1219,Tinnu Anand,Birbal
Shareef Budmaash,1973.0,0.0,38,6.8,52.0,2013,617,Hema Malini,Ajit
Sharmaji Ki Lag Gai,2019.0,122.0,162,4.9,251.0,1496,1344,Brijendra Kala,Krishna Abhishek
Sharmeelee,1971.0,164.0,402,7.0,154.0,2418,2083,Rakhee Gulzar,Nasir Hussain
Shart,1969.0,136.0,408,6.7,36.0,1283,1973,Mumtaz,Kumud Chuggani
Shart,1954.0,0.0,282,5.8,9.0,518,593,Shyama,I.S. Johar
Shart,1986.0,134.0,326,6.4,40.0,1278,1406,Shabana Azmi,Kanwaljit Singh
Shart: The Challenge,2004.0,136.0,327,3.5,152.0,1939,2377,Gracy Singh,Amrita Arora
Shastra,1996.0,144.0,39,4.6,83.0,2457,2267,Anjali Jathar,Anupam Kher
Shatranj,1993.0,0.0,180,6.3,96.0,430,871,Juhi Chawla,Mithun Chakraborty
Shatranj,1956.0,0.0,282,6.7,6.0,884,377,Meena Kumari,Rajendranath Malhotra
Shatranj,1969.0,168.0,430,6.1,32.0,2348,1696,Waheeda Rehman,Mehmood
Shatru,1986.0,157.0,5,6.9,40.0,1873,1703,Shabana,Ashok Kumar
Shaukeen,1982.0,127.0,162,7.2,446.0,476,377,A.K. Hangal,Utpal Dutt
Shaukeen Kaminay,2016.0,125.0,172,6.1,30.0,251,2024,Sunil Chourasiya,Ankit Gajera
Shaurya: It Takes Courage to Make Right... Right,2008.0,149.0,227,7.3,3995.0,2405,1652,Javed Jaffrey,Minissha Lamba
Sheen,2004.0,0.0,39,6.2,73.0,389,2344,Sheen,Raj Babbar
Sheesh Mahal,1950.0,144.0,269,7.4,15.0,2692,2177,Naseem Banu,Pushpa Hans
Sheesha,1986.0,113.0,269,7.2,53.0,476,1305,Moon Moon Sen,Vijayendra Ghatge
Sheesha,2005.0,0.0,331,3.4,264.0,391,1446,Sonu Sood,Vivek Shauq
Sheeshay Ka Ghar,1984.0,0.0,219,6.0,6.0,198,1044,Ila Arun,Raj Babbar
Sheetalbhabi.com,2011.0,115.0,162,3.9,34.0,558,894,Hina Tasleem,Monalisa
Shehar Aur Sapna,1964.0,120.0,269,6.5,13.0,1292,581,Anwar Hussain,Manmohan Krishna
Shehnai,1964.0,0.0,396,5.7,17.0,2324,504,Rajshree,Nirupa Roy
Shehnai,1947.0,133.0,409,4.2,5.0,1768,1816,Indumati,Nasir Khan
Shehri Gabru,2020.0,62.0,164,8.5,92.0,2523,1387,Akshay Kaushal,Atul Kaushal
Shehzaade,1989.0,0.0,1,4.7,34.0,2020,632,Shatrughan Sinha,Sameer Khakhar
Shehzada,1972.0,0.0,282,6.6,47.0,1161,1703,Rakhee Gulzar,Veena
Sheikh Chilli,1956.0,112.0,4,5.4,9.0,2172,1257,Shyama,Mahipal
Sheitaan,2017.0,110.0,363,4.0,20.0,2411,866,Asif Basra,Nirab Hossain
Sher Dil,1990.0,0.0,39,4.6,26.0,1036,632,Anita Raj,Rishi Kapoor
Sher Khan,1998.0,0.0,1,5.4,8.0,188,1902,Ankita,Rita Bhaduri
Sher Shivaji,1987.0,0.0,360,6.2,12.0,2157,1524,Smita Patil,Shreeram Lagoo
Shera,1999.0,125.0,1,5.1,56.0,2865,390,Mithun Chakraborty,Pinky Chinoy
Shera Shamshera,1990.0,0.0,28,4.1,8.0,2341,1668,Sonam,Kabir Bedi
Sherdil Ladkiyan,1985.0,0.0,1,8.1,17.0,1560,2306,0,0
Sher-E-Hindustan,1997.0,0.0,1,5.0,44.0,2865,1305,Sanghavi,Gulshan Grover
Sherni,1988.0,0.0,39,4.6,45.0,919,501,Jagdeep,Kader Khan
Sheroo,1957.0,0.0,282,6.8,12.0,2564,377,Nalini Jaywant,Anoop Kumar
Sheshnaag,1990.0,145.0,65,4.5,81.0,1180,920,Rekha,Rishi Kapoor
Shikaar,1996.0,0.0,84,5.3,20.0,2938,871,0,0
Shikaar,2004.0,0.0,72,4.9,34.0,626,918,Danny Denzongpa,Kanishkaa Kapoor
Shikaar,2000.0,135.0,74,3.6,28.0,540,51,Vikas Bhalla,Ayesha Jhulka
Shikar,1968.0,139.0,408,6.6,111.0,407,369,Dharmendra,Sanjeev Kumar
Shikara,2020.0,118.0,305,3.8,6399.0,3000,1907,Aadil Khan,Zain Khan Durrani
Shikari,2000.0,160.0,227,4.6,431.0,1625,768,Tabu,Karisma Kapoor
Shikari,1963.0,139.0,10,5.7,41.0,1558,119,Ragini,Helen
Shikari: The Hunter,1991.0,162.0,2,5.6,55.0,1372,2385,Mithun Chakraborty,Naseeruddin Shah
Shikast,1953.0,110.0,269,7.0,41.0,2181,658,Nalini Jaywant,Durga Khote
Shikhar,2005.0,162.0,269,4.9,1061.0,1120,109,Shahid Kapoor,Bipasha Basu
Shikshaa,1979.0,125.0,282,5.6,9.0,2315,1672,Sushma Verma,Beena Banerjee
Shimla Mirchi,2020.0,129.0,208,4.6,1322.0,2182,810,Rajkummar Rao,Rakul Preet Singh
Ship of Theseus,2012.0,139.0,269,8.1,6922.0,228,416,Yogesh Shah,Faraz Khan
Shirdi Ke Sai Baba,1977.0,140.0,151,7.0,229.0,387,2239,Manoj Kumar,Rajendra Kumar
Shirdi Sai Baba,2001.0,150.0,323,4.8,178.0,649,231,Sudhir Dalvi,Dharmendra
Shirin Farhad,1956.0,0.0,110,7.2,30.0,402,1166,Pradeep Kumar,P. Kailash
Shirin Farhad Ki Toh Nikal Padi,2012.0,111.0,409,4.2,1023.0,486,721,Dinyar Contractor,Nauheed Cyrusi
Shiv Charan,1982.0,0.0,350,6.4,8.0,258,2489,Zarina Wahab,Navin Nischol
Shiv Ram,1991.0,0.0,29,4.3,24.0,1030,920,Aditya Pancholi,Sadashiv Amrapurkar
Shiva,1989.0,161.0,29,8.1,3399.0,2147,1379,Amala Akkineni,Raghuvaran
Shiva,2006.0,160.0,29,3.9,330.0,2147,1321,Priyanka Kothari,Vinod Jaywant
Shiva Dada,1991.0,0.0,1,5.8,8.0,1157,1379,Shanti Priya,Silk Smitha
Shiva Ka Insaaf,1985.0,125.0,8,4.6,49.0,2020,871,Poonam Dhillon,Vinod Mehra
Shiva Shakti,1988.0,153.0,29,4.7,29.0,224,2085,Govinda,Anita Raj
Shivaay,2016.0,153.0,6,6.2,9909.0,113,109,Abigail Eames,Erika Kaar
Shobhayatra,2004.0,100.0,172,4.2,14.0,3006,675,Prithvi Sankhala,Vineet Kumar
Shobhna's Seven Nights,2012.0,105.0,327,6.2,19.0,2759,1137,Bharat Kaul,Anupam Kher
Shodh,1981.0,0.0,269,6.9,11.0,531,1495,Kanhu Bandhopodhyay,Tapti Bhatachrjee
Shohrat,1996.0,0.0,327,6.4,5.0,2504,1171,Aparajita,Asrani
Shohrat the Trap,2018.0,67.0,427,5.2,101.0,655,1270,Avinash Baviskar,Anil Bhavnani
Shola Aur Shabnam,1961.0,135.0,282,7.3,48.0,2181,644,Jeevan Kala,Ruby Mayer
Shola Aur Shabnam,1992.0,165.0,20,6.5,932.0,630,768,Divya Bharti,Gulshan Grover
Shola Bai,2002.0,0.0,1,2.8,15.0,1234,346,Anil Nagrath,Amit Pachori
Sholay,1975.0,162.0,4,8.2,52511.0,2182,1981,Dharmendra,Amitabh Bachchan
Shole,1953.0,0.0,269,7.1,29.0,447,377,Bina Rai,Purnima
Shool,1999.0,138.0,29,7.7,2932.0,753,1225,Raveena Tandon,Sayaji Shinde
Shoonya,2006.0,100.0,269,6.8,31.0,321,2176,Seema Biswas,Tulip Joshi
Shoorveer,1988.0,147.0,269,5.0,8.0,2665,1683,Mandakini,Deepti Naval
Shootout at Lokhandwala,2007.0,122.0,32,7.1,9607.0,310,207,Sanjay Dutt,Sunil Shetty
Shootout at Wadala,2013.0,155.0,16,5.9,6439.0,2451,251,John Abraham,Manoj Bajpayee
Shor,1972.0,170.0,269,7.2,337.0,1494,1231,Jaya Bachchan,Prem Nath
Shor in the City,2010.0,112.0,218,7.2,3502.0,1324,1673,Sendhil Ramamurthy,Tusshar Kapoor
Shor Se Shuruaat,2016.0,125.0,269,6.6,145.0,192,1663,Satish Raj Kasireddi,Pratik Kothari
Shorgul,2016.0,132.0,269,5.7,268.0,1878,936,Jimmy Sheirgill,Ashutosh Rana
Shortcut Romeo,2013.0,146.0,29,2.3,252.0,2850,1450,Ameesha Patel,Puja Gupta
Shortcut Safari,2016.0,101.0,109,6.4,70.0,210,932,Aashi Rawal,Stuti Dwivedi
Shortkut - The Con Is On,2009.0,142.0,172,3.4,884.0,1701,251,Sanjay Dutt,Akshaye Khanna
Shorts,2013.0,95.0,269,6.5,444.0,1696,2147,Rohit Pandey,Anirban Roy
Showbiz,2007.0,108.0,47,3.6,114.0,2122,2373,Mrinalini Sharma,Vishal Agarwala
Shradhanjali,1981.0,139.0,282,7.3,18.0,265,1736,Suresh Oberoi,Deepak Parashar
Shravan Kumar,1984.0,0.0,269,7.5,8.0,579,536,Abhi Bhattacharya,Bharat Bhushan
Shree,2013.0,109.0,425,6.3,269.0,2069,835,Anjali Patil,Shivani Tanksale
Shree 420,1955.0,168.0,165,8.0,2612.0,2011,1401,Raj Kapoor,Nadira
Shree Ganesh,1962.0,139.0,105,7.5,6.0,2344,1177,Sahira,Indira
Shree Krishnarjun Yuddh,1971.0,136.0,106,7.0,6.0,459,37,Jayshree Gadkar,Mahipal
Shree Ram Bharat Milan,1965.0,0.0,113,7.6,5.0,1458,1613,Mahipal,Anita Guha
Shreelancer,2017.0,93.0,269,7.2,92.0,2436,331,Falah Faisal,Chandan Gill
Shreemaan Aashique,1993.0,152.0,208,4.8,135.0,646,1836,Urmila Matondkar,Bindu
Shreeman Funtoosh,1965.0,0.0,174,6.0,26.0,2582,1068,Kumkum,Anoop Kumar
Shri Chaitanya Mahaprabhu,1954.0,0.0,147,6.8,6.0,3005,464,Durga Khote,Ram Mohan
Shri Datta Darshanam,1985.0,143.0,383,8.2,19.0,1223,1999,Ramana Murthi J.V.,Jyotirmayi
Shri Krishna Leela,1971.0,0.0,94,7.3,19.0,956,1611,Baburaje,Master Baby
Shri Ramanuja,1943.0,0.0,0,6.5,8.0,637,489,Chhayadevi,Hiralal
Shri Siddhivinayak Mahima,2007.0,0.0,286,4.3,7.0,344,2225,Tushar Dalvi,Milind Jadhav
Shriman Satyawadi,1960.0,146.0,29,7.0,68.0,2331,1671,Shakila,Mehmood
Shriman Shrimati,1982.0,145.0,173,6.4,139.0,3020,1981,Rakhee Gulzar,Rakesh Roshan
Shrimanji,1968.0,160.0,282,6.6,29.0,2145,1068,I.S. Johar,Jeevan
Shrimati Ji,1952.0,0.0,214,4.1,7.0,969,1407,Shyama,I.S. Johar
Shringaar,2013.0,126.0,303,5.0,7.0,1341,1097,Sahil Khan,Khushi Mukherjee
Shubh Kaamna,1983.0,138.0,172,6.3,16.0,1169,1787,Asrani,Utpal Dutt
Shubh Mangal Savdhan,2017.0,119.0,208,6.9,9094.0,1972,422,Bhumi Pednekar,Seema Bhargava
Shubh Mangal Zyada Saavdhan,2020.0,117.0,208,5.8,8208.0,952,422,Jitendra Kumar,Gajraj Rao
Shubh Raatri,2020.0,52.0,363,4.5,67.0,1791,2161,Nemi Chand,Jaya Goswami
Shuddh Desi Romance,2013.0,141.0,180,6.0,8447.0,1451,2299,Parineeti Chopra,Rishi Kapoor
Shuddhi,2017.0,114.0,227,7.9,374.0,78,1125,Niveditha,Amrutha Karagada
Shudra the Rising,2012.0,0.0,360,6.8,215.0,2478,1615,Habib Azmi,Pravin Baby
SHUDRA: The Untouchables,2011.0,116.0,286,7.8,23.0,2478,2217,0,0
Shukranu,2020.0,90.0,269,6.4,678.0,535,677,Shweta Basu Prasad,Sheetal Thakur
Shukriya: Till Death Do Us Apart,2004.0,144.0,386,5.1,148.0,297,297,Aftab Shivdasani,Shriya Saran
Shuruaat Ka Interval,2014.0,99.0,269,7.2,68.0,30,218,Krishan Hooda,Shishir Jha
Shuruaat Ka Twist,2019.0,142.0,269,6.6,9.0,930,402,Praveen Fernandes,Hanish Kalia
Shut up Sona,2020.0,85.0,264,7.1,19.0,665,0,0,0
Shuttlecock Boys,2011.0,76.0,172,6.2,111.0,934,13,Manish Nawani,Alok Kumar
Siddeshwari,1990.0,123.0,241,7.5,77.0,1455,1303,Muhar Biswas,Ranjana Srivastava
Siddharth,2013.0,96.0,269,7.3,671.0,2253,1709,Tannishtha Chatterjee,Anurag Arora
Siddharth: The Prisoner,2009.0,0.0,227,6.6,105.0,1930,1689,Sachin Nayak,Pradip Sagar
Sikandar,2009.0,110.0,224,6.4,262.0,1831,1534,Ayesha Kapoor,Sanjay Suri
Sikandar E Azam,1965.0,0.0,106,7.9,35.0,1270,1613,Dara Singh,Mumtaz
Sikandar Sadak Ka,1999.0,144.0,39,3.9,12.0,2865,1305,Manek Bedi,Monica Bedi
Sikka,1989.0,180.0,39,4.5,35.0,1147,1171,Asrani,Brahmachari
Silence Please... The Dressing Room,2004.0,100.0,427,2.9,13.0,2465,2361,Salil Ankola,Sonali Kulkarni
Silence the Court Is in Session,2015.0,105.0,269,6.2,13.0,2261,1394,Pravina Bhagwat Deshpande,Ajitesh Gupta
Silence: Can You Hear It,2021.0,136.0,240,6.6,3324.0,37,1922,Manoj Bajpayee,Hitha Chandrashekar
Silsiilay,2005.0,134.0,269,4.0,696.0,1287,2320,Bhoomika Chawla,Riya Sen
Silsila,1981.0,182.0,291,7.3,2603.0,3106,207,Shashi Kapoor,Jaya Bachchan
Silsila Hai Pyar Ka,1999.0,150.0,180,2.5,209.0,2645,1026,Chandrachur Singh,Aruna Irani
Silvat,2018.0,45.0,327,7.1,168.0,2879,1028,Amal Farooque,Maaman Memon
Simhadriya Simha,2002.0,157.0,39,8.5,66.0,2313,2503,Meena,Bhanupriya
Simla Road,1969.0,0.0,35,6.0,5.0,1133,826,Jugal Kishore,Dev Kumar
Simmba,2018.0,158.0,19,5.6,15244.0,2282,1941,Ranveer Singh,Sara Ali Khan
Simran,2017.0,124.0,227,5.1,3254.0,901,998,Sohum Shah,Esha Tewari
Sinbad Jahazi,1952.0,0.0,90,4.0,8.0,1659,1464,0,0
Sindbad Alibaba and Aladdin,1965.0,0.0,116,3.7,7.0,1912,90,Master Bhagwan,Helen
Sindhustan,2019.0,64.0,260,9.3,36.0,2491,1134,Laj Badlani,Chaho Bhara
Sindoor,1987.0,162.0,172,5.1,113.0,1160,2083,Govinda,Neelam Kothari
Singaar,1949.0,0.0,282,6.8,9.0,1017,1510,Suraiya,Madhubala
Singapore,1960.0,135.0,240,6.5,71.0,2564,2059,Padmini,Maria Menado
Singh Is Bliing,2015.0,141.0,18,5.0,7891.0,1848,146,Amy Jackson,Lara Dutta
Singh Is King,2008.0,135.0,19,5.7,14526.0,245,146,Katrina Kaif,Om Puri
Singh Saab the Great,2013.0,134.0,39,5.6,2200.0,265,2271,Urvashi Rautela,Prakash Raj
Singham,2011.0,143.0,29,6.8,14788.0,2282,109,Kajal Aggarwal,Prakash Raj
Singham,2019.0,141.0,39,5.5,96.0,1684,1621,Sonam Bajwa,Kartar Cheema
Singham Returns,2014.0,142.0,29,5.7,7675.0,2282,109,Kareena Kapoor,Amole Gupte
Singhasan,1986.0,161.0,13,5.1,14.0,1325,464,Leena Das,Gulshan Grover
Singing with Angry Bird,2016.0,88.0,255,7.5,48.0,967,0,0,0
Sins,2005.0,138.0,331,4.2,387.0,3056,2490,Gauri Shankar,Shiney Ahuja
Sir,2018.0,99.0,327,7.7,5461.0,2272,2354,Vivek Gomber,Geetanjali Kulkarni
Sir,1993.0,151.0,225,6.2,336.0,1423,1406,Pooja Bhatt,Atul Agnihotri
Sirf Romance: Love by Chance,2007.0,160.0,409,3.4,8.0,2029,2549,Raj Babbar,Arun Bakshi
Sirf....: Life Looks Greener on the Other Side,2008.0,135.0,269,5.8,96.0,2054,1040,Manisha Koirala,Ranvir Shorey
Siskiyaan,2005.0,125.0,336,5.1,73.0,396,1446,Sachin Khedekar,Sonu Sood
Sita Swayamvar,1976.0,0.0,105,8.2,29.0,473,1803,Jaya Prada,Satyanarayana Kaikala
Sitam,1982.0,0.0,282,6.0,14.0,3032,349,Naseeruddin Shah,Smita Patil
Sitam,2005.0,0.0,269,2.6,20.0,1805,1055,Tara Sharma,Mallishka
Sitamgar,1985.0,0.0,1,6.7,54.0,2020,632,Parveen Babi,Rishi Kapoor
Sitapur Ki Geeta,1987.0,0.0,28,5.5,31.0,2617,1703,Hema Malini,Pran
Sitara,1980.0,125.0,282,6.5,24.0,1538,1305,Zarina Wahab,Kanhaiyalal Chaturvedi
Sitaramaraju,1999.0,0.0,50,5.7,144.0,3104,1379,Harikrishna Nandamuri,Sakshi Shivanand
Sitaron Se Aage,1958.0,0.0,317,6.1,10.0,2520,377,Rajasulochana,Johnny Walker
Sivaji,2007.0,188.0,52,7.5,18422.0,2316,1712,Shriya Saran,Suman
Sivappathikaaram,2006.0,112.0,1,5.5,86.0,1257,2388,Mamta Mohandas,Raghuvaran
Six X,2016.0,133.0,269,6.9,210.0,583,2023,Shweta Bhardwaj,Hrishitaa Bhatt
Sixteen,2013.0,138.0,331,6.3,1680.0,2022,2512,Izabelle Leite,Mehak Manwani
Siyaah..,2012.0,97.0,363,5.3,63.0,429,784,Habib Al Aidroos,Zarine Ali
Siyasat,1988.0,0.0,1,3.1,15.0,1423,1439,0,0
Siyasat,1992.0,0.0,39,5.8,5.0,2769,1100,Kimi Katkar,Shashi Ranjan
Siyavar Ram - Ramayana,2020.0,90.0,127,7.0,6.0,1619,0,0,0
Skater Girl,2021.0,107.0,292,6.6,1154.0,1479,224,Waheeda Rehman,Rachel Saanchita Gupta
Slender Threads,1973.0,118.0,39,7.1,49.0,2013,2487,Moushumi Chatterjee,Kabir Bedi
Smuggler,1996.0,0.0,28,4.3,19.0,119,632,Ayub Khan,Eva Grover
Smuggler,1966.0,0.0,28,6.7,6.0,402,2091,Kumkum,Sanjeev Kumar
Snegithiye,2000.0,154.0,319,6.5,276.0,1925,960,Sharbani Mukherji,Tabu
Sneham Kosam,1999.0,169.0,39,6.5,270.0,1186,551,Meena,Vijayakumar
Sniffer,2013.0,137.0,94,5.9,680.0,550,1429,Pankaj Tripathi,Ananya Chatterjee
Snip!,2000.0,0.0,214,4.7,124.0,2793,2176,Nikhil Chinappa,Makrand Deshpande
Soch,2002.0,145.0,326,4.3,86.0,2841,1972,Raveena Tandon,Aditi Govitrikar
Soch Lo,2010.0,0.0,29,6.5,86.0,2499,446,Iris Maity,Nishan Nanaiah
Socha Na Tha,2005.0,137.0,180,7.4,7475.0,974,35,Ayesha Takia,Ayesha Jhulka
Society Kaam Se Gayi,2011.0,0.0,269,5.6,12.0,2001,2025,Sonia Gill,Javed Jaffrey
Sohag Raat,1948.0,143.0,327,7.2,6.0,1293,451,Bharat Bhushan,Geeta Bali
Sohni Mahiwal,1985.0,142.0,50,6.1,263.0,1237,1123,Umesh Mehra,Sunny Deol
Sohni Mahiwal,1958.0,104.0,396,5.9,9.0,2033,464,Nimmi,Om Prakash
Sold,2014.0,94.0,269,6.9,1589.0,1092,752,David Arquette,Priyanka Bose
Soldier,1998.0,156.0,48,6.2,2757.0,39,1252,Bobby Deol,Preity Zinta
Soldier as Thakur Daler Singh,1969.0,0.0,1,6.0,5.0,1774,123,Deepa,Dharmendra
Solva Saal,1958.0,135.0,211,7.0,140.0,2013,617,Waheeda Rehman,Jagdev
Solva Sawan,1979.0,140.0,269,6.0,22.0,503,68,Kulbhushan Kharbanda,Madhukar
Some Where in Delhi,1956.0,128.0,180,5.1,9.0,1392,792,Ram Avtar,S.N. Banerjee
Son of Dracula,2009.0,94.0,352,5.5,8.0,2402,937,Raza Murad,Alaudeen
Son of Hercules,1964.0,80.0,1,2.8,28.0,2772,500,Kamran,Leela Kumari
Son of India,1962.0,0.0,269,5.8,50.0,1530,1931,Kamaljit Singh,Kumkum
Son of Sardaar,2012.0,141.0,18,4.0,9060.0,394,248,Ajay Devgn,Sanjay Dutt
Son of Sinbad,1958.0,0.0,90,2.3,24.0,1659,1257,Kuldip Kaur,Prem Nath
Son Rise,2019.0,49.0,241,8.2,213.0,2990,0,0,0
Sona Spa,2013.0,102.0,326,3.5,189.0,1441,139,Nivedita Bhattacharya,Devyani
Sonali Cable,2014.0,127.0,172,5.3,980.0,588,1823,Ali Fazal,Raghav Juyal
Sonchidi,2011.0,55.0,325,6.3,82.0,196,1481,Gagan Singh Sethi,0
Sonchiriya,2019.0,143.0,29,8.1,9572.0,61,2299,Bhumi Pednekar,Ashutosh Rana
Sone Ka Dil Lohe Ke Haath,1978.0,0.0,1,6.5,8.0,1675,2236,Rajan Haksar,Nasir Hussain
Sone Ki Chidiya,1958.0,171.0,327,6.0,34.0,2546,2322,Balraj Sahni,Nutan
Sone Ki Lanka,1992.0,0.0,1,5.7,10.0,119,920,Jaya Prada,Chunky Panday
Sone Pe Suhaaga,1988.0,163.0,55,4.8,90.0,1147,920,Dharmendra,Nutan
Soni,2018.0,97.0,218,7.2,2528.0,1007,744,Saloni Batra,Vikas Shukla
Sons of Ram,2012.0,85.0,142,6.7,77.0,1360,2260,Ettienne Couthino,Devansh Doshi
Sonu Ke Titu Ki Sweety,2018.0,138.0,208,7.1,20000.0,1389,1028,Nushrat Bharucha,Sunny Singh Nijjar
Sookha,1983.0,119.0,269,6.6,9.0,1403,1514,Anant Nag,0
Sooper Se Ooper,2013.0,0.0,162,4.3,178.0,2607,2357,Mahesh Balraj,Mithilesh Chaturvedi
Soorarai Pottru,2020.0,153.0,269,9.1,83029.0,2746,2296,Madhavan,Paresh Rawal
Soorat Aur Seerat,1962.0,0.0,282,7.2,14.0,2114,632,Nutan,K.N. Singh
Soorma,2018.0,131.0,157,7.4,4648.0,2539,661,Taapsee Pannu,Angad Bedi
Soorma Bhopali,1988.0,153.0,162,5.6,60.0,1028,876,Agha,Amitabh Bachchan
Sooryavansham,1999.0,168.0,39,6.3,2820.0,752,1577,Amitabh Bachchan,Soundarya
Sorry Bhai!,2008.0,154.0,180,6.1,1019.0,1748,2031,Boman Irani,Sanjay Suri
Sorry Daddy,2015.0,0.0,1,4.7,6.0,3016,2058,Anupam Shukla,Mukesh Tiwari
SOS: Secrets of Sex,2013.0,114.0,269,5.8,34.0,1341,1097,Gagan Guru,Harman Preet Kaur
SOS: Secrets of Sex Chapter 3,2014.0,108.0,269,3.5,31.0,1341,1097,Leena Kapoor,0
Soul of Sand,2010.0,99.0,326,5.6,82.0,2675,652,Saba Joshi,Avtar Sahani
Soundtrack,2011.0,132.0,317,7.1,826.0,1702,1694,Soha Ali Khan,Mrinalini Sharma
Souryam,2008.0,151.0,39,5.8,167.0,2683,2363,Anushka Shetty,Poonam Kaur
Souten,1983.0,160.0,320,5.7,196.0,2357,1703,Tina Ambani,Padmini Kolhapure
Souten Ki Beti,1989.0,136.0,282,5.3,55.0,2357,920,Rekha,Jaya Prada
Souten: The Other Woman,2006.0,131.0,427,4.7,43.0,1253,1176,Padmini Kolhapure,Shakti Kapoor
Spandan,1982.0,135.0,269,6.1,9.0,531,2396,Anita Kanwar,Amol Palekar
Spark,2014.0,134.0,1,5.9,31.0,2961,1787,Mansha Bahl,Rajniesh Duggall
Special 26,2013.0,144.0,227,8.0,52354.0,1697,146,Anupam Kher,Manoj Bajpayee
Speed,2007.0,102.0,38,2.9,513.0,3035,2390,Sanjay Suri,Zayed Khan
Spirit of Moksha - Kumbh Mela,2010.0,61.0,259,5.8,6.0,2058,1269,0,0
Split Wide Open,1999.0,103.0,218,6.5,222.0,672,1652,Laila Rouass,Shivaji Satam
Spy in Rome,1968.0,155.0,25,4.9,8.0,444,619,Jaymala Adarsh,K.N. Singh
Sree Rama Anjaneya Yuddham,1975.0,166.0,294,7.8,29.0,473,1374,Janardhana Rao Arja,Saroja Devi B.
Sri Anjaneyam,2004.0,174.0,60,4.6,203.0,1331,1476,Ananth,Jogi Brothers
Sri Shirdi Saibaba Mahathyam,1986.0,0.0,269,7.7,83.0,1167,2449,Chandramohan,Anjali Devi
Sri Venkateswara Mahathyam,1960.0,204.0,317,8.5,52.0,1758,1374,Savitri,Varalakshmi S.
Srinagar,2020.0,0.0,269,9.1,28.0,2484,1983,Ravi Sudha Choudhary,Uzma Ahmed
Sssshhh...,2003.0,163.0,366,4.4,330.0,1815,2328,Dino Morea,Karann Nathh
Ssukh,2005.0,0.0,187,5.0,59.0,1299,21,Jackie Shroff,Mahesh Anand
Stalker,2012.0,0.0,427,3.5,8.0,1303,1058,Priyanka Kothari,Nakul Vaid
Stand By,2011.0,0.0,335,6.3,25.0,2464,2149,Sachin Khedekar,Dalip Tahil
Stanley Ka Dabba,2011.0,96.0,173,7.8,6493.0,217,1528,Numaan Sheikh,Abhishek Reddy
Star,1982.0,0.0,317,7.7,53.0,3056,1100,Rati Agnihotri,Raj Kiran
State Rowdy,1989.0,147.0,29,6.3,104.0,848,551,Bhanupriya,Jayamalini
State vs. Malti Mhaske,2018.0,0.0,240,7.1,67.0,1712,1913,Divya Menon,Smita Tambe
Station,2014.0,120.0,227,7.5,90.0,2354,1000,Gulshan Grover,Rohiet Nair
Stay Alert,1956.0,153.0,172,8.2,913.0,201,2179,Pradeep Kumar,Sumitra Devi
Staying Alive,2007.0,96.0,218,6.2,24.0,240,1936,Manuj Bhaskar,Shekhar Bhonsle
Staying Alive,2012.0,89.0,269,5.6,29.0,240,878,Ananth Narayan Mahadevan,Navni Parihar
Still Standing,2010.0,54.0,246,7.5,8.0,1783,0,0,0
Stoovertpuram Police Station,1991.0,148.0,39,6.2,65.0,2983,551,Vijayshanti,Nirosha
Stop!,2004.0,0.0,208,4.4,33.0,108,1850,Dia Mirza,Tejaswini Kolhapure
Straight,2009.0,110.0,172,5.8,350.0,1808,2476,Gul Panag,Anuj Chaudhary
Strangers,2007.0,100.0,331,4.9,338.0,26,932,Kay Kay Menon,Sonali Kulkarni
Strawberry Point,2020.0,0.0,427,7.8,5.0,1837,1016,0,0
Stree,1961.0,139.0,350,7.5,21.0,2580,2065,Sandhya,Rajshree
Stree,2018.0,128.0,192,7.6,29900.0,183,1719,Shraddha Kapoor,Pankaj Tripathi
Street Dancer 3D,2020.0,146.0,314,3.6,5930.0,2245,2419,Shraddha Kapoor,Prabhu Deva
Street Fighter,1995.0,148.0,1,5.2,16.0,848,154,Brahmanandam,Devan
Street Fighter: The Legend of Chun-Li,2009.0,96.0,31,3.7,23206.0,244,1088,Neal McDonough,Michael Clarke Duncan
Street Singer,1938.0,135.0,269,6.3,15.0,1825,968,Kanan Devi,Boken Chatto
Striker,2010.0,128.0,29,6.9,1014.0,567,2145,Ankur Vikal,Anupam Kher
Strings of Passion,2014.0,100.0,269,6.5,31.0,2441,2549,Indrani Haldar,Shubh Mukherjee
Struggler,2006.0,0.0,427,6.0,10.0,1429,207,Atul Kale,Mahesh Manjrekar
Student of the Year,2012.0,146.0,177,5.3,16038.0,1248,2156,Alia Bhatt,Varun Dhawan
Student of the Year 2,2019.0,146.0,20,2.2,17483.0,1938,2353,Ananya Panday,Tara Sutaria
Stumped,2003.0,121.0,182,2.6,121.0,816,1792,Alyy Khan,Salman Khan
Stunttman,1994.0,0.0,50,4.8,20.0,649,413,Tinnu Anand,Ami Asthana
Style,2001.0,157.0,203,6.7,1859.0,1625,2077,Sahil Khan,Riya Sen
Sub Ka Saathi,1972.0,0.0,282,6.5,6.0,1,1973,Vinod Khanna,Om Prakash
Subah Ka Tara,1954.0,107.0,409,5.4,9.0,2580,1564,Shantaram Rajaram Vankudre,Jayshree Gadkar
Subah Subah,1983.0,0.0,409,8.0,83.0,983,19,0,0
Subha-O-Sham,1971.0,180.0,20,6.5,31.0,2887,1981,Waheeda Rehman,Mohamad Ali Fardin
Subhas Chandra,1966.0,130.0,153,8.2,41.0,1829,179,Samar Chatterjee,Ashish Ghosh
Subhash Chandra Bose,2005.0,0.0,45,3.1,245.0,1157,2428,Prakash Raj,Tom Alter
Suddha,2005.0,105.0,269,7.2,13.0,2171,2071,Bharathi Jain,Jagatpal Jain
Sudesi,2005.0,139.0,29,3.7,35.0,1097,372,Karunas,M.N. Nambiar
Sudhandhiram,2000.0,145.0,29,4.0,44.0,2011,1408,Prithviraj,Raghuvaran
Suhaag,1979.0,164.0,48,6.7,1053.0,1483,2083,Amitabh Bachchan,Rekha
Suhaag,1994.0,145.0,20,5.7,1755.0,1339,109,Akshay Kumar,Karisma Kapoor
Suhaag Raat,1968.0,160.0,327,4.8,29.0,1950,1724,Jeetendra,Sulochana Latkar
Suhag Sindoor,1961.0,0.0,269,5.0,5.0,1953,1878,Balraj Sahni,Mala Sinha
Suhagan,1954.0,0.0,282,6.3,6.0,237,781,Mala Sinha,Geeta Bali
Suhagan,1986.0,143.0,409,6.1,43.0,1157,920,Sridevi,Padmini Kolhapure
Suhagan,1964.0,0.0,327,6.2,17.0,1182,781,Mala Sinha,Om Prakash
Suhana Safar,1970.0,130.0,172,6.4,45.0,3002,2083,Sharmila Tagore,Lalita Pawar
Sui Dhaaga,2018.0,122.0,172,6.8,7421.0,2588,305,Varun Dhawan,Raghuvir Yadav
Sujata,1960.0,161.0,327,7.3,326.0,526,1491,Sunil Dutt,Shashikala
Sulemani Keeda,2014.0,89.0,208,7.1,2478.0,200,1422,Mayank Tewari,Aditi Vasudev
Sullan,2004.0,138.0,29,3.2,359.0,2164,631,Manivannan,Pasupathy
Sultaan,2000.0,120.0,39,5.6,54.0,2865,2455,Birbal,Mithun Chakraborty
Sultan,2016.0,170.0,51,7.0,41777.0,173,1940,Kubbra Sait,Anushka Sharma
Sultana Daku,1972.0,0.0,1,8.7,6.0,1558,576,Ajit,Helen
Sultana Daku,1982.0,0.0,1,5.2,5.0,1558,576,Ajit,Helen
Sumbandh,1982.0,0.0,50,5.9,10.0,2617,377,Vinod Mehra,Rati Agnihotri
Summer 2007,2008.0,166.0,227,6.2,238.0,2688,2158,Gul Panag,Yuvika Chaudhary
Summer Camp,2018.0,128.0,172,7.1,16.0,1356,2014,Altaf,Manish Garg
Sun Meri Laila,1983.0,143.0,409,6.9,11.0,568,501,Deepika Chikhalia,Iftekhar
Sun Sajna,1982.0,138.0,291,6.3,21.0,568,1305,Ranjeeta Kaur,Iftekhar
Sun Zarra,2006.0,125.0,327,5.4,18.0,2278,1948,Mithun Chakraborty,Renuka Shahane
Sunayana,1979.0,131.0,180,5.9,39.0,951,2248,Murad,Gayatri
Sunday,2008.0,135.0,24,5.3,2619.0,2282,109,Ayesha Takia,Arshad Warsi
Sunday,1993.0,0.0,162,6.7,6.0,1782,1732,Deven Bhojani,Kurush Deboo
Sunehra Sansar,1975.0,0.0,282,5.4,22.0,93,1696,Mala Sinha,Hema Malini
Sunehre Din,1949.0,143.0,269,6.6,30.0,2511,1671,Rehana,Roopkamal
Sunghursh,1968.0,175.0,29,6.8,93.0,920,658,Vyjayanthimala,Balraj Sahni
Sunglass,2013.0,100.0,183,5.4,30.0,2265,903,Madhavan,Tota Roy Chowdhury
Sunheri Nagin,1963.0,0.0,0,5.7,6.0,459,1177,Helen,Sulochana Latkar
Sunn Raha Hai Na,2017.0,56.0,327,6.1,7.0,781,2121,Harsha Chopda,Sunita Verma
Sunny,1984.0,114.0,327,5.6,128.0,2013,2271,Amrita Singh,Dharmendra
Suno Na.. Ek Nanhi Aawaz,2009.0,127.0,269,4.5,6.0,221,2342,Makrand Shukla,Rajendra Chawla
Suno Sasurjee,2004.0,169.0,23,2.5,147.0,3042,87,Ameesha Patel,Gulshan Grover
Sunset Bollywood,2005.0,60.0,241,8.6,663.0,1313,207,Bhagyashree,Mahesh Bhatt
Sunshine Music Tours & Travels,2016.0,110.0,162,6.5,31.0,2555,2274,Ashrut Jain,Ajit Singh Arora
Suntan,1976.0,121.0,269,6.8,20.0,1568,920,Ashok Kumar,Nirupa Roy
Supari,2003.0,142.0,29,4.3,136.0,1775,1394,Uday Chopra,Rahul Dev
Supari - The Quest Begins Now,2014.0,90.0,216,5.9,33.0,25,1893,Swetanshu Bora,Mukesh Ghatiya
Super 30,2019.0,154.0,151,8.0,23000.0,3031,831,Mrunal Thakur,Nandish Singh
Super Bheem Aakhri Chunauti,2016.0,0.0,127,5.8,5.0,2096,0,0,0
Super Bheem Fire and Ice,2016.0,0.0,127,5.8,5.0,2096,0,0,0
Super Bheem Hawa Mein Halla,2016.0,0.0,127,5.5,11.0,2096,1084,0,0
Super Model,2013.0,83.0,324,1.9,180.0,1686,375,Veena Malik,Sana Oberoi
Super Nani,2014.0,133.0,173,4.6,398.0,981,1819,Sharman Joshi,Randhir Kapoor
Super Police,1994.0,95.0,84,5.5,70.0,1153,154,Brahmanandam,Chalapathi Rao
Superman,1960.0,0.0,2,4.8,18.0,1558,239,Helen,Paidi Jairaj
Superman,1987.0,123.0,14,4.5,301.0,432,1627,Sonia Sahni,Dharmendra
Supermen of Malegaon,2008.0,66.0,241,8.0,648.0,768,2048,Farogh Jafri,Akram Khan
Superstar,2008.0,120.0,327,6.0,707.0,2276,1109,Tulip Joshi,Aushima Sawhney
Sur,2002.0,136.0,320,6.4,475.0,2879,1144,Simone Singh,Achint Kaur
Sur Asur,1990.0,0.0,162,6.0,8.0,2739,2046,Rohan Kapoor,Alok Nath
Sur Sangam,1985.0,149.0,178,6.8,45.0,1169,755,Jaya Prada,Sachin Pilgaonkar
Suraag,1982.0,0.0,430,7.3,58.0,1021,187,Sanjeev Kumar,Shabana Azmi
Suraj,1966.0,155.0,417,6.7,124.0,2863,2510,Rajendra Kumar,Ajit
Suraj,1997.0,0.0,1,3.3,18.0,2865,1732,Mithun Chakraborty,Puneet Issar
Suraj Aur Chanda,1973.0,131.0,60,5.7,10.0,2862,1981,Rita Haksar,Sujit Kumar
Suraj Pe Mangal Bhari,2020.0,139.0,162,5.9,3011.0,70,1225,Fatima Sana Shaikh,Vijay Raaz
Surakksha,1979.0,132.0,5,7.3,95.0,2231,1771,Mithun Chakraborty,Bhushan Jeevan
Surakshaa,1995.0,148.0,80,4.1,188.0,224,1726,Saif Ali Khan,Aditya Pancholi
Surkhaab,2014.0,100.0,112,6.3,68.0,2466,446,Sumit Suri,Vineeta Malik
Surkhiyaan (The Headlines),1985.0,134.0,29,5.4,16.0,386,1406,Moon Moon Sen,Suresh Oberoi
Surya,2004.0,0.0,422,5.6,5.0,1805,1298,Nataneya Singh,Amrish Puri
Suryaa: An Awakening,1989.0,0.0,39,6.5,43.0,760,1636,Vinod Khanna,Raj Babbar
Suryavanshi,1992.0,161.0,352,4.5,923.0,2131,1940,Amrita Singh,Sheeba
Susman,1987.0,140.0,269,7.3,26.0,2662,2031,Om Puri,Kulbhushan Kharbanda
Sutradhar,1987.0,0.0,269,6.3,37.0,580,755,Smita Patil,Nilu Phule
Suvarna Sundari,1957.0,0.0,387,7.1,15.0,2981,140,Saroja Devi B.,Shyama
Swades,2004.0,189.0,269,8.2,85340.0,392,2039,Gayatri Joshi,Kishori Ballal
Swaha: Life Beyond Superstition,2010.0,0.0,296,3.7,18.0,1496,1828,Manoylo Svitlana,Ishrat Ali
Swami,1977.0,129.0,269,6.5,196.0,476,2031,Girish Karnad,Utpal Dutt
Swami,2007.0,140.0,269,6.8,374.0,808,1225,Juhi Chawla,Maninder Wasu
Swami Ayyappan,2012.0,90.0,129,7.6,37.0,594,1175,0,0
Swami Dada,1982.0,151.0,39,6.3,87.0,671,2313,Dev Anand,Mithun Chakraborty
Swami Vivekananda,1955.0,0.0,147,6.5,12.0,185,122,Bharati Devi,Anubha Gupta
Swaraaj,2003.0,90.0,0,6.9,19.0,305,166,Tannishtha Chatterjee,Mandakini Goswami
Swarag Se Sunder,1986.0,0.0,269,5.1,106.0,1147,920,Jaya Prada,Mithun Chakraborty
Swarg,1990.0,160.0,269,6.7,1255.0,630,1703,Govinda,Madhavi
Swarg Jaisaa Ghar,1991.0,0.0,282,2.8,9.0,2858,1668,Sumeet Saigal,Aasif Sheikh
Swarg Narak,1978.0,164.0,180,5.5,57.0,1669,1981,Jeetendra,Vinod Mehra
Swarg Se Sundar Desh Hamara,1945.0,0.0,0,5.9,9.0,637,490,Padmadevi,0
Swarg Yahan Narak Yahan,1991.0,0.0,29,6.2,64.0,3042,1305,Shilpa Shirodkar,Sumalatha
Swati,1986.0,151.0,269,6.7,103.0,1318,2083,Sharmila Tagore,Meenakshi Sheshadri
Swayam,1991.0,0.0,269,3.9,13.0,1423,2511,Sadashiv Amrapurkar,Mahesh Anand
Swayamvar,1980.0,161.0,180,7.4,85.0,1759,2083,Sanjeev Kumar,Moushumi Chatterjee
Sweekar,1973.0,0.0,269,6.9,14.0,2751,1170,Hansa Maker,Kishore Kapoor
Sweekar Kiya Maine,1983.0,170.0,172,6.1,22.0,3128,2489,Shabana Azmi,Prema Narayan
Sweetiee Weds NRI,2017.0,116.0,180,3.4,244.0,927,819,Zoya Afroz,Darshan Jariwala
Switchh,2021.0,130.0,84,4.2,11.0,1622,337,Hanif Hilal,Naren Kumar
T for Taj Mahal,2018.0,104.0,269,8.7,93.0,1298,2228,Pitobash,Manoj Pahwa
Ta Ra Rum Pum,2007.0,153.0,173,5.6,4409.0,2671,1926,Rani Mukerji,Javed Jaffrey
Taal,1999.0,179.0,320,6.7,5068.0,2731,149,Anil Kapoor,Aishwarya Rai Bachchan
Taanashah,2020.0,101.0,39,7.3,25.0,2259,655,Indraneel Bhattacharya,Shashi Chaturvedi
Taandav: Tune of Taandav,2001.0,0.0,376,2.9,14.0,410,0,0,0
Taaqat,1982.0,0.0,39,5.9,7.0,1671,2487,Parveen Babi,Rakhee Gulzar
Taaqat,1995.0,180.0,238,4.8,90.0,2876,632,Shatrughan Sinha,Kajol
Taaqatwar,1989.0,0.0,1,5.5,98.0,630,1970,Govinda,Anita Raj
Taarzan: The Wonder Car,2004.0,163.0,65,4.5,2781.0,39,1252,Vatsal Sheth,Ayesha Takia
Tabaahi: The Destroyer,1999.0,133.0,1,4.4,21.0,852,1305,Divya Dutta,Neelu Hasan
Table No. 21,2013.0,108.0,112,7.2,11709.0,86,1523,Rajeev Khandelwal,Tina Desai
Tada,2003.0,154.0,1,4.7,24.0,2682,862,Sadashiv Amrapurkar,Arjun
Tadap,1990.0,135.0,269,5.6,8.0,2691,2243,Chunky Panday,Nana Patekar
Tadipaar,1993.0,134.0,39,4.7,142.0,1423,1305,Pooja Bhatt,Anupam Kher
Tahalka,1992.0,168.0,15,5.7,316.0,265,632,Naseeruddin Shah,Mukesh Khanna
Tahkhana,1986.0,117.0,46,5.4,169.0,2666,2371,Rana Jung Bahadur,Hemant Birje
Tahqiqaat,1993.0,139.0,235,5.3,26.0,2,1171,Sulabha Arya,Laxmikant Berde
Taish,2020.0,143.0,84,7.5,3703.0,484,930,Harshvardhan Rane,Pulkit Samrat
Taj,1956.0,138.0,314,6.6,8.0,1665,2510,Pradeep Kumar,Bipin Gupta
Taj Mahal: A Monument of Love,2003.0,235.0,305,6.7,51.0,2270,2040,Kulbhushan Kharbanda,Raghu Khosla
Taj Mahal: An Eternal Love Story,2005.0,164.0,304,5.0,161.0,150,2551,Sonya Jehan,Kabir Bedi
Tajurba,1981.0,140.0,2,5.7,12.0,1715,1668,Smita Patil,Naseeruddin Shah
Take It Easy,2015.0,0.0,269,7.4,19.0,2804,2244,Anang Desai,Yash Eshawari
Taking the Horse to Eat Jalebis,2019.0,121.0,269,6.1,50.0,223,1808,Raghuvir Yadav,Gopalan
Takkar,1995.0,143.0,29,4.6,195.0,501,1406,Sunil Shetty,Sonali Bendre
Takkar,1980.0,157.0,269,5.4,36.0,1147,1981,Jeetendra,Zeenat Aman
Talaaq,1958.0,182.0,269,6.7,19.0,1426,1696,Kamini Kadam,Sajjan
Talaash,2012.0,140.0,224,7.2,40234.0,2241,1619,Aamir Khan,Kareena Kapoor
Talaash: The Hunt Begins...,2003.0,153.0,49,4.7,1411.0,2790,1736,Akshay Kumar,Kareena Kapoor
Talaashi,1996.0,157.0,218,4.3,34.0,2666,2371,Jackie Shroff,Juhi Chawla
Talash,1969.0,175.0,422,6.6,155.0,1743,1696,Sharmila Tagore,O.P. Ralhan
Talashe Haq,1935.0,0.0,0,6.8,11.0,597,874,Nargis,Qamar Jahan
Tales of Siva 1,2009.0,65.0,145,5.5,6.0,2247,1442,Prosenjit Ganguly,Baiju Gopinath
Tales of Siva 2,2009.0,66.0,127,6.3,6.0,2247,0,0,0
Tallukh,2020.0,83.0,225,5.4,56.0,299,2522,Anurag Jha,Harshita Awale
Talvar,2015.0,132.0,224,8.2,32313.0,1529,854,Konkona Sen Sharma,Neeraj Kabi
Tamacha,1988.0,165.0,77,4.0,50.0,2173,920,Rajinikanth,Amrita Singh
Tamanchey: Pyar Mein Dil Pe Maar De Goli,2014.0,113.0,238,4.4,308.0,1689,1455,Richa Chadha,Damandeep Singh
Tamanna,1969.0,0.0,282,6.2,12.0,1312,504,Mala Sinha,Shashikala
Tamanna,1998.0,127.0,269,6.8,302.0,1423,1523,Pooja Bhatt,Sharad S. Kapoor
Tamasha,1952.0,127.0,269,7.6,38.0,1825,617,Meena Kumari,Bipin Gupta
Tamasha,2015.0,139.0,180,7.3,24623.0,974,609,Ranbir Kapoor,Sushma Seth
Tamboo Mein Bamoo,2001.0,0.0,269,6.5,13.0,712,1810,Birbal,Satnam Kaur
Tan-Badan,1986.0,115.0,269,5.1,37.0,224,768,Kushboo,Jyoti Patel
Tangewala,1972.0,139.0,29,5.6,29.0,1675,1696,Mumtaz,Sujit Kumar
Tangewali,1955.0,120.0,282,8.4,5.0,1382,2059,Balraj Sahni,Anita Guha
Tango Charlie,2005.0,142.0,6,6.0,1789.0,1457,109,Bobby Deol,Sanjay Dutt
Tanhaji: The Unsung Warrior,2020.0,135.0,17,7.6,22344.0,1745,109,Saif Ali Khan,Sharad Kelkar
Tank Cleaner,2021.0,155.0,427,8.7,20.0,1811,799,Muntazir Ahmad,Sunny Gill Ambersariya
Tansen,1943.0,122.0,320,7.5,26.0,1072,968,Khurshid Begum,Mubarak
Tanu Weds Manu,2011.0,113.0,180,6.8,13804.0,26,1159,Kangana Ranaut,Jimmy Sheirgill
Tanu Weds Manu Returns,2015.0,128.0,180,7.6,26843.0,26,998,Madhavan,Jimmy Sheirgill
Tapasya,1976.0,133.0,282,7.2,48.0,255,1736,Parikshit Sahni,Asrani
Tapish,2000.0,144.0,269,6.0,20.0,1083,2341,Ellora Patnaik,Parvin Dabas
Taqdeer,1983.0,0.0,50,5.8,88.0,547,1305,Zeenat Aman,Hema Malini
Taqdeer,1967.0,108.0,282,6.3,35.0,6,464,Shalini,Farida Jalal
Taqdeer Ka Badshah,1982.0,0.0,39,4.9,18.0,454,1305,Ranjeeta Kaur,Amjad Khan
Taqdeer Ka Sikander,2002.0,0.0,1,5.1,7.0,2834,811,Chandrashekhar,Dharmendra
Taqdeer Ka Tamasha,1990.0,217.0,29,4.2,40.0,227,920,Moushumi Chatterjee,Govinda
Taqdeerwala,1995.0,162.0,21,6.5,414.0,1153,2428,Raveena Tandon,Asrani
Tara Mira,2019.0,120.0,269,7.3,31.0,2093,1773,Nazia Hussain,Gurpreet Ghuggi
Tara: The Journey of Love and Passion,2013.0,110.0,269,5.5,43.0,1347,1820,Rohan Shroff,Ashish Saleem
Tarana,1979.0,111.0,396,6.9,37.0,647,1305,Ranjeeta Kaur,Master Bhagwan
Tarana,1951.0,0.0,327,7.1,135.0,2144,1166,Dilip Kumar,Shyama
Tarang,1984.0,171.0,269,6.9,47.0,1348,214,Smita Patil,Shreeram Lagoo
Tarazu,1997.0,144.0,29,4.5,589.0,3042,146,Sonali Bendre,Mohnish Bahl
Target,1995.0,122.0,269,7.6,73.0,2439,1311,Barun Chakraborty,Champa
Tarkeeb,1984.0,136.0,29,4.6,9.0,2231,1305,Leena Das,Dinesh Hingoo
Tarkieb,2000.0,156.0,408,5.0,233.0,760,1390,Tabu,Shilpa Shetty Kundra
Tarpan (The Absolution),1995.0,140.0,303,7.2,67.0,1148,2019,Babita Bhardwaj,Pradeep Bhatnagar
Tarpan: The Salvation,2019.0,104.0,269,8.1,31.0,1693,2411,Rahul Chahan,Poonam Ingle
Tarzan 303,1970.0,131.0,1,3.8,6.0,579,529,Shabnam,K.N. Singh
Tarzan and King Kong,1965.0,128.0,13,5.6,27.0,7,1763,Mumtaz,Bela Bose
Tarzan Aur Jadui Chirag,1966.0,136.0,90,3.8,9.0,456,423,Sunita,B.M. Vyas
Tarzan Comes to Delhi,1965.0,0.0,2,6.7,15.0,1270,576,Mumtaz,Master Bhagwan
Tarzan's Daughter,2002.0,99.0,11,4.5,11.0,1892,811,Ritika Singh,Raza Murad
Tashan,2008.0,120.0,50,3.9,5037.0,3012,146,Saif Ali Khan,Kareena Kapoor
Tasveer,1966.0,0.0,1,6.0,8.0,1013,715,Rajendranath Malhotra,Nasir Hussain
Tathagatha Buddha The Life & Times of Gautama Buddha,2008.0,127.0,151,6.9,14.0,2709,2266,Parvati Melton,Surendra Pal
Tathastu,2006.0,113.0,227,4.4,460.0,290,1970,Ameesha Patel,Jaya Prada
Tauba Tauba,2004.0,121.0,172,2.6,93.0,2865,1127,Bobby Darling,Amin Gazi
Tawai: A Voice from the Forest,2017.0,101.0,241,7.4,238.0,549,1242,Bruce Parry,Ingrid Lewis
Tawaif,1985.0,160.0,180,7.1,104.0,447,377,Rishi Kapoor,Rati Agnihotri
Taxi Chor,1980.0,103.0,240,5.2,20.0,2846,848,Master Bhagwan,Abhi Bhattacharya
Taxi Driver,1954.0,133.0,396,6.9,257.0,592,617,Kalpana Kartik,Sheila Ramani
Taxi Driver,1973.0,118.0,409,6.3,30.0,1558,377,Nirupa Roy,Bhisham Kohli
Taxi Driver,1944.0,0.0,199,2.5,16.0,2333,654,Baburao Pahelwan,Sulochana Chatterjee
Taxi No. 9 2 11: Nau Do Gyarah,2006.0,116.0,183,7.3,9418.0,1542,938,Nana Patekar,Sonali Kulkarni
Taxi Taxie,1977.0,123.0,94,6.4,37.0,997,214,Zaheera,Reena Roy
Te3n,2016.0,136.0,326,7.3,12118.0,2251,207,Nawazuddin Siddiqui,Vidya Balan
Team: The Force,2009.0,115.0,18,4.0,68.0,111,2172,Amrita Arora,Yash Tonk
Teen Bahuraniyan,1968.0,160.0,162,6.8,53.0,2343,1884,Prithviraj Kapoor,Agha
Teen Batti Char Raasta,1953.0,0.0,269,7.3,17.0,2580,1014,Lalita Kumari,Leela Mishra
Teen Chor,1973.0,126.0,29,5.8,9.0,617,2489,Sulochana Latkar,Jeevan
Teen Devian,1965.0,121.0,396,6.9,182.0,186,617,Nanda,Simi Garewal
Teen Ekkey,1980.0,0.0,26,3.3,7.0,1115,1056,Romesh Sharma,Joginder Shelly
Teen Patti,2010.0,140.0,227,4.1,1457.0,1380,207,Madhavan,Shraddha Kapoor
Teen Sardar,1965.0,125.0,6,6.3,10.0,1982,1763,Azaad Irani,Parveen Choudhary
Teen Sau Din Ke Baad,1938.0,158.0,90,6.4,10.0,2501,1891,Motilal,Bibbo
Teen Taal,2016.0,120.0,269,7.5,27.0,2562,732,Shakirul Alam,Ravi Shankar Chowdhary
Teen Thay Bhai,2011.0,0.0,172,4.2,325.0,1594,1495,Deepak Dobriyal,Shreyas Talpade
Teenmoti,1995.0,0.0,1,4.9,11.0,133,2051,Rashid Khan,Shabbir Khan
Tees Maar Khan,2010.0,135.0,164,2.6,11981.0,770,146,Katrina Kaif,Akshaye Khanna
Teesra Kaun,1965.0,127.0,29,6.3,17.0,1558,715,Shashikala,Shyam Kumar
Teesra Kaun?,1994.0,160.0,214,5.2,133.0,1805,1305,Chunky Panday,Somy Ali
Teesra Kinara,1986.0,0.0,409,6.8,14.0,1333,1668,Smita Patil,Anita Raj
Teesri Aankh,1982.0,151.0,84,6.4,73.0,2737,632,Shatrughan Sinha,Zeenat Aman
Teesri Aankh: The Hidden Camera,2006.0,111.0,38,2.6,300.0,921,2271,Ameesha Patel,Neha Dhupia
Teesri Kasam,1966.0,159.0,180,7.9,746.0,475,1671,Waheeda Rehman,Dulari
Teesri Manzil,1966.0,172.0,203,7.7,1135.0,3003,2059,Asha Parekh,Raj Mehra
Tehzeeb,2003.0,143.0,269,5.9,525.0,1287,2031,Urmila Matondkar,Arjun Rampal
Tejaa,1990.0,0.0,39,4.5,52.0,2179,1970,Kimi Katkar,Sonu Walia
Tejasvini,1994.0,169.0,39,6.3,89.0,1625,603,Vijayshanti,Charan Raj
Tel Malish Boot Polish,1961.0,0.0,19,3.9,15.0,2287,2091,Kumkum,Chandrashekhar
Telephone,1985.0,116.0,427,6.3,27.0,2666,2371,Shatrughan Sinha,Parveen Babi
Tell Me O Kkhuda,2011.0,125.0,29,2.5,351.0,932,632,Vinod Khanna,Rishi Kapoor
Ten,2005.0,152.0,29,5.5,3182.0,290,1970,Sunil Shetty,Abhishek Bachchan
Tennis Buddies,2019.0,153.0,269,5.4,43.0,2688,569,Madhu Anand Chandhock,Divya Dutta
Tera Intezaar,2017.0,108.0,422,1.8,262.0,1976,319,Sunny Leone,Bhani Singh
Tera Jadoo Chal Gayaa,2000.0,143.0,396,3.0,560.0,5,46,Kirti Reddy,Sanjay Suri
Tera Kya Hoga Johnny,2009.0,155.0,227,6.0,210.0,2754,1450,Sikandar Agarwal,Aditya Bhattacharya
Tera Mera Saath Rahen,2001.0,148.0,269,4.9,311.0,1429,109,Sonali Bendre,Namrata Shirodkar
Tera Mera Tedha Medha,2015.0,107.0,162,4.0,9.0,603,1649,Geetika Tyagi,Reema Vohra
Teraa Surroor,2016.0,106.0,50,2.6,840.0,2604,824,Farah Karimaee,Naseeruddin Shah
Tere Bin Laden,2010.0,95.0,172,7.2,10234.0,70,159,Pradhuman Singh,Piyush Mishra
Tere Bin Laden: Dead Or Alive,2016.0,104.0,162,4.3,860.0,70,598,Manish Paul,Pradhuman Singh
Tere Bina Kya Jeena,1989.0,127.0,339,5.1,13.0,1769,1529,Shekhar Suman,Moon Moon Sen
Tere Ghar Ke Samne,1963.0,149.0,418,7.4,394.0,3003,617,Nutan,Rajendranath Malhotra
Tere Ishq Nachaya,2010.0,122.0,409,2.4,8.0,2233,738,Mannat Singh,Kanwaljit Singh
Tere Liye,2001.0,138.0,289,5.3,52.0,2449,842,Sonali Khare,Neelu Kohli
Tere Mere Beech Mein,1984.0,0.0,180,6.2,20.0,616,1257,Usha Chavan,Amjad Khan
Tere Mere Phere,2011.0,120.0,180,5.3,243.0,645,2476,Riya Sen,Jagrat Desai
Tere Mere Sapne,1971.0,175.0,327,7.2,223.0,3003,617,Mumtaz,Mahesh Kaul
Tere Mere Sapne,1996.0,146.0,20,6.2,483.0,1129,533,Arshad Warsi,Priya Gill
Tere Naal Love Ho Gaya,2012.0,130.0,180,5.8,4120.0,1448,1842,Genelia D'Souza,Om Puri
Tere Pyaar Mein,1978.0,103.0,376,5.9,7.0,2735,1305,Abha Dhulia,Vijayendra Ghatge
Teree Sang: A Kidult Love Story,2009.0,132.0,327,6.2,589.0,2509,1877,Sheena Shahabadi,Rajat Kapoor
Teri Baahon Mein,1984.0,120.0,409,6.1,22.0,2935,1325,Ayesha Shroff,Navin Nischol
Teri Bhabhi Hai Pagle,2018.0,125.0,18,3.1,125.0,3058,1722,Nazia Hussain,Krishna Abhishek
Teri Dilli Meri Dili,2014.0,73.0,269,7.0,10.0,2434,1633,Madhulika Jatolia,Ridhi Jugran
Teri Diwali Meri Christmas,2020.0,68.0,117,5.7,23.0,299,302,Hemavaishnave,Khushboo Moharkar
Teri Kasam,1982.0,195.0,409,6.7,48.0,10,1100,Poonam Dhillon,Girish Karnad
Teri Maang Sitaron Se Bhar Doon,1982.0,155.0,339,5.0,11.0,2013,1491,Padmini Kolhapure,Raj Kiran
Teri Meherbaniyan,1985.0,140.0,29,5.4,236.0,3020,871,Poonam Dhillon,Raj Kiran
Teri Meri Kahaani,2012.0,117.0,180,4.7,3873.0,1352,2043,Priyanka Chopra Jonas,Prachi Desai
Teri Payal Mere Geet,1993.0,120.0,327,5.3,36.0,2244,768,Meenakshi Sheshadri,Alpana
Teri Talash Mein,1990.0,0.0,221,3.0,8.0,3057,173,Krishna,Pradeepta
Terror,2016.0,130.0,38,6.8,71.0,2508,1293,Nikita Thukral,Ravi Varma
Terror Strike,2018.0,104.0,1,6.2,9.0,1216,1688,Gayatri,Raj Hussain
Tevar,2015.0,157.0,50,4.0,3014.0,203,328,Sonakshi Sinha,Manoj Bajpayee
Tezaab,1988.0,173.0,50,7.0,2026.0,1625,251,Madhuri Dixit,Anupam Kher
Tezz,2012.0,121.0,29,3.9,2254.0,1925,251,Ajay Devgn,Mohanlal
Thackeray,2019.0,120.0,151,5.2,3005.0,50,1429,Amrita Rao,Radha Sagar
Thakshak,1999.0,163.0,29,5.9,583.0,862,109,Tabu,Amrish Puri
Thakur Jarnail Singh,1966.0,0.0,1,5.0,9.0,1558,576,Helen,Indira
Thamizhan,2002.0,162.0,39,5.7,1633.0,4,943,Priyanka Chopra Jonas,Nassar
Thanedaar,1990.0,151.0,29,5.6,368.0,2020,920,Sanjay Dutt,Jaya Prada
Thanga Magan,1983.0,141.0,39,6.1,100.0,2,1558,Aachi Manorama,Poornima
Thanikkattu Raja,1982.0,0.0,1,5.0,81.0,2955,1712,Silk Smitha,Sridevi
Thank You,2011.0,125.0,162,4.7,5433.0,245,146,Sonam Kapoor,Bobby Deol
Thanks Maa,2009.0,120.0,218,7.9,698.0,995,1261,Master Salman,Master Jaffer
Thappad,2020.0,142.0,269,6.8,15063.0,290,2318,Pavail Gulati,Kumud Mishra
That Girl in Yellow Boots,2010.0,103.0,224,6.7,3608.0,300,980,Prashant Prakash,Naseeruddin Shah
That's Life,1951.0,0.0,282,7.0,6.0,2348,1154,Pushpavalli,Swaraj
That's What It's All About: The Journey of Prem Ratan Dhan Payo,2016.0,65.0,241,4.2,10.0,2999,2201,Swara Bhaskar,Deepak Dobriyal
Thavasi,2001.0,165.0,20,4.8,100.0,2926,2450,Soundarya,Vadivelu
Thayillamal Nannilai,1979.0,135.0,39,6.3,60.0,1958,983,Sridevi,Rajinikanth
The Accidental Prime Minister,2019.0,112.0,151,6.0,6373.0,3019,297,Akshaye Khanna,Suzanne Bernert
The Angrez,2005.0,110.0,162,7.3,425.0,1359,1113,Mast Ali,Sowmya Bollapragada
The Angrez 2,2015.0,99.0,18,7.1,57.0,1359,1113,Raghu Kumar Karumanchi,Izeqiel McCoy
The Announcement of War,1989.0,149.0,1,5.7,81.0,265,632,Jaya Prada,Dara Singh
The Arms Drop,2014.0,94.0,246,6.8,139.0,243,1369,Mikhail Belinson,Sami Darr
The Artist,2011.0,100.0,427,6.4,9.0,2804,1188,Sunil Prem Vyas,0
The Attacks of 26/11,2013.0,116.0,29,6.9,4752.0,2147,1390,Atul Kulkarni,Sanjeev Jaiswal
The BFG,2016.0,117.0,114,6.4,79642.0,2728,1243,Ruby Barnhill,Penelope Wilton
The Bhai,2012.0,0.0,84,6.6,11.0,2906,380,Abbhimanyyu Singh,Priyanshu Painyuli
The Big Bull,2021.0,153.0,149,6.1,11536.0,1316,46,Nikita Dutta,Ileana D'Cruz
The Blue Umbrella,2005.0,90.0,173,7.4,1952.0,3070,1515,Shriya Sharma,Deepak Dobriyal
The Blueberry Hunt,2016.0,110.0,84,5.6,198.0,292,1029,Vinay Forrt,Aahana Kumra
The Body,2019.0,101.0,408,5.4,2965.0,1087,694,Rishi Kapoor,Sobhita Dhulipala
The Brawler,2017.0,154.0,51,8.0,6847.0,300,2483,Jimmy Sheirgill,Zoya Hussain
The Bright Day,2013.0,90.0,269,5.9,126.0,1583,1311,Radhika Apte,Rajit Kapoor
The Burning Train,1980.0,142.0,84,6.8,1442.0,2213,632,Vinod Khanna,Jeetendra
The Cage of Life,2020.0,0.0,269,7.5,22.0,1849,1871,Mahima Gupta,Amarjeet Kumar
The Camp,2010.0,0.0,103,6.1,12.0,1731,2186,Sanjay Mishra,Rakesh Bedi
The Chalbaaz,1997.0,137.0,1,8.3,49.0,1560,2096,0,0
The Cheat,1974.0,0.0,269,6.3,9.0,2828,2233,Vinod Khanna,Moushumi Chatterjee
The Chess Players,1977.0,129.0,175,7.6,3316.0,2518,1981,Saeed Jaffrey,Shabana Azmi
The Churning,1976.0,134.0,269,7.7,540.0,2662,755,Smita Patil,Naseeruddin Shah
The Cinema Travellers,2016.0,96.0,241,7.7,98.0,2623,202,0,0
The Climb,1970.0,0.0,127,4.9,7.0,509,0,0,0
The Court Dancer: Raj Narkati,1941.0,144.0,269,6.4,19.0,1556,1905,Protima Dasgupta,Binita Gupta
The Darjeeling Limited,2007.0,91.0,94,7.2,185127.0,3096,1502,Adrien Brody,Jason Schwartzman
The Dark Side of Life: Mumbai City,2018.0,125.0,269,5.9,478.0,2892,405,Mahesh Bhatt,Sayed Gul
The Deceivers,1988.0,102.0,98,6.1,944.0,1708,1546,Saeed Jaffrey,Shashi Kapoor
The Destiny Samaj of Banjaraa,2019.0,0.0,269,7.3,10.0,2086,243,Faizaan Khan,Hussain Khan
The Dirty MMS,2014.0,93.0,269,2.4,18.0,2755,1731,Sudhir,Gunj
The Dirty Picture,2011.0,144.0,148,6.6,8931.0,1542,2436,Emraan Hashmi,Tusshar Kapoor
The Dirty Relation,2013.0,121.0,427,3.6,12.0,1274,1968,Jasleen Matharu,Kanwaljeet Matharu
The Don,1995.0,135.0,218,6.0,85.0,776,1305,Sonali Bendre,Jugal Hansraj
The Dream Job,2017.0,138.0,269,6.0,14.0,1602,1906,Zuber K. Khan,Prasad Shikhare
The Elder One,2019.0,125.0,29,7.5,1707.0,829,1486,Shashank Arora,Sanjana Dipu
The Evening Show,2020.0,0.0,427,8.9,60.0,1804,548,Apoorv Bansal,Akash Chaudhary
The Fakir of Venice,2009.0,87.0,269,5.1,265.0,234,704,Annu Kapoor,Jhilmil Hazrika
The Fiancee,1953.0,151.0,327,6.9,137.0,526,377,Meena Kumari,Asitbaran
The Film,2005.0,144.0,224,6.4,84.0,3139,1409,Ravi Baswani,Rakesh Bedi
The Film Emotional Atyachar,2010.0,87.0,165,6.0,291.0,166,1779,Vinay Pathak,Ravi Kishan
The Film Love.Com... The Ultimate Killing Site,2010.0,92.0,29,3.4,16.0,3055,880,Mika Singh,Mumait Khan
The Final Exit,2017.0,119.0,363,6.2,41.0,708,1105,Mukesh Hariawala,Elena Kazan
The Firm Land,2008.0,95.0,269,5.4,13.0,587,1603,Change Ji,Abu Lala
The Flip Side: A Truth That Could Not Reach You,2015.0,48.0,241,9.2,97.0,2941,2227,Shiva Shambh Bhatt,Asaram Bapu
The Forest,2009.0,88.0,313,5.0,114.0,393,275,Javed Jaffrey,Nandana Sen
The Gentleman,1994.0,161.0,39,5.2,192.0,1423,551,Juhi Chawla,Paresh Rawal
The Ghazi Attack,2017.0,116.0,88,7.6,12367.0,2483,1758,Kay Kay Menon,Atul Kulkarni
The Girl on the Train,2021.0,120.0,224,4.4,7312.0,2251,76,Kirti Kulhari,Parineeti Chopra
The Goa Run,2014.0,112.0,36,7.1,58.0,1121,1694,Prashant Narayanan,Lekha Washington
The Gold Medal,1984.0,0.0,84,4.3,18.0,2231,632,Jeetendra,Rakhee Gulzar
The Good Road,2013.0,92.0,269,6.1,532.0,883,111,Sonali Kulkarni,Shamji Dhana Kerasia
The Great Gambler,1979.0,105.0,36,6.5,619.0,2564,207,Zeenat Aman,Neetu Singh
The Great Indian Butterfly,2007.0,110.0,269,6.2,179.0,2500,18,Sandhya Mridul,Koel Purie
The Great Indian Escape,2019.0,117.0,91,7.1,39.0,2889,1643,Raaj Singh Arora,Asheesh Kapur
The Great Indian Marriage Bazaar,2011.0,60.0,257,6.5,14.0,2297,699,0,0
The Great Leader,2017.0,0.0,269,2.8,9.0,62,207,Jaya Bachchan,Gulshan Grover
The Great Leader Kanshiram,2017.0,0.0,147,7.0,6.0,329,1647,Soma Goyal,Arvind Maurya
The Grey,2020.0,90.0,323,6.5,60.0,2922,2346,Vishay Waghela,Yashwant Anand Gupta
The Hero of Color City,2014.0,77.0,136,4.1,528.0,787,1502,Christina Ricci,Rosie Perez
The Hero: Love Story of a Spy,2003.0,160.0,6,5.3,2133.0,265,2271,Preity Zinta,Priyanka Chopra Jonas
The Hidden Strike,2020.0,100.0,432,3.5,41.0,2853,610,Mir Sarwar,Jimmy Sharma
The Himalayan Diaries,2019.0,80.0,208,8.0,9.0,276,1457,Priyanshu Solanki,Mahesh Gahalot
The Holy Fish,2017.0,89.0,269,7.2,16.0,2435,2470,Ashwini Agarwal,Sayyed Iqbal Ahmed
The Holy Wives,2010.0,76.0,241,8.0,19.0,2262,0,0,0
The House Next Door,2017.0,137.0,363,6.8,2139.0,1547,1569,Khushi Hajare,Andrea Jeremiah
The Hundred Bucks,2020.0,102.0,269,6.8,10.0,748,1037,Rajesh Mishra,Dinesh Bawara
The Hundred-Foot Journey,2014.0,122.0,172,7.3,78340.0,1370,808,Om Puri,Manish Dayal
The Hungry,2017.0,100.0,269,7.2,894.0,543,1406,Tisca Chopra,Neeraj Kabi
The Idiotmaker's Gravity Tour,2011.0,106.0,172,6.4,27.0,619,2513,K.J. Linhein,Alanna Blair
The Impossible Murder,2010.0,82.0,401,6.4,34.0,2496,815,Minnakshi Das,Ajay Gatlewar
The Indian Post Graduate,2018.0,105.0,269,4.2,8.0,1326,107,Shree Radhe Khanduja,0
The Jinx,2017.0,118.0,427,6.0,12.0,1920,993,Rajesh Raja,Aditi Singh
The Journey of Karma,2018.0,98.0,269,6.6,89.0,1027,2051,Poonam Pandey,Gauri Shankar
The Journey Weekend Night,2020.0,122.0,427,6.1,7.0,2552,2519,Imran Ali,Arti Gaikwad
The Karma Killings,2016.0,83.0,253,6.9,169.0,2146,2376,0,0
The Killer,2006.0,117.0,29,4.7,1069.0,927,1737,Irrfan Khan,Emraan Hashmi
The Last Act,2012.0,0.0,427,5.0,7.0,855,1479,Jagannathan Krishnan,Nijo Rohit
The Last Color,2019.0,90.0,269,7.9,778.0,3034,293,Vajid Ali,Ankita
The Last Don,2014.0,0.0,216,5.3,6.0,2646,2117,Dhwani Gautam,Vikas Gupta
The Last Tale of Kayenaat,2016.0,140.0,427,5.9,22.0,990,2413,Zeeshan Khan,Aman Sandhu
The Lastbenchers,2014.0,147.0,148,7.3,29.0,1863,1567,Pooja Bhattad,Shriya Fule
The Legend of Bhagat Singh,2002.0,155.0,17,8.1,15250.0,2110,109,Sushant Singh,D. Santosh
The Legend of Drona,2008.0,138.0,8,2.0,2442.0,847,916,Veer Arya,Abhishek Bachchan
The Lift Boy,2019.0,107.0,172,7.2,2375.0,1124,1326,Nyla Masood,Sagar Kale
The Light of the World,1931.0,124.0,294,6.2,112.0,318,1263,Zubeida,Jillo
The Light: Swami Vivekananda,2013.0,117.0,161,7.8,10.0,1010,2397,Deep Bhattacharya,Gargi Roy Chowdhury
The Lost Salesman of Delhi,2014.0,97.0,109,7.9,39.0,650,1226,Radha Bhatt,Preet Bhatti
The Lost Tape,2012.0,0.0,119,4.9,13.0,2143,272,Esha Rajee,Monali Sehgal
The Lovers,2015.0,109.0,13,4.6,3105.0,2284,944,Bipasha Basu,Tamsin Egerton
The Lunchbox,2013.0,104.0,327,7.8,52120.0,2260,854,Nimrat Kaur,Nawazuddin Siddiqui
The Monster,1994.0,132.0,192,4.4,252.0,2666,2371,Karan Shah,Archana Puran Singh
The Morning Breeze,1995.0,89.0,269,7.0,243.0,2377,974,Mayuri Kango,Seema Kelkar
The Murderer: Hamilton Palace,2011.0,108.0,74,4.0,10.0,2020,1300,Milind Gunaji,Shakti Kapoor
The Mystic Masseur,2001.0,117.0,172,5.8,439.0,1004,1495,James Fox,Aasif Mandvi
The Naxalites,1980.0,141.0,269,6.4,17.0,1292,884,Saleem Christopher Agha,Shehnaz Anand
The New Road,1970.0,0.0,327,6.4,19.0,1286,369,Jeetendra,Balraj Sahni
The Nincompoops Hindi Movie,2013.0,107.0,162,6.8,21.0,2513,52,0,0
The Other End of the Line,2007.0,106.0,173,6.2,5868.0,1051,924,Sara Foster,Anupam Kher
The Other Side of the Door,2016.0,96.0,363,5.3,17337.0,1116,1991,Jeremy Sisto,Sofia Rosinsky
The Past,2018.0,120.0,309,3.5,164.0,801,2193,Samiksha Bhatt,Yuvraaj Parashar
The Perfect Girl,2015.0,97.0,409,5.7,123.0,1869,2347,Tara-Alisha Berry,Shalaka Apte
The Pickup Artist,2019.0,111.0,237,8.7,85.0,2273,1888,Sidharth Bhardwaj,Anahita Bhooshan
The Power,2021.0,154.0,29,5.7,1544.0,1429,2438,Shruti Haasan,Salil Ankola
The President Is Coming,2009.0,90.0,162,6.8,640.0,1350,1075,Shernaz Patel,Shivani Tanksale
The Prince of Light,2000.0,97.0,140,6.8,84.0,3127,518,Edie Mirman,Tom Wyner
The Princess and the Hunter,1935.0,164.0,2,4.5,22.0,956,712,Sharifa,Gulshan
The Pushkar Lodge,2020.0,115.0,269,8.6,14.0,3025,245,Sachin Chaudhary,Yashvi Chhabra
The Rally,2017.0,130.0,50,7.3,249.0,646,1301,Arshin Mehta,Sachin Chhabra
The Rat Race,2012.0,52.0,254,6.4,52.0,1552,0,0,0
The Reluctant Crime,2020.0,113.0,269,9.4,16.0,349,633,Awanish Kotnal,Rakhi Mansha
The Revenge: Geeta Mera Naam,2000.0,108.0,1,2.9,15.0,716,632,Kalyani Thakkar,Durgesh Nandini
The Rise of Kirmada,2012.0,68.0,127,5.2,14.0,2096,0,0,0
The Royal Bengal Tiger,2014.0,110.0,427,6.9,793.0,2074,919,Abir Chatterjee,Priyanka Sarkar
The Runaways,1975.0,0.0,20,7.2,261.0,1671,1836,Neetu Singh,Rajendranath Malhotra
The Savage Princess,1952.0,101.0,6,7.0,280.0,1530,658,Nimmi,Prem Nath
The Second Best Exotic Marigold Hotel,2015.0,122.0,180,6.6,32007.0,1119,948,Maggie Smith,Bill Nighy
The Seventh Horse of the Sun,1992.0,130.0,327,8.0,814.0,2662,1713,Raghuvir Yadav,Siraj Ahmed
The Seventh Walk,2013.0,72.0,241,7.0,83.0,196,0,0,0
The Shaukeens,2014.0,124.0,162,4.9,2906.0,70,146,Lisa Haydon,Anupam Kher
The Shepherdess and the Seven Songs,2020.0,96.0,269,6.7,87.0,1945,2044,Sadakkit Bijran,Ranjit Khajuria
The Sholay Girl,2019.0,106.0,17,7.7,92.0,91,485,Chandan Roy Sanyal,Vineet Raina
The Silence,2015.0,91.0,269,7.3,293.0,804,2188,Mugdha Chaphekar,Mihiresh Joshi
The Silent Heroes,2015.0,115.0,104,6.4,64.0,1423,1220,Gurfareen Bano,Maanuv Bharadwaj
The Skies Have Bowed,1968.0,160.0,208,6.8,157.0,1381,1696,Saira Banu,Rajendranath Malhotra
The Sky Is Pink,2019.0,143.0,327,7.6,7683.0,2643,1623,Farhan Akhtar,Zaira Wasim
The Song of Scorpions,2017.0,119.0,269,5.9,294.0,295,761,Irrfan Khan,Waheeda Rehman
The Spectacular Jihad of Taz Rahim,2015.0,128.0,165,5.7,19.0,1989,1332,Rahsaan Noor,Kal Parekh
The Square Circle,1996.0,107.0,316,7.2,72.0,215,1463,Sonali Kulkarni,Faiyyaz
The Stoneman Murders,2009.0,95.0,224,7.4,2808.0,1466,1040,Arbaaz Khan,Rukhsar Rehman
The Tape,2017.0,90.0,363,7.1,21.0,2396,1950,Sonika Chopra,Jaswinder Kaur
The Tashkent Files,2019.0,134.0,326,7.8,9579.0,3087,2137,Mithun Chakraborty,Naseeruddin Shah
The Test,1960.0,0.0,180,6.9,121.0,526,1334,Vasant Choudhury,Sadhana
The Thief of Baghdad,1969.0,0.0,6,6.0,8.0,2654,576,Nishi,Helen
The Threshold,2015.0,87.0,269,7.3,55.0,1940,1441,Rajit Kapoor,Dhanendra Kawde
The Touch,1980.0,145.0,327,8.1,755.0,2385,2031,Naseeruddin Shah,Sudha Chopra
The Train,1970.0,138.0,35,6.4,155.0,2231,1703,Nanda,Helen
The Train,2011.0,133.0,269,4.4,133.0,1078,1187,Sheena Chohan,Sabitha Jayaraaj
The Train: Some Lines Should Never Be Crossed...,2007.0,134.0,227,4.3,1082.0,927,1737,Emraan Hashmi,Geeta Basra
The Tree,2017.0,99.0,294,5.7,81.0,1461,2416,Shabana Azmi,Jayati Bhatia
The Truth... Yathharth,2002.0,0.0,269,5.2,8.0,2089,1646,Milind Gunaji,Shraddha Nigam
The Unreserved,2017.0,60.0,241,9.0,45.0,2408,0,0,0
The Unsound,2013.0,105.0,427,4.6,24.0,177,2035,Anurita Jha,Sapna Thakur
The Untitled Kartik Krishnan Project,2010.0,75.0,325,5.7,62.0,2716,2307,Vishwesh Krishnamoorthy,Kartik Krishnan
The Villain,2014.0,129.0,29,6.5,17169.0,1582,2156,Shraddha Kapoor,Riteish Deshmukh
The Violin Player,2015.0,72.0,314,6.9,363.0,480,70,Ritwick Chakraborty,Nayani Dixit
The Waiting Room,2010.0,90.0,224,6.0,99.0,1450,1675,Raja Chaudhary,Radhika Apte
The Warrior,2001.0,86.0,103,6.7,2541.0,398,854,Puru Chibber,Aino Annuddin
The Web of the Witch,2002.0,90.0,185,7.4,1789.0,3070,2031,Shweta Basu Prasad,Makrand Deshpande
The White Elephant,2009.0,115.0,401,5.2,17.0,106,2331,Neena Gupta,Anil Kumar
The White Tiger,2021.0,125.0,218,7.1,49877.0,2185,62,Rajkummar Rao,Priyanka Chopra Jonas
The Wife,2021.0,106.0,230,4.5,235.0,2498,778,Shweta Dadhich,Sayani Datta
The Window,2018.0,118.0,323,7.0,33.0,2958,396,Praveen Maheswari,Sayoni Mishra
The Witch hour: Curse of the ring,2017.0,0.0,363,7.2,9.0,276,1480,Prateek Dubey,Saira Khan
The World of Fashion,2013.0,120.0,336,6.8,6.0,2456,117,Reena Ranchandani,Amrita Prakash
The Writer,2015.0,107.0,235,5.9,15.0,2059,747,Victor Banerjee,Gauahar Khan
The Xpose,2014.0,113.0,408,3.3,1608.0,240,824,Yo Yo Honey Singh,Irrfan Khan
The Zero Line,2017.0,0.0,427,6.5,11.0,1244,2146,Samiksha Bhatt,Jatin Sarna
The Zoo,1967.0,125.0,224,7.3,847.0,2518,2399,Kalipada Chakraborty,Nripati Chatterjee
The Zoya Factor,2019.0,134.0,180,4.2,2119.0,70,2189,Dulquer Salmaan,Sanjay Kapoor
Thee,1981.0,160.0,29,6.6,130.0,1952,1712,S. Balaji,Showkar Janaki
Thief of Baghdad,1977.0,0.0,90,6.6,19.0,2231,2085,Sulakshana Pandit,Kabir Bedi
Thikana,1987.0,138.0,218,5.5,76.0,1423,2166,Anil Kapoor,Amrita Singh
Thikka,2016.0,140.0,18,4.4,147.0,2799,106,Ali,Anand
THIRUMATHI PALANISAMY,1992.0,140.0,269,4.4,14.0,1956,2004,Sukanya,Goundamani
This Weekend,2012.0,0.0,427,2.2,11.0,2912,483,Rajniesh Duggall,Arjun Sarja
Thoda Lutf Thoda Ishq,2015.0,0.0,208,4.1,53.0,2365,475,Rakesh Bedi,Vijayant Kohli
Thoda Pyaar Thoda Magic,2008.0,145.0,173,4.9,2390.0,1352,1926,Rani Mukerji,Rishi Kapoor
Thoda Tum Badlo Thoda Hum,2004.0,0.0,327,4.6,19.0,760,359,Shriya Saran,Shoma Anand
Thodasa Roomani Ho Jaayen,1990.0,160.0,178,7.0,188.0,215,262,Nana Patekar,Riju Bajaj
Thodi Life Thoda Magic,2008.0,0.0,269,3.9,42.0,26,1886,Arbaaz Khan,Daya Shankar Pandey
Thodi Thodi Si Manmaaniyan,2017.0,135.0,327,5.9,38.0,91,1025,Mukesh Tiwari,Shilpa Tulaskar
Thodisi Bewafaii,1980.0,150.0,269,5.9,101.0,760,1703,Shabana Azmi,Siddharth
Thokar,1953.0,140.0,282,7.3,13.0,1382,2059,Shyama,Ravindra Kapoor
Thokar,1974.0,0.0,43,5.6,9.0,713,442,Alka,Poonam Vaidya
Thokar,2004.0,142.0,39,7.5,15.0,0,0,0,0
Thoongathey Tambi Thoongathey,1983.0,137.0,269,6.4,108.0,2340,983,Radha,Goundamani
Three and a Half,2018.0,121.0,269,6.6,228.0,624,636,Arya Dave,Chandani Grover
Three Atrangi Jai-Veeru-Gabbar,2015.0,124.0,162,5.9,7.0,71,513,Manoj Sharma,Gurdev Bhullar
"Three: Love, Lies, Betrayal",2009.0,121.0,326,5.8,68.0,3075,26,Akshay Kapoor,Nausheen Ali Sardar
Thriyathri,1990.0,0.0,269,7.6,23.0,1809,576,Mohan Bhandari,Utpal Dutt
Through the Eyelashes,1978.0,135.0,291,7.1,378.0,951,1899,Ranjeeta Kaur,Madan Puri
Thugs of Hindostan,2018.0,164.0,2,4.1,18219.0,3012,19,Amitabh Bachchan,Katrina Kaif
Thulasi,2007.0,0.0,1,5.4,419.0,544,2428,Nayanthara,Ramya Krishnan
Thunaivan,1969.0,155.0,0,4.8,8.0,1393,2401,Showkar Janaki,Nagesh
Tiger,2016.0,130.0,1,6.4,45.0,2499,2162,Ihana Dhillon,Yograj Singh
Tiger Zinda Hai,2017.0,161.0,15,5.9,25732.0,173,1940,Katrina Kaif,Anupriya Goenka
Tigers,2014.0,94.0,269,7.3,1553.0,620,694,Geetanjali Thapa,Danny Huston
Tikli and Laxmi Bomb,2017.0,151.0,269,7.9,1785.0,88,555,Vibhawari Deshpande,Saharsh Kumar Shukla
Tilak,1992.0,0.0,1,5.6,7.0,3107,2097,Siddharth,Poonam Jhawer
Time Out,2015.0,98.0,288,5.9,338.0,2254,549,Pranay Pachauri,Kaamya Sharma
Time Pass,2005.0,88.0,409,4.1,35.0,569,2095,Tanaaz Currim Irani,Adi Irani
Time to Dance,2021.0,113.0,396,1.8,730.0,2725,2200,Isabelle Kaif,Waluscha De Sousa
Time To Retaliate: MASOOM,2019.0,113.0,216,5.4,19.0,1341,161,Ritesh Raghuvanshi,Vriddhi Patwa
Tinku,1977.0,135.0,269,6.3,22.0,1207,2356,Rajesh Khanna,Vinod Mehra
Tipu Sultan,1959.0,0.0,1,3.2,12.0,273,1510,0,0
Tirangaa,1992.0,168.0,52,6.9,1874.0,1536,1636,Nana Patekar,Deepak Shirke
Tirchhi Topiwale,1998.0,144.0,178,5.0,53.0,1643,847,Chunky Panday,Monica Bedi
Tishnagi,2018.0,136.0,422,4.1,27.0,2411,2124,Israil Khan,Sarthak Pradhan
Titli,2014.0,116.0,29,7.6,4483.0,1236,2079,Ranvir Shorey,Shivani Raghuvanshi
Titoo MBA,2014.0,111.0,208,4.3,100.0,206,2422,Nishant Dahiya,Pragya Jaiswal
To B or Not to B,2016.0,113.0,293,6.7,10.0,3001,1660,Vivek Srivastav,Akansha Shivhare
To Fall in Love,2000.0,159.0,178,4.4,2099.0,1153,1033,Salman Khan,Jackie Shroff
Toba Tek Singh,2018.0,75.0,303,6.9,118.0,1280,1515,Vinay Pathak,N.K. Pant
Toh Baat Pakki!,2010.0,122.0,172,5.1,374.0,1271,2320,Sharman Joshi,Yuvika Chaudhary
Tohfa,1984.0,159.0,327,5.2,121.0,1157,920,Jaya Prada,Sridevi
Tohfa Mohabbat Ka,1988.0,150.0,327,5.5,30.0,2148,1595,Ram Govind,Govinda
Toilet: A Love Story,2017.0,155.0,172,7.2,18889.0,2648,297,Akshay Kumar,Bhumi Pednekar
"Tom, Dick, and Harry",2006.0,137.0,25,3.2,557.0,659,1732,Bobby Darling,Avtar Gill
Tomorrow We Disappear,2014.0,80.0,254,8.0,80.0,1103,59,0,0
Tony: My Mentor the Serial Killer,2018.0,124.0,427,7.9,485.0,3063,1173,Yashodhan Rana,Manoj Chandila
Toofan,1989.0,174.0,28,4.9,719.0,1279,207,Meenakshi Sheshadri,Amrita Singh
Toofan,1975.0,138.0,2,5.7,34.0,1270,2466,Priyadarshini,Jagdeep
Toofan Aur Deeya,1956.0,0.0,282,6.7,59.0,1844,2007,Nanda,Rajendra Kumar
Toofani Tarzan,1937.0,112.0,90,3.4,11.0,956,939,Gulshan,Boman Shroff
Toonpur Ka Superrhero,2010.0,95.0,129,4.2,746.0,1298,109,Kajol,Ameya Pandya
Toote Khilone,1978.0,136.0,269,5.7,12.0,1278,2093,Shabana Azmi,Urmila Bhatt
Top Hero,1994.0,0.0,269,6.0,64.0,2351,1392,Ali,Mahesh Anand
Tope,2016.0,87.0,269,5.4,34.0,550,1087,Biswarup Biswas,Ananya Chatterjee
Topless,2005.0,112.0,327,2.6,11.0,1640,961,Tarun Khanna,Shweta Menon
Torbaaz,2020.0,133.0,51,6.8,5289.0,839,1970,Nargis Fakhri,Rahul Dev
Toss: A Flip of Destiny,2009.0,0.0,227,5.8,11.0,2176,1777,Prashant Raj,Ashmit Patel
Total Dhamaal,2019.0,130.0,4,4.2,5649.0,981,109,Anil Kapoor,Madhuri Dixit
Total Siyapaa,2014.0,108.0,180,5.0,2881.0,753,159,Yami Gautam,Anupam Kher
Tottaa Pataaka Item Maal,2019.0,107.0,269,7.6,1361.0,88,94,Chitrangada Chakraborty,Sonal Joshi
Touhean,1989.0,135.0,282,6.3,9.0,1407,1668,Dimple Kapadia,Padmini Kolhapure
Tower House,1962.0,0.0,313,5.2,25.0,1721,119,Shakila,Nisar Ahmad Ansari
Traffic,2016.0,104.0,112,6.7,2478.0,2084,1225,Jimmy Sheirgill,Divya Dutta
Traffic Signal,2007.0,130.0,269,6.5,1544.0,1413,1109,Neetu Chandra,Upendra Limaye
Train Chaar Baje Ki Hai,2015.0,57.0,241,8.0,16.0,286,0,0,0
Train Station,2015.0,97.0,224,5.6,144.0,3100,2362,Ryan Bajornas,Surya Balakrishnan
Train to Pakistan,1998.0,111.0,338,6.7,245.0,1779,1311,Nirmal Pandey,Rajit Kapoor
Trapped,2016.0,105.0,336,7.6,11216.0,3040,1719,Geetanjali Thapa,Shiladitya Sen
Trapped in Tradition: Rivaaz,2011.0,107.0,227,5.3,89.0,383,613,Vijay Raaz,Meghna Naidu
Tribhanga,2021.0,95.0,282,6.1,2508.0,2248,978,Tanvi Azmi,Mithila Palkar
Tridev,1989.0,173.0,29,6.3,1873.0,2103,2271,Naseeruddin Shah,Jackie Shroff
"Trikal (Past, Present, Future)",1985.0,137.0,269,7.0,255.0,2662,1130,Neena Gupta,Anita Kanwar
Trikon Ka Chautha Kon,1986.0,0.0,282,6.5,11.0,1415,2452,Priyadarshini,Swaroop Sampat
Trilok Sundari,1980.0,0.0,0,8.4,31.0,2680,1313,Pandharibai,Madhavi
Trimurti,1974.0,0.0,218,6.0,20.0,2064,1973,Parveen Babi,Rakesh Roshan
Trimurti: Bond of Three,1995.0,187.0,39,4.8,2516.0,1607,871,Anil Kapoor,Shah Rukh Khan
Trinetra,1991.0,157.0,1,5.1,75.0,921,1171,Arun Bakshi,Laxmikant Berde
Trip to Bhangarh: Asia's Most Haunted Place,2014.0,113.0,373,2.4,266.0,1107,1209,Suzanna Mukherjee,Piyush Raina
Trishagni,1988.0,114.0,269,7.3,63.0,1639,1390,Pallavi Joshi,Alok Nath
Trishakti,1999.0,0.0,29,4.3,20.0,1413,1902,Milind Gunaji,Jatin Kanakia
Trishna,1978.0,127.0,269,7.2,48.0,255,2083,Sanjeev Kumar,Rakhee Gulzar
Trishna,2011.0,117.0,269,6.0,3021.0,1540,720,Riz Ahmed,Mita Vashisht
Trishul,1978.0,167.0,48,7.7,2086.0,3106,207,Sanjeev Kumar,Shashi Kapoor
Triveni,1985.0,131.0,224,5.2,6.0,2043,1787,Raj Babbar,Urmila Bhatt
Triyacharitra,1994.0,120.0,269,7.3,73.0,476,1710,S.M. Zaheer,Mansi Upadhyay
Trump Card,2010.0,0.0,49,3.0,20.0,335,2468,Haidar Ali,Urvashi Chaudhary
Tryst with Destiny,2020.0,96.0,269,8.0,13.0,1885,2242,Vineet Kumar Singh,Jaideep Ahlawat
Tu Bal Bramhachari Main Hoon Kanya Kunwari,2003.0,0.0,269,4.7,6.0,516,1902,Laxmikant Berde,Inder Labana
Tu Chor Main Sipahi,1996.0,153.0,20,5.2,1307.0,866,146,Saif Ali Khan,Tabu
Tu Hi Meri Zindagi,1965.0,0.0,269,6.0,7.0,2289,583,Nivedita,Salome
Tu Nagin Main Sapera,1989.0,0.0,1,4.3,9.0,2949,2195,Goga Kapoor,Anupam Kher
Tu Nahin Aur Sahi,1960.0,0.0,327,5.4,8.0,547,1564,Kumkum,Nishi
Tubelight,2017.0,136.0,338,3.8,17774.0,1193,1940,Sohail Khan,Om Puri
Tuesdays and Fridays,2021.0,106.0,204,4.5,574.0,2890,278,Jhataleka Malhotra,Niki Walia
Tujhe Meri Kasam,2003.0,155.0,409,6.4,370.0,3008,1842,Genelia D'Souza,Shakti Kapoor
Tujhe Nahin Chhodunga,1989.0,0.0,1,4.7,6.0,992,2094,Zeenat Aman,Akbar Khan
Tujhse He Raabta,2015.0,88.0,327,6.2,11.0,1736,1988,Yasir Shah,Zara Barring
Tukkaa Fitt,2018.0,0.0,269,6.5,13.0,2604,1300,Kurush Deboo,Vaishali Desai
Tulsi,1941.0,0.0,0,6.3,9.0,872,2054,Trilok Kapoor,Shrinavas
Tulsi Vivah,1971.0,162.0,115,6.6,18.0,579,37,Jayshree Gadkar,Geetanjali
Tulsi: Mathrudevobhava,2008.0,134.0,269,6.0,83.0,121,1215,Irrfan Khan,Sadashiv Amrapurkar
Tulsidas,1954.0,0.0,305,6.6,14.0,926,457,Mahipal,Shyama
Tum Bin 2,2016.0,147.0,327,4.8,1187.0,290,1545,Neha Sharma,Aditya Seal
Tum Bin...: Love Will Find a Way,2001.0,158.0,327,7.5,3259.0,290,1624,Himanshu Malik,Sandali Sinha
Tum Haseen Main Jawan,1970.0,148.0,208,7.0,87.0,497,632,Hema Malini,Rajendranath Malhotra
Tum Hi To Ho...,2011.0,0.0,326,3.9,10.0,2450,2491,Madhavi Sharma,Sarvar Ahuja
Tum Ho Yaara,2011.0,135.0,269,3.9,24.0,743,1415,Ganesh Venkatraman,Kalpana Pandit
Tum Jiyo Hazaron Saal,2002.0,0.0,409,5.3,6.0,2179,1325,Beena Banerjee,Dinesh Hingoo
Tum Karo Vaada,1993.0,0.0,409,6.4,18.0,2270,1378,Anaida,Birbal
Tum Mere Ho,1990.0,129.0,354,4.7,879.0,2873,19,Juhi Chawla,Ajit Vachani
Tum Mile,2009.0,140.0,327,5.0,1530.0,1351,694,Soha Ali Khan,Prerna Chawla
Tum Milo Toh Sahi,2010.0,128.0,172,5.6,463.0,1195,1390,Dimple Kapadia,Sunil Shetty
Tum Se Achcha Kaun Hai,2002.0,150.0,320,4.6,200.0,646,1384,Aarti Chhabria,Kim Sharma
Tum... Ho Na!,2005.0,0.0,409,4.9,37.0,1636,2257,Nethra Raghuraman,Jackie Shroff
Tum: A Dangerous Obsession,2004.0,150.0,331,2.4,182.0,345,1215,Karann Nathh,Rajat Kapoor
Tumbbad,2018.0,104.0,296,8.3,32920.0,1996,232,Adesh Prasad,Sohum Shah
Tumhara Kalloo,1975.0,0.0,327,6.3,6.0,475,1093,Kajri,Somnath Mukherjee
Tumhare Bina,1982.0,139.0,282,5.6,11.0,2520,2293,Swaroop Sampat,Master Ravi
Tumhare Liye,1978.0,0.0,282,6.0,36.0,476,1981,Vidya Sinha,Ashok Kumar
Tumhari Kassam,1978.0,136.0,409,6.1,19.0,2213,920,Navin Nischol,Moushumi Chatterjee
Tumhari Sulu,2017.0,150.0,172,7.0,4761.0,2832,2436,Manav Kaul,Neha Dhupia
Tumko Na Bhool Paayenge,2002.0,160.0,80,5.6,2787.0,1786,1514,Arbaaz Khan,Salman Khan
Tumsa Nahin Dekha,1957.0,156.0,396,7.0,121.0,1681,2059,Ameeta,Pran
Tumsa Nahin Dekha,2004.0,128.0,396,4.5,717.0,298,694,Dia Mirza,Anupam Kher
Tumse Achha Kaun Hai,1969.0,108.0,180,6.5,80.0,1873,2059,Babita Kapoor,Mehmood
Tune Mera Dil Le Liyaa,2000.0,0.0,291,3.4,13.0,440,1792,Naseeruddin Shah,Rahul Roy
Tunnu Ki Tina,1996.0,120.0,172,5.9,16.0,1799,2261,Rohini Hattangadi,Rajeshwari Sachdev
Turning 30!!!,2011.0,121.0,180,5.1,369.0,169,771,Purab Kohli,Sid Makkar
Turning Point,2018.0,142.0,48,6.2,20.0,2753,0,0,0
Turtle,2018.0,0.0,269,8.6,9.0,729,1975,Plabita Borthakur,Adnan Choudhary
Turup (Checkmate),2017.0,72.0,269,8.1,43.0,757,1336,Sheela Rawat,Madhu Bhagat
Tutak Tutak Tutiya,2016.0,138.0,192,5.5,744.0,12,2198,Rajiv Thakur,Rj Ajay
Tutiya Dil,2012.0,127.0,409,5.0,34.0,198,2153,Iris Maity,Suzanna Mukherjee
Twinkle Twinkle Little Star,2005.0,0.0,350,4.6,8.0,2978,2123,Neha Pendse,Divya Dutta
"Twisted Trunk, Big Fat Body",2013.0,92.0,162,6.9,75.0,1934,2443,Naman Jain,Usha Nadkarni
Tyaag,1977.0,0.0,327,7.2,29.0,724,1703,Sharmila Tagore,Prem Chopra
Tyagi,1992.0,145.0,269,4.8,57.0,1172,1712,Jaya Prada,Himalaya
Typecaste,2017.0,100.0,162,6.8,45.0,2705,2203,Aditi Sudhir Pohankar,Rajiv Ranjan
U Me Aur Hum,2008.0,156.0,327,5.9,2443.0,113,109,Kajol,Sumeet Raghvan
U R My Jaan,2011.0,140.0,409,5.8,95.0,332,1296,Preeti Soni,Himani Shivpuri
"U, Bomsi N Me",2005.0,0.0,162,6.9,14.0,1047,507,Kenneth Desai,Vivek Madan
"U, Me Aur Ghar",2017.0,90.0,409,6.6,56.0,44,1499,Simran Kaur Mundi,Sanyukta Timsina
Udaan,1997.0,128.0,29,4.5,142.0,403,1819,Saif Ali Khan,Madhoo
Udaan,2010.0,134.0,269,8.1,43199.0,3040,1687,Ronit Roy,Manjot Singh
Udanchhoo,2018.0,123.0,162,3.5,43.0,3060,1602,Ashutosh Rana,Rajniesh Duggall
Udhaar,1949.0,0.0,269,8.9,9.0,2345,617,Bharat Bhushan,Nirupa Roy
Udhaar Ki Zindagi,1994.0,0.0,269,5.7,130.0,1190,920,Moushumi Chatterjee,Kajol
Udham Singh,2021.0,0.0,220,8.2,29.0,2644,1061,Tim Berrington,Nicholas Gecks
Udhar Ka Sindur,1976.0,136.0,327,5.0,21.0,572,920,Reena Roy,Asha Parekh
Udta Punjab,2016.0,148.0,29,7.8,28010.0,61,2043,Alia Bhatt,Kareena Kapoor
Uff! Yeh Mohabbat,1997.0,0.0,341,4.7,52.0,3059,51,Twinkle Khanna,Anupam Kher
Ugly,2013.0,128.0,224,8.0,20709.0,300,1651,Ronit Roy,Tejaswini Kolhapure
Ugly Aur Pagli,2008.0,117.0,172,3.7,710.0,2366,1185,Ranvir Shorey,Bharti Achrekar
Uhi Milte Rahenge,2016.0,120.0,269,6.1,8.0,1531,1288,Rusi Mistry,0
Ujala,1959.0,109.0,225,6.8,61.0,1678,1182,Shammi Kapoor,Raaj Kumar
Ujala Hi Ujala,1974.0,124.0,282,6.2,10.0,2334,2489,Yogeeta Bali,Rakesh Pandey
Ujda Chaman,2019.0,120.0,162,6.9,4944.0,68,574,Navinder Pal Singh,Sunny Singh Nijjar
Ulfat Ki Nayee Manzilen,1994.0,0.0,269,5.0,7.0,1160,1636,Waheeda Rehman,Sadhana
Uljhan,1975.0,137.0,401,6.5,86.0,1991,377,Sanjeev Kumar,Sulakshana Pandit
Uljhan,2001.0,0.0,269,4.5,21.0,2039,1631,Deepti Bhatnagar,Kanchan
Ulta Seedha,1985.0,0.0,162,5.3,22.0,2737,1668,Rati Agnihotri,Aruna Irani
Umakant Pandey Purush Ya,2019.0,120.0,148,7.0,49.0,130,1834,Amit Goel,Mayak Jain
Umang,1970.0,134.0,282,4.4,7.0,407,2006,Rehman,Subhash Ghai
Umar,2006.0,135.0,223,5.5,68.0,1253,932,Shenaz Treasury,Kader Khan
Umar 55 Ki Dil Bachpan Ka,1992.0,151.0,180,4.2,44.0,123,973,Akshay Anand,Ruchika Panday
Umar Qaid,1975.0,0.0,84,5.6,19.0,2676,2263,Vinod Mehra,Moushumi Chatterjee
Umbartha,1982.0,151.0,269,6.6,128.0,1020,2166,Girish Karnad,Shrikant Moghe
Umeed,1962.0,0.0,269,4.9,7.0,1727,377,Joy Mukherjee,Nanda
Umformung: The Transformation,2014.0,126.0,282,5.5,10.0,2744,1967,Sushil Bhosale,Parijaat Chakraborty
Umrao Jaan,2006.0,188.0,327,5.5,1858.0,1018,102,Shabana Azmi,Sunil Shetty
Umrika,2015.0,98.0,172,6.6,1328.0,1885,25,Uplaksh Kochhar,Megh Pant
Un Mitron Ki Yaad Pyaari,1990.0,60.0,244,8.2,20.0,231,0,0,0
Under the Same Sun,2015.0,93.0,269,8.2,20.0,1555,1010,Rucha Inamdar,Motilal Khan
Undertrial,2007.0,142.0,218,6.6,242.0,427,1723,Kader Khan,Prem Chopra
Unees Bees,1980.0,125.0,269,5.8,17.0,2858,1735,Ranjeeta Kaur,Mithun Chakraborty
Unfreedom,2014.0,102.0,225,5.1,1885.0,2008,2434,Adil Hussain,Bhanu Uday
Ungli,2014.0,114.0,227,5.7,3663.0,2249,1762,Emraan Hashmi,Shraddha Kapoor
"Unicorn, the Garden of the Fruits",1996.0,90.0,294,4.2,19.0,1773,2517,Romina Barbar,Hukum Singh
Union Leader,2017.0,106.0,269,7.3,694.0,2461,1651,Tillotama Shome,Zala Akash
United Six,2011.0,0.0,52,3.9,45.0,3069,1530,Daisy Bopanna,Luna Lahkar
Unlock,2020.0,0.0,240,5.4,9.0,640,72,Hina Khan,Rishabh Sinha
Unmaad,2018.0,0.0,269,8.3,7.0,2547,745,Manisha Mondal,Amit Pundir
Unmatta,2019.0,106.0,68,6.5,19.0,1432,2457,Aarushi Vedikha,Purneima Dey
Unns: Love... Forever,2006.0,145.0,320,3.3,39.0,514,951,Chitrapama,Sanjay Kapoor
Unpaused,2020.0,113.0,327,7.0,2057.0,1716,407,Tannishtha Chatterjee,Krishna D.K.
Upaasna,1971.0,0.0,327,6.7,28.0,1564,1973,Mumtaz,Feroz Khan
Upeksha,2019.0,137.0,339,7.8,9.0,2232,1448,Razak Khan,Ravinddra Khare
Uphaar,1971.0,122.0,339,7.2,78.0,2751,2311,Jaya Bachchan,Suresh Chatwal
Upkar,1967.0,175.0,332,7.5,550.0,1494,369,Manoj Kumar,Prem Chopra
Upstarts,2019.0,112.0,269,6.7,736.0,2924,1418,Sandeep Bhardwaj,Ranjit Deval
Uran Khatola,1955.0,151.0,190,7.4,64.0,2349,658,Nimmi,Surya Kumari
Uri: The Surgical Strike,2018.0,138.0,53,8.2,45981.0,87,2433,Paresh Rawal,Mohit Raina
Used,2019.0,57.0,336,7.1,20.0,1801,1228,Sudha Chandran,Prveshika Chauhan
Uski Roti,1970.0,110.0,269,6.9,420.0,1455,777,Garima,Savita Bajaj
Usne Kaha Tha,1960.0,150.0,332,6.8,28.0,1587,2263,Nanda,Durga Khote
Us-Paar,1974.0,0.0,291,6.5,21.0,476,2489,Moushumi Chatterjee,Padma Khanna
Ustaad,1989.0,153.0,269,5.2,13.0,1269,2487,Asha Parekh,Jaya Prada
Ustadi Ustad Se,1982.0,134.0,29,3.8,34.0,647,1305,Ranjeeta Kaur,Vinod Mehra
Ustadon Ke Ustad,1963.0,144.0,29,7.4,35.0,547,377,Pradeep Kumar,Shakila
Ustadon Ke Ustad,1998.0,139.0,39,4.4,39.0,2865,1305,Avtar Gill,Mohan Joshi
Utopia,2015.0,85.0,269,5.6,101.0,929,789,Andrew Shaver,Bhasker Patel
Utsav,1984.0,145.0,316,6.9,361.0,837,1819,Amjad Khan,Kulbhushan Kharbanda
Utt Pataang,2011.0,120.0,172,6.0,306.0,2714,2476,Saurabh Shukla,Mahie Gill
Uttar Dakshin,1987.0,155.0,39,4.2,101.0,1843,1712,Jackie Shroff,Bharathi
Utthaan,2006.0,180.0,331,4.1,32.0,2929,1624,Neha Dhupia,Rana Jung Bahadur
Uuf Kya Jaadoo Mohabbat Hai...,2004.0,134.0,208,4.8,42.0,1492,143,Nitin Arora,Sammir Dattani
Uvaa,2015.0,138.0,172,4.9,151.0,1059,1495,Rajit Kapoor,Manish Chaudhary
Uyirile Kalanthathu,2000.0,0.0,427,6.9,221.0,1164,960,Raghuvaran,Suriya
V,2020.0,140.0,38,6.9,6758.0,1573,1395,Sudheer Babu Posani,Nivetha Thomas
Vaada,2005.0,122.0,224,5.6,826.0,2509,332,Zayed Khan,Ameesha Patel
Vaada Raha... I Promise,2009.0,101.0,269,4.8,395.0,2420,509,Dwij Yadav,Kangana Ranaut
Vaade Iraade,1994.0,0.0,291,4.8,17.0,1205,1047,Ayush Pandey,Mamta Kulkarni
Vaah! Life Ho Toh Aisi!,2005.0,153.0,173,4.5,2293.0,1429,2043,Amrita Rao,Sanjay Dutt
Vaasna,1968.0,150.0,29,5.8,10.0,2863,1636,Padmini,Kumud Chuggani
Vaastav: The Reality,1999.0,145.0,29,8.0,12996.0,1429,1970,Namrata Shirodkar,Reema Lagoo
Vaastu Shastra,2004.0,106.0,366,5.0,639.0,2522,2431,J.D. Chakravarthi,Ahsaas Channa
Vachan,1955.0,118.0,269,5.3,18.0,2023,741,Balraj,Rajendra Kumar
Vachan,1974.0,121.0,327,6.8,20.0,2820,2083,Vimi,Prem Chopra
Vada Chennai,2018.0,164.0,29,8.5,13120.0,2989,631,Ameer Sultan,Radha Ravi
Vadh,2002.0,0.0,408,6.1,137.0,2009,1390,Rajesh Kumar Singh,Nana Patekar
Vaibhav Sethia: Don't,2018.0,61.0,162,6.9,187.0,1503,2408,0,0
Vaishali,1988.0,133.0,388,7.7,373.0,502,1976,Suparna Anand,Geetha
Vajram,1995.0,0.0,0,4.8,36.0,2351,1379,K. Viswanath,Roja
Vakil Babu,1982.0,150.0,323,7.3,85.0,400,2549,Raj Kapoor,Shashi Kapoor
Valentine Days,2003.0,0.0,409,1.9,42.0,2778,1227,Bobby Darling,Sameer Kochhar
Valentine's Night,2012.0,0.0,422,2.3,29.0,452,1060,Manoj Bakshi,Shikhi Gupta
Vallah Kya Baat Hai,1962.0,135.0,29,5.5,47.0,909,2059,Bina Rai,Nishi
Valley of Flowers,2006.0,155.0,105,7.0,1779.0,1781,1298,Mylène Jampanoï,Naseeruddin Shah
Valmiki,1946.0,98.0,269,7.0,18.0,493,2063,Pratima Devi,Vinay Kale
Vamsee,2000.0,145.0,1,4.7,706.0,848,154,Mahesh Babu,Tanikella Bharani
Vandana,1975.0,0.0,339,7.5,26.0,1674,1524,Sadhana,Bindu
Vande Bharat Flight IX 1344: Hope to Survival,2021.0,0.0,266,7.8,5.0,0,0,0,0
VanRakshak,2021.0,93.0,269,8.2,32.0,1821,640,Aditya Srivastav,Yashpal Sharma
Vansh,1992.0,135.0,29,6.0,78.0,1794,124,Sudesh Berry,Anupam Kher
Vardaan,1975.0,136.0,269,7.4,7.0,337,2489,Reena Roy,Narendra Nath
Vardi,1989.0,161.0,29,4.5,158.0,2935,2271,Jackie Shroff,Kimi Katkar
Varnajalam,2004.0,0.0,1,5.1,18.0,1652,1846,Kanchana Mendis,Nassar
Vasna,1991.0,0.0,1,2.5,6.0,2258,725,Mehmood Jr.,Rajesh Puri
Vatsyayana Kamasutra,2001.0,158.0,427,5.1,9.0,2456,1097,Sudesh Berry,Diveyaa Dwivedi
Vazhve Mayam,1982.0,0.0,327,6.8,229.0,1952,983,Sridevi,Sripriya
Vedi,2011.0,132.0,84,3.7,311.0,1848,2202,Poonam Kaur,Cell Murugan
Veer,1995.0,0.0,1,3.7,31.0,1234,862,Dharmendra,Gautami
Veer,2010.0,169.0,6,4.5,7598.0,265,1940,Jackie Shroff,Mithun Chakraborty
Veer Amarsingh Rathod,1970.0,130.0,17,7.0,8.0,1982,921,Kamal Kapoor,Dev Kumar
Veer Arjun,1977.0,0.0,269,8.1,7.0,964,914,Saroja Devi B.,Kanchana
Veer Baahubali,2005.0,0.0,1,4.3,9.0,107,1476,Raima Sen,0
Veer Bhimsen,1986.0,0.0,115,4.8,5.0,2846,576,Anjana Mumtaz,Arvind Kumar
Veer Ghatotkach,1949.0,0.0,6,4.9,9.0,1659,183,Shree Bhagwan,Sona Chatterjee
Veer Ghatotkach,1970.0,0.0,90,6.8,9.0,2582,529,Mahipal,Laxmi Chhaya
Veer Kunal,1945.0,0.0,90,4.6,5.0,1307,1070,Durga Khote,Mubarak
Veer Savarkar,2001.0,165.0,151,6.8,115.0,2979,2047,Pankaj Berry,Tom Alter
Veer Yodha Prithviraj Chauhan,2008.0,85.0,131,7.2,34.0,2135,1343,Gaurav Gautam,Anup Shukla
Veera,1994.0,240.0,208,6.6,571.0,2830,1712,Meena,Roja
Veera Madakari,2009.0,175.0,1,6.5,257.0,2743,2231,Devaraj,Ragini Dwivedi
Veera Parampare,2010.0,0.0,282,6.8,79.0,2313,184,Sudeep,Aindrita Ray
Veeram,2017.0,100.0,45,6.4,222.0,1078,1108,Himarsha Venkatsamy,Aaran
Veerana,1988.0,135.0,46,6.6,718.0,2666,2371,Jasmin,Hemant Birje
Veerappan,2016.0,125.0,16,5.3,711.0,2147,1895,Sandeep Bharadwaj,Usha Jadhav
Veere Di Wedding,2018.0,135.0,162,3.2,12000.0,2594,1024,Sonam Kapoor,Neena Gupta
Veerey Ki Wedding,2018.0,131.0,208,2.8,498.0,391,1626,Jimmy Sheirgill,Kriti Kharbanda
Veergatha,2016.0,0.0,360,4.7,10.0,2475,207,0,0
Veergati,1995.0,166.0,39,5.7,1533.0,1176,1940,Atul Agnihotri,Sudesh Berry
Veergati,2019.0,61.0,1,6.0,21.0,2120,2501,Aditi Bhaskar,Nikhil Chavan
Veerta,1993.0,129.0,1,5.8,84.0,2617,2271,Jaya Prada,Shakti Kapoor
Veeru Dada,1990.0,0.0,6,4.6,28.0,1180,632,Amrita Singh,Aditya Pancholi
Veeru Ustaad,1975.0,127.0,269,5.0,5.0,1033,348,Shakti Kapoor,Satish Kaul
Veer-Zaara,2004.0,192.0,289,7.8,50101.0,3106,2039,Preity Zinta,Rani Mukerji
Veettilekkulla Vazhi,2011.0,95.0,282,6.7,165.0,521,1614,Indrajith Sukumaran,Govardhan B.K
Vellore Maavattam,2011.0,144.0,1,6.0,26.0,1968,2060,G.M. Kumar,Mayilsamy
Verdict,2019.0,78.0,401,4.7,11.0,2940,1548,0,0
Vetri Vizha,1989.0,142.0,49,6.7,299.0,1895,983,Prabhu,Amala Akkineni
Via Darjeeling,2008.0,104.0,326,5.4,159.0,322,1040,Sonali Kulkarni,Parvin Dabas
Viceroy's House,2017.0,106.0,153,6.7,7117.0,876,832,Gillian Anderson,Manish Dayal
Vicky Dada,1989.0,122.0,28,6.9,57.0,1310,1379,Juhi Chawla,Radha
Vicky Donor,2012.0,126.0,208,7.8,40589.0,2644,422,Yami Gautam,Annu Kapoor
Victoria No. 203,1972.0,100.0,19,7.1,191.0,547,377,Pran,Navin Nischol
Victoria No. 203: Diamonds Are Forever,2007.0,0.0,169,3.5,149.0,240,297,Om Puri,Jimmy Sheirgill
Victor's History,2017.0,78.0,183,5.3,34.0,1709,1046,Nicolas Chevaillier,Shoaib Lokhandwala
Victory,2009.0,160.0,334,3.8,481.0,135,800,Allan Border,Mike Hussey
Videsh,1977.0,0.0,29,5.5,6.0,419,1170,Shoma Anand,Prem Krishan
Vidhaata,1982.0,168.0,39,7.2,360.0,2731,2361,Harbans Darshan M. Arora,Birbal
Vidhyaarthi: The Power of Students,2006.0,250.0,1,5.2,12.0,2129,526,Vikram Aditya,Akash Ajmera
Vidrohi,1990.0,135.0,1,5.2,12.0,919,514,Poonam Dhillon,Iftekhar
Viduthalai,1986.0,148.0,1,6.5,57.0,1168,2106,Rajinikanth,Vishnuvardhan
Vidya,1948.0,0.0,327,7.7,33.0,841,2281,Dev Anand,Madan Puri
Vidyasagar,1952.0,0.0,0,8.0,13.0,1203,1509,Gurudas Bannerjee,Tarakumar Bhaduri
Vidyoday,2018.0,108.0,241,9.2,35.0,2999,22,Alok Nath,0
Views of the Inner Chamber,2005.0,118.0,269,7.1,488.0,2265,871,Abhishek Bachchan,Roopa Ganguly
Vihir,2009.0,120.0,269,7.2,254.0,2937,1311,Madan Deodhar,Girish Kulkarni
Vijay,1988.0,172.0,50,5.6,219.0,3106,251,Rajesh Khanna,Rishi Kapoor
Vijaypath,1994.0,163.0,50,5.0,648.0,776,109,Tabu,Suresh Oberoi
Vijeta,1982.0,151.0,269,7.3,275.0,862,2083,Rekha,Supriya Pathak
Vijeta,1996.0,0.0,1,4.1,76.0,1153,1970,Raveena Tandon,Paresh Rawal
Vikalp,2011.0,130.0,224,6.1,15.0,2368,1513,Kranti Prakash Jha,Abhay Joshi
Vikram,1986.0,136.0,14,7.3,504.0,2045,983,Sathyaraj,Ambika
Vikram,1986.0,0.0,50,7.1,38.0,2948,1379,Shobana,Annapoorna
Vikram,1991.0,0.0,1,5.3,9.0,1648,736,Girish Karnad,Raghuvaran
Vikram Betal,2004.0,0.0,127,6.1,12.0,2097,0,0,0
Vikram Vetal,1986.0,0.0,350,6.8,5.0,2582,1720,Deepika Chikhalia,Manher Desai
Villu,2009.0,146.0,84,3.7,3820.0,1848,943,Nayanthara,Prakash Raj
Vilom,2020.0,82.0,269,6.2,56.0,2789,186,Manish Kumar,Navpreet Moti
Vinash Kaal,2020.0,0.0,363,5.0,5.0,2139,1870,Jai Akash,Rishabh Jain
Vinashak - Destroyer,1998.0,159.0,29,5.3,254.0,2214,2267,Raveena Tandon,Danny Denzongpa
Viraam,2017.0,110.0,269,5.6,36.0,3136,1398,Monika Ravan,Urmila Mahanta
Viraat,2021.0,150.0,216,8.9,294.0,1673,1089,Ravi Jhanghu,Lokesh Tilakdhari
Virasat,1997.0,165.0,289,7.5,2533.0,1925,251,Tabu,Pooja Batra
Virgin Bhanupriya,2020.0,111.0,172,2.9,1097.0,122,2391,Gautam Gulati,Rumana Molla
Virodhi,1992.0,143.0,269,4.3,60.0,2108,336,Harsha Mehra,Dharmendra
Viruddh... Family Comes First,2005.0,132.0,282,7.1,2050.0,1429,207,Sharmila Tagore,John Abraham
Visakha Express,2008.0,99.0,29,4.9,66.0,2969,1693,Preeti Jhangiani,Allari Naresh
Vishkanya,1991.0,0.0,1,4.2,36.0,1021,1107,Pooja Bedi,Kabir Bedi
Vishnu-Devaa,1991.0,152.0,29,5.1,65.0,1155,2271,Aditya Pancholi,Neelam Kothari
Vishnuvardhana,2011.0,169.0,26,7.2,636.0,1834,2231,Bhavana,Priyamani
Vishwanath,1978.0,0.0,76,6.3,136.0,2731,2085,Reena Roy,Pran
Vishwaroopam,2013.0,148.0,84,8.1,39098.0,1212,1553,Miles Anderson,Kamal Haasan
Vishwaroopam 2,2018.0,145.0,84,5.9,2314.0,1212,983,Rahul Bose,Shekhar Kapur
Vishwas,1969.0,0.0,180,5.5,15.0,1281,920,Aparna Sen,Bharat Bhushan
Vishwasghaat,1977.0,0.0,29,5.1,37.0,1423,1981,Kabir Bedi,Shabana Azmi
Vishwasghaat,1996.0,128.0,1,5.3,73.0,948,2267,Anjali Jathar,Anupam Kher
Vishwatma,1992.0,174.0,52,6.5,1215.0,2103,1406,Sunny Deol,Chunky Panday
Vishwavidhaata,1997.0,0.0,1,4.9,38.0,776,871,Ayesha Jhulka,Sharad S. Kapoor
Vivah,2006.0,160.0,320,6.6,9288.0,2699,2043,Amrita Rao,Anupam Kher
Vivekananda,1998.0,240.0,151,6.6,144.0,800,1999,Mithun Chakraborty,Rakhee Gulzar
Vodka Diaries,2018.0,120.0,408,5.6,1287.0,1361,1040,Raima Sen,Mandira Bedi
Vroom,2010.0,130.0,19,5.4,30.0,2527,1674,Gaurav Bajaj,Kalpana Bora
W,2014.0,137.0,234,6.6,47.0,2896,1133,Lezlie Tripathy,Sonal Giani
Waah! Tera Kya Kehna,2002.0,100.0,19,3.7,257.0,1490,768,Raveena Tandon,Preeti Jhangiani
Waapsi,1986.0,0.0,401,5.6,9.0,2824,1703,Nalini Jaywant,Heena Kausar
Waaris,1988.0,150.0,269,6.7,142.0,2237,2166,Amrita Singh,Raj Babbar
Wafaa,1972.0,110.0,29,3.8,11.0,2169,1973,Rakhee Gulzar,Heena Kausar
Wafaa,2008.0,120.0,324,3.7,77.0,2139,1703,Shahib Chopra,Laila Khan
Wafadaar,1985.0,190.0,172,4.5,31.0,1669,1547,Rajinikanth,Padmini Kolhapure
Wah Taj,2016.0,125.0,269,5.4,118.0,137,2122,Manjari Fadnnis,Amitabh Bachchan
Wahan Ke Log,1967.0,130.0,6,5.5,33.0,1721,1564,Tanuja,Nilofar
Wahem,1987.0,0.0,427,5.0,7.0,669,1505,Arvind Kirad,Ravindra Mahajani
Waiting,2015.0,92.0,172,7.2,1699.0,289,1406,Kalki Koechlin,Jennifer Antony
Wajah Tum Ho,2016.0,136.0,324,4.4,1153.0,3075,2077,Sana Khaan,Gurmeet Choudhary
Wajahh: A Reason to Kill,2004.0,0.0,427,4.3,73.0,820,319,Gracy Singh,Shamita Shetty
Wajood,1998.0,180.0,29,6.9,584.0,1625,1390,Madhuri Dixit,Mukul Dev
Wake Up India,2013.0,130.0,269,6.7,14.0,455,692,Asrani,Milind Gunaji
Wake Up Sid,2009.0,138.0,180,7.6,29167.0,421,1761,Konkona Sen Sharma,Supriya Pathak
Walking with the Wind,2017.0,79.0,269,6.6,28.0,1901,108,Rigzin Dolkar,Phuntsog Dolma
Waman Avtar,1955.0,0.0,376,6.2,6.0,2162,1464,Trilok Kapoor,D.K. Sapru
Wanted,2009.0,147.0,38,6.6,22173.0,1848,1940,Ayesha Takia,Vinod Khanna
Wanted: Dead or Alive,1984.0,145.0,29,6.5,36.0,188,1305,Tina Ambani,Asrani
Wanton,2020.0,90.0,240,4.5,124.0,1043,361,Vipin Bhardwaj,Pooja Chauhan
Wapas,1969.0,0.0,282,7.4,8.0,2520,115,Alka,Satyajeet
Waqt,1965.0,178.0,327,7.8,1244.0,3106,2263,Sadhana,Raaj Kumar
Waqt Hamara Hai,1993.0,148.0,25,6.0,1478.0,501,146,Sunil Shetty,Ayesha Jhulka
Waqt Ka Badshah,1992.0,0.0,1,3.9,9.0,1482,1219,Akashdeep,Moon Moon Sen
Waqt Ka Shahenshah,1987.0,0.0,1,4.8,12.0,1147,2216,Krishna,Raogopalrao
Waqt Ke Shehzade,1982.0,0.0,376,3.6,5.0,1338,604,Rati Agnihotri,Nasir Hussain
Waqt Ki Awaz,1988.0,156.0,29,6.3,97.0,1147,2455,Asrani,Mithun Chakraborty
Waqt Ki Deewar,1981.0,156.0,29,5.9,27.0,2226,1981,Jeetendra,Shatrughan Sinha
Waqt Ki Pukar,1984.0,0.0,29,5.9,9.0,669,2113,Yogeeta Bali,Vijayendra Ghatge
Waqt: The Race Against Time,2005.0,153.0,173,6.8,9478.0,3062,207,Akshay Kumar,Priyanka Chopra Jonas
Waqt-Waqt Ki Baat,1982.0,0.0,29,7.5,6.0,2488,2452,Helen,Kader Khan
War,2019.0,154.0,15,6.5,20894.0,2671,831,Tiger Shroff,Vaani Kapoor
War and Peace,2002.0,148.0,267,8.0,129.0,231,233,0,0
War Chhod Na Yaar,2013.0,119.0,215,5.4,936.0,771,2077,Soha Ali Khan,Javed Jaffrey
Wardat,1981.0,133.0,84,6.8,51.0,2231,1305,Kaajal Kiran,Shakti Kapoor
Waris,1969.0,0.0,172,5.9,48.0,2169,920,Hema Malini,Prem Chopra
Waris,1954.0,122.0,282,6.4,9.0,1727,2322,Suraiya,Nadira
Warning,2013.0,109.0,126,4.6,236.0,878,2500,Santosh Barmola,Jitin Gulati
Warrant,1975.0,95.0,84,7.1,97.0,1873,617,Zeenat Aman,Pran
Warrant,1961.0,0.0,0,4.7,12.0,1270,807,Ashok Kumar,Raj Mehra
Warrior Savitri,2016.0,136.0,84,4.1,294.0,1795,1454,Rajat Barmecha,Om Puri
Watan Ke Rakhwale,1987.0,149.0,52,5.7,108.0,2161,2263,Dharmendra,Mithun Chakraborty
Water,2005.0,117.0,269,7.7,14461.0,644,1141,John Abraham,Seema Biswas
Waterschool,2018.0,67.0,241,6.3,60.0,2908,0,0,0
Wazir,2016.0,103.0,29,7.1,17809.0,484,207,Farhan Akhtar,Aditi Rao Hydari
We Are Family,2010.0,115.0,173,5.6,2975.0,2673,1024,Kajol,Arjun Rampal
We R Friends,2006.0,110.0,269,4.8,13.0,1042,63,Ashok Asrani,Bhupindder Bhoopii
Wedding Anniversary,2017.0,108.0,269,4.9,82.0,2610,1390,Mahie Gill,Priyanshu Chatterjee
Wedding Pullav,2015.0,124.0,208,3.8,185.0,528,653,Anushka Ranjan,Sonnalli Seygall
Welcome,2007.0,159.0,208,6.9,19527.0,245,146,Katrina Kaif,Nana Patekar
Welcome 2 Karachi,2015.0,131.0,27,4.3,1123.0,367,342,Jackky Bhagnani,Lauren Gottlieb
Welcome Back,2015.0,152.0,19,4.2,5656.0,245,938,Anil Kapoor,Nana Patekar
Welcome Home,2020.0,126.0,221,7.5,2413.0,1941,1032,Swarda Thigle,Shashi Bhushan
Welcome M1LL10NS,2018.0,117.0,237,6.0,11.0,1550,2174,Joanne Da Cunha,Razak Khan
Welcome on Board,2020.0,78.0,269,7.9,9.0,1586,444,Renuka Arora Bhagat,Muhammad Fazrul
Welcome to London,2012.0,109.0,331,5.2,133.0,353,365,Sabeeka Imam,Metin Ahmet
Welcome to New York,2018.0,118.0,172,1.6,774.0,565,1827,Jasmine Kaur,Sonakshi Sinha
Welcome to Sajjanpur,2008.0,133.0,172,6.9,3096.0,2662,2122,Amrita Rao,Ravi Kishan
Well Done Abba!,2009.0,144.0,162,7.3,1747.0,2662,512,Minissha Lamba,Sammir Dattani
What are the Odds?,2019.0,92.0,269,5.4,597.0,1528,2525,Karanvir Malhotra,Abhay Deol
What If?,2006.0,115.0,269,6.5,673.0,1680,1523,Irrfan Khan,Jimmy Sheirgill
What the Fish,2013.0,98.0,94,5.0,191.0,878,1239,Naresh Gosain,Dimple Kapadia
What's Your Raashee?,2009.0,195.0,180,4.6,2627.0,392,800,Priyanka Chopra Jonas,Anjan Srivastav
When Hari Got Married,2013.0,75.0,259,7.0,168.0,2264,2349,0,0
When Kiran Met Karen,2008.0,101.0,327,4.9,87.0,1443,213,Chriselle Almeida,Samrat Chakrabarti
When Love Calls,1989.0,192.0,320,7.3,11486.0,2699,1940,Bhagyashree,Alok Nath
When Obama Loved Osama,2018.0,116.0,162,4.9,34.0,2757,219,Muntazir Ahmad,Kimti Anand
When One Falls in Love,1998.0,154.0,180,5.8,2589.0,657,1940,Twinkle Khanna,Johnny Lever
Where Has the Time Gone?,2017.0,112.0,269,5.5,83.0,1413,152,Zhangke Jia,Jahmil X.T. Qubeka
"Where to, Miss?",2016.0,83.0,247,7.5,31.0,1506,0,0,0
White Rainbow,2004.0,94.0,269,6.8,107.0,691,2186,Amardeep Jha,Amruta Subhash
Who,2018.0,153.0,406,5.1,260.0,112,1932,Akhil,Arjun
Who's There?,2011.0,130.0,373,3.9,15.0,754,1690,Kalpana Mathur,Gagan Kang
Why Cheat India,2019.0,121.0,218,6.0,2442.0,2701,694,Shreya Dhanwanthary,Snighdadeep Chatterji
Will You Marry Me,2012.0,135.0,162,4.5,113.0,86,2122,Rajeev Khandelwal,Mugdha Godse
Win Marathon,2018.0,94.0,334,9.0,70.0,351,2132,Aryan Neeraaj Anand,Ankita Bahuguna
Winner,2003.0,145.0,20,6.4,310.0,2786,1585,Kiran Rathod,Vadivelu
Wishlist,2020.0,93.0,269,4.8,122.0,1995,935,Hina Khan,Monica Aggarwal
With Luv... Tumhaara,2006.0,120.0,327,6.2,23.0,1216,1513,Parvin Dabas,Sanjeev Giriwer
WOH,2004.0,0.0,227,4.4,40.0,2020,1624,Sumeet Goradia,Cleo Isaacs
Woh 7 Din,1983.0,139.0,327,7.6,1145.0,473,251,Padmini Kolhapure,Naseeruddin Shah
Woh Jo Hasina,1983.0,121.0,409,4.6,10.0,647,1305,Ranjeeta Kaur,Pran
Woh Kaun Thi?,1964.0,140.0,324,7.6,960.0,2013,1903,Manoj Kumar,Parveen Choudhary
Woh Koi Aur Hoga,1967.0,0.0,49,6.0,9.0,7,2177,Feroz Khan,Mumtaz
Woh lamhe...,2006.0,156.0,156,6.4,1307.0,1582,998,Shiney Ahuja,Shaad Randhawa
Woh Main Nahin,1974.0,142.0,427,7.1,30.0,1568,1426,Rekha,Padmini Kapila
Woh Phir Aayegi,1988.0,0.0,368,6.2,48.0,448,1703,Farha Naaz,Moon Moon Sen
Woh Tera Naam Tha,2004.0,150.0,409,6.4,32.0,1339,322,Rajat Bedi,Gaurav Chanana
Wohi Bhayanak Raat,1989.0,82.0,363,3.3,17.0,3057,1732,Leena Das,Dhanraj
Woman,1986.0,0.0,39,7.8,28.0,448,2549,Sadashiv Amrapurkar,Savita Bajaj
Woman from the East,2013.0,120.0,282,7.6,14.0,1086,1511,Sukhbir Singh Batth,Nirmal Rishi
Woodstock Villa,2008.0,0.0,326,3.3,395.0,901,2158,Neha Oberoi,Arbaaz Khan
World Cupp 2011,2009.0,0.0,226,3.5,26.0,2218,1801,Master Sagar Punjabi,Suresh Oberoi
Wounded,2007.0,0.0,147,5.7,11.0,1328,999,Seema Parihar,0
Writing with Fire,2021.0,92.0,241,8.1,106.0,2848,1832,Meera Devi,Shyamkali Devi
Wrong Number,2003.0,121.0,408,3.9,57.0,1099,1533,Yash Tonk,Richa Pallod
X Ray: The Inner Image,2019.0,93.0,427,3.4,40.0,2104,2526,Rahul Sharma,0
X Zone,2020.0,97.0,427,2.7,50.0,764,1005,Hrishitaa Bhatt,Moin Khan
X: Past Is Present,2015.0,105.0,324,5.2,631.0,934,1591,Sudhish Kamath,Nalan Kumarasamy
Xcuse Me,2003.0,152.0,162,5.7,798.0,1625,2077,Sahil Khan,Anil Chaudhary
Y.M.I. Yeh Mera India,2008.0,137.0,227,7.7,905.0,1625,297,Atul Kulkarni,Milind Gunaji
Ya Rab,2014.0,120.0,29,5.9,278.0,927,852,Neha Baam,Vikram Dahiya
Yaad Rakhegi Duniya,1992.0,153.0,327,6.5,106.0,646,80,Rukhsar Rehman,Tinnu Anand
Yaadein...,2001.0,171.0,388,4.4,3316.0,2731,831,Jackie Shroff,Kareena Kapoor
Yaadgaar,1970.0,0.0,380,6.3,26.0,2314,1491,Manoj Kumar,Pran
Yaadgaar,1984.0,0.0,20,6.4,41.0,1669,1981,Kamal Haasan,Poonam Dhillon
Yaadon Ka Mausam,1990.0,0.0,409,5.0,10.0,2398,449,Sulabha Deshpande,Ghazal
Yaadon Ki Zanjeer,1984.0,128.0,269,5.4,18.0,2617,2263,Shashi Kapoor,Reena Roy
Yaan,2014.0,153.0,84,3.5,341.0,2217,928,Thulasi Nair,Nassar
Yaar Gaddar,1994.0,155.0,39,3.7,120.0,2935,1926,Sweta,Somy Ali
Yaar Kasam,1985.0,0.0,1,6.6,7.0,566,962,Zeenat Aman,Raj Babbar
Yaar Mera,1972.0,138.0,50,4.2,10.0,407,920,Rakhee Gulzar,Jayant
Yaar Meri Zindagi,2008.0,0.0,289,4.8,40.0,376,1355,Amitabh Bachchan,Shatrughan Sinha
Yaara,2020.0,130.0,29,6.3,3955.0,2909,2438,Amit Sadh,Mohommed Ali Shah
Yaara Dildara,1991.0,0.0,416,7.2,48.0,889,1179,Shahrukh Mirza,Aasif Sheikh
Yaara Silly Silly,2015.0,108.0,409,5.6,239.0,2734,1521,Paoli Dam,Eva Grover
Yaarana,1981.0,138.0,20,7.1,1676.0,2131,207,Neetu Singh,Tanuja
Yaariyan,2014.0,145.0,327,2.7,3187.0,741,819,Rakul Preet Singh,Nicole Faria
Yaaron Ka Yaar,1977.0,150.0,1,7.0,9.0,1,2085,Leena Chandavarkar,Prem Nath
Yadon Ki Kasam,1985.0,137.0,1,6.0,32.0,3050,1305,Zeenat Aman,Shakti Kapoor
Yagavarayinum Naa Kakka,2015.0,151.0,427,6.6,504.0,2505,9,Nikki Galrani,Mithun Chakraborty
Yahan Sabhi Gyani Hain,2020.0,115.0,162,5.1,244.0,239,398,Neeraj Sood,Apoorva Arora
Yahan Wahan,1984.0,0.0,162,6.6,14.0,2052,708,Surinder Kaur,Aruna Irani
Yahudi,1958.0,170.0,50,7.2,216.0,526,2177,Dilip Kumar,Meena Kumari
Yakeen,1969.0,138.0,36,7.0,85.0,547,632,Sharmila Tagore,David Abraham
Yakeen,2005.0,116.0,336,5.1,698.0,834,332,Priyanka Chopra Jonas,Kim Sharma
Yaksh,2018.0,0.0,427,6.5,14.0,1606,1483,Sheetal Shah,Bhanu Uday
Yakshi Faithfully Yours,2012.0,90.0,370,3.3,29.0,58,185,Mohan Avanthika,Devan
Yalgaar,1992.0,192.0,52,5.4,419.0,784,715,Sanjay Dutt,Kabir Bedi
Yamdas,2014.0,77.0,269,6.7,15.0,1136,1616,Swati Kaushik,Sejal Khanna
Yamini,2001.0,120.0,218,3.2,11.0,2923,1280,Prathapachandran,Ragini
Yamla Pagla Deewana 2,2013.0,154.0,18,3.4,1820.0,2440,632,Sunny Deol,Bobby Deol
Yamla Pagla Deewana Phir Se,2018.0,145.0,20,4.5,1100.0,1684,632,Sunny Deol,Bobby Deol
Yamraaj,1998.0,0.0,39,5.6,55.0,2095,1305,Sneha,Jackie Shroff
Yaraana,1995.0,125.0,48,4.7,344.0,630,1836,Madhuri Dixit,Raj Babbar
Yari Dushmani,1980.0,0.0,39,4.9,16.0,2676,2263,Reena Roy,Amjad Khan
Yash,1996.0,132.0,376,5.4,13.0,2584,486,Kartika Rane,Parikshit Sahni
Yash Raaj aur Film!,2015.0,117.0,162,6.1,14.0,2204,2496,Kirit Aray,Akshay Bhagat
Yashoda Krishna,1975.0,175.0,288,4.4,10.0,2205,885,S.V. Ranga Rao,Sridevi
Yasmin,1955.0,0.0,396,5.9,12.0,42,2289,Vyjayanthimala,Jayant
Yasmin,1935.0,0.0,115,5.0,7.0,888,1790,Amirbai Karnataki,H. Siddiqui
Yateem,1988.0,173.0,39,6.3,197.0,1018,2271,Farha Naaz,Danny Denzongpa
Yatra,2006.0,129.0,269,6.4,132.0,856,1819,Nana Patekar,Deepti Naval
Yatrik,1952.0,0.0,269,8.8,8.0,1256,2420,Arundhati Devi,Tulsi Chakraborty
Yauwan,1973.0,0.0,394,4.1,17.0,2196,2530,Anil Dhawan,Kabir Bedi
Ye Stupid Pyar,2011.0,106.0,409,4.6,10.0,1044,895,Noopur Patwardhan,Akansha
Yea Toh Two Much Ho Gayaa,2016.0,126.0,20,3.4,115.0,307,932,Pooja Chopra,Arbaaz Khan
Yeh Aag Kab Bujhegi,1991.0,0.0,269,5.8,36.0,2797,2263,Rekha,Kabir Bedi
Yeh Ballet,2020.0,117.0,269,7.6,1126.0,2697,954,Jim Sarbh,Sarah Jane Dias
Yeh Desh,1984.0,150.0,39,5.8,38.0,2161,920,Kamal Haasan,Zeenat Aman
Yeh Dil,2003.0,147.0,327,3.9,200.0,2902,2377,Anita Hassanandani Reddy,Chetana Das
Yeh Dil Aashiqanaa,2002.0,152.0,77,4.3,273.0,1339,1021,Jividha Sharma,Aruna Irani
Yeh Dil Kisko Doon,1963.0,116.0,327,5.4,19.0,1152,2083,Ragini,Agha
Yeh Dil Ramta Jogi,2014.0,98.0,29,6.4,10.0,2857,2309,Cajole Kapoor,Anil Kumar
Yeh Dillagi,1994.0,155.0,178,6.0,4348.0,1677,978,Akshay Kumar,Saif Ali Khan
Yeh Dooriyan,2011.0,107.0,327,4.7,86.0,662,611,Inder Kumar,Delnaaz Irani
Yeh Faasley,2011.0,0.0,224,5.8,31.0,3117,1638,Seema Biswas,Sudha Chandran
Yeh Gulistan Hamara,1972.0,134.0,39,6.8,29.0,407,617,Sharmila Tagore,Pran
Yeh Hai Bakrapur,2014.0,95.0,172,3.6,233.0,1056,286,Suruchi Aulakh,Asif Basra
Yeh Hai Chakkad Bakkad Bumbe Bo,2003.0,90.0,90,6.6,9.0,2710,2361,Mona Ambegaonkar,Aardra Athalye
Yeh Hai India,2017.0,128.0,6,5.2,175.0,1386,738,Mohan Agashe,Mohan Joshi
Yeh Hai Jalwa,2002.0,165.0,180,4.7,2443.0,630,1836,Salman Khan,Ameesha Patel
Yeh Hai Lollipop,2016.0,0.0,162,6.0,35.0,1496,1495,Chirag Thakkar,Shilpa Anand
Yeh Hai Malegaon Ka Superman,2009.0,82.0,184,7.5,70.0,1682,0,0,0
Yeh Hai Mumbai Meri Jaan,1999.0,148.0,25,4.4,263.0,1423,1926,Twinkle Khanna,Chunky Panday
Yeh Hai Pyar Ka Mausam,2001.0,108.0,216,3.3,11.0,2071,1686,Rajesh Bakshi,Prem Chabra
Yeh Ishq Nahin Aasaan,1984.0,0.0,409,6.3,39.0,2911,1836,Padmini Kolhapure,Asrani
Yeh Ishq Sarfira,2015.0,0.0,84,5.8,12.0,2973,1306,Naina Aswal,Himesh Choudhary
Yeh Jawaani Hai Deewani,2013.0,160.0,320,7.1,39863.0,421,1761,Deepika Padukone,Aditya Roy Kapoor
Yeh Jo Mohabbat Hai,2012.0,147.0,269,5.2,76.0,2648,1787,Mohnish Bahl,Nazia Hussain
Yeh Kaisa Insaf?,1980.0,140.0,269,4.4,15.0,1669,2489,Shabana Azmi,Sarika
Yeh Kaisa Tigdam,2018.0,133.0,269,6.1,10.0,1001,383,Sakshi Chaudhary,Ajaz Khan
Yeh Kaisi Mohabbat,2002.0,160.0,388,3.8,32.0,733,1081,Viveka Babajee,Sheeba Bhakri
Yeh Khula Aasmaan,2012.0,0.0,339,6.8,26.0,843,309,Manjusha Godse,Nitin Kerur
Yeh Kya Ho Raha Hai?,2002.0,0.0,208,4.6,242.0,901,1581,Vaibhav Jhalani,Yash Pandit
Yeh Lamhe Judaai Ke,2004.0,135.0,324,3.7,1636.0,1815,502,Shah Rukh Khan,Raveena Tandon
Yeh Majhdhaar,1996.0,139.0,327,4.9,1214.0,760,1940,Manisha Koirala,Rahul Roy
Yeh Mohabbat Hai,2002.0,0.0,77,5.0,69.0,2935,130,Rahul Bhatt,Nasir Khan
Yeh Nazdeekiyan,1982.0,0.0,327,6.5,30.0,3056,1240,Shabana Azmi,Parveen Babi
Yeh Raaste Hain Pyaar Ke,2001.0,149.0,50,4.1,685.0,656,109,Madhuri Dixit,Preity Zinta
Yeh Raat Phir Na Aayegi,1992.0,117.0,363,3.4,17.0,1740,920,Meenakshi Sheshadri,Sadashiv Amrapurkar
Yeh Raat Phir Na Aaygi,1966.0,0.0,324,6.8,65.0,547,1613,Biswajit Chatterjee,Sharmila Tagore
Yeh Rastey Hain Pyar Ke,1963.0,150.0,225,6.0,49.0,1964,377,Sunil Dutt,Leela Naidu
Yeh Rishta Na Tootay,1981.0,0.0,218,5.3,9.0,1168,1696,Mala Sinha,Vinod Mehra
Yeh Saali Aashiqui,2019.0,137.0,331,8.0,3265.0,591,2415,Shivaleeka Oberoi,Ruslaan Mumtaz
Yeh Saali Zindagi,2011.0,130.0,227,7.5,4489.0,2754,854,Chitrangda Singh,Arunoday Singh
Yeh Suhaagraat Impossible,2019.0,92.0,162,8.6,500.0,55,1598,Aarav Mavi,Aloknath Pathak
Yeh To Kamaal Ho Gaya,1982.0,136.0,20,6.5,34.0,2161,983,Poonam Dhillon,Ranjeet
Yeh Vaada Raha,1982.0,138.0,419,7.2,311.0,1240,1836,Tina Ambani,Poonam Dhillon
Yeh Woh Manzil To Nahin,1987.0,0.0,269,7.7,36.0,2754,1223,Habib Tanvir,B.M. Shah
Yeh Zindagi Ka Safar,2001.0,146.0,327,3.0,146.0,2879,188,Jimmy Sheirgill,Nafisa Ali
Yeh Zindagi Kitni Haseen Hai,1966.0,159.0,331,5.2,9.0,1964,1927,Joy Mukherjee,Ashok Kumar
Yehi Hai High Society,2005.0,132.0,427,4.8,14.0,2225,23,Abhay Bhargava,Dinesh Hingoo
Yehi Hai Zindagi,1977.0,133.0,172,6.4,115.0,1188,1981,Utpal Dutt,David Abraham
Yehi Hai Zindagi,2005.0,0.0,29,5.4,18.0,127,1637,Parvin Dabas,Benjamin Gilani
Yes Boss,1997.0,163.0,178,6.8,12714.0,428,2039,Juhi Chawla,Aditya Pancholi
Yeshwant,1997.0,145.0,29,7.2,1063.0,260,1390,Madhoo,Atul Agnihotri
Yodha,1991.0,142.0,39,4.6,162.0,2006,2271,Sanjay Dutt,Sangeeta Bijlani
Yodha the Warrior,2002.0,0.0,1,6.6,8.0,1300,2387,0,0
You Are My Sunday,2016.0,119.0,172,7.8,1459.0,1545,447,Shahana Goswami,Avinash Tiwary
Youngistaan,2014.0,133.0,327,5.1,1843.0,2859,872,Neha Sharma,Farooq Shaikh
Your Country,1949.0,0.0,0,5.4,5.0,2580,1632,Umesh Sharma,Manmohan Krishna
"Your Home, My Home",2001.0,175.0,172,5.7,803.0,1925,2267,Mahima Chaudhry,Paresh Rawal
Yours Truly,2018.0,84.0,269,5.9,102.0,2481,2191,Aahana Kumra,Pankaj Tripathi
Youth,2016.0,124.0,269,7.0,15.0,2130,148,Neha Mahajan,Akshay Mhatre
Yudh,1985.0,155.0,29,6.2,174.0,2103,871,Anil Kapoor,Tina Ambani
Yug the law of karma,2021.0,75.0,29,7.7,10.0,717,2488,Dilip Kumar,Saurav Bagga
Yugandhar,1993.0,0.0,29,7.0,43.0,1625,1305,Kabir Bedi,Sangeeta Bijlani
Yugpurush: A Man Who Comes Just Once in a Way,1998.0,0.0,269,6.1,221.0,1805,1390,Jackie Shroff,Manisha Koirala
Yuhi Kabhi,1994.0,0.0,172,5.5,12.0,1343,1098,Manisha Kanojia,Ashok Kumar
Yuva,2004.0,161.0,52,7.4,8588.0,1456,109,Abhishek Bachchan,Rani Mukerji
Yuvraaj,1979.0,154.0,6,4.8,50.0,2170,2487,Neetu Singh,Kabir Bedi
Yuvvraaj,2008.0,151.0,178,4.1,4147.0,2731,1940,Anil Kapoor,Zayed Khan
Zaalim,1994.0,131.0,39,4.9,561.0,2677,146,Madhoo,Vishnuvardhan
Zabak,1962.0,0.0,4,5.9,16.0,956,1177,Shyama,Manher Desai
Zabardast,1985.0,159.0,39,5.3,101.0,1681,1981,Sunny Deol,Rajiv Kapoor
Zabardast,2008.0,0.0,409,4.5,8.0,1905,862,Ninad Kamat,Priyanka Kothari
Zahreela,2001.0,0.0,1,4.7,45.0,2020,2455,Asrani,Mithun Chakraborty
Zahreelay,1990.0,163.0,39,4.6,102.0,1140,920,Bhanupriya,Sanjay Dutt
Zakhm,1998.0,125.0,269,7.9,3007.0,1423,109,Pooja Bhatt,Nagarjuna Akkineni
Zakhm,1989.0,0.0,39,4.4,7.0,996,560,Neelam Kothari,Madhavi
Zakhmee,1975.0,0.0,223,6.2,32.0,2037,2263,Asha Parekh,Rakesh Roshan
Zakhmee Insaan,1982.0,0.0,84,4.9,7.0,649,2051,Rama Vij,Javed Khan
Zakhmi Aurat,1988.0,132.0,336,6.2,59.0,419,663,Raj Babbar,Anupam Kher
Zakhmi Dil,1994.0,151.0,50,4.0,453.0,2125,146,Ashwini Bhave,Ravi Kishan
Zakhmi Rooh,1993.0,125.0,363,5.0,16.0,1820,1333,Javed Jaffrey,Raj Kiran
Zakhmi Sher,1984.0,0.0,84,4.5,25.0,1669,920,Dimple Kapadia,Amrish Puri
Zakhmi Sherni,2001.0,0.0,1,3.2,8.0,532,811,Chandrashekhar,Dharmendra
Zakhmi Sipahi,1995.0,0.0,1,5.5,34.0,2865,2455,Mithun Chakraborty,Puneet Issar
Zakhmi Zameen,1990.0,0.0,379,5.1,18.0,1419,80,Jaya Prada,Mona Ambegaonkar
Zakhmo Ka Hisaab,1993.0,131.0,29,4.7,32.0,2495,768,Farha Naaz,Kiran Kumar
Zakir Khan Live,2017.0,0.0,162,7.6,15.0,3132,0,0,0
Zalim,1980.0,120.0,74,5.6,9.0,454,1131,Vinod Khanna,Pran
Zalim Saudagar,1941.0,0.0,269,6.4,5.0,1015,0,0,0
Zalzala,1952.0,0.0,327,7.6,8.0,1814,1070,Geeta Bali,Dev Anand
Zalzala,1988.0,169.0,2,6.0,78.0,915,632,Karan Kapoor,Shatrughan Sinha
Zamaana Deewana,1995.0,162.0,20,4.9,1925.0,2182,920,Shatrughan Sinha,Shah Rukh Khan
Zamaanat,1977.0,127.0,52,3.8,9.0,6,920,Reena Roy,Ranjeet
Zamaane Ko Dikhana Hai,1981.0,175.0,422,6.8,146.0,1681,1836,Padmini Kolhapure,Amjad Khan
Zamana,1985.0,154.0,29,6.3,47.0,2183,1703,Rishi Kapoor,Poonam Dhillon
Zamane Se Kya Darna,1994.0,172.0,50,5.5,66.0,540,1970,Raveena Tandon,Alok Nath
Zambo Ka Beti,1939.0,0.0,90,6.3,7.0,1563,491,Navin Yagnik,Sunita Devi
Zameen,1987.0,0.0,269,4.6,57.0,2182,1168,Sanjay Dutt,Kiran Juneja
Zameen,2003.0,154.0,15,5.3,1468.0,2282,109,Abhishek Bachchan,Bipasha Basu
Zameen Aasmaan,1972.0,134.0,271,6.0,18.0,8,377,Sunil Dutt,Rekha
Zameen Aasmaan,1984.0,133.0,342,5.5,44.0,501,2083,Rakhee Gulzar,Rekha
Zameen Ke Tare,1960.0,0.0,282,5.9,10.0,586,828,Daisy Irani,Motilal
Zameer,1975.0,136.0,39,6.2,342.0,2213,2059,Saira Banu,Amitabh Bachchan
Zameer,2005.0,137.0,327,3.0,329.0,1209,109,Ameesha Patel,Mahima Chaudhry
Zameer: The Awakening of a Soul,1997.0,0.0,1,3.7,32.0,2053,1972,Shilpa Shetty Kundra,Kader Khan
Zamindar,1943.0,166.0,401,3.3,6.0,1590,2063,Manorama,Ghulam Mohammed
Zangbo and the Zing Zing Bar,1977.0,0.0,0,4.7,7.0,1235,1786,Shakuntala,0
Zanjeer,1973.0,145.0,29,7.6,3729.0,1868,207,Jaya Bachchan,Pran
Zanjeer,1998.0,0.0,1,6.0,14.0,2669,1205,Monica Bedi,Shakti Kapoor
Zanjeer,2013.0,137.0,29,3.2,2416.0,310,1740,Priyanka Chopra Jonas,Sanjay Dutt
Zapatlela,1993.0,168.0,176,7.6,582.0,1428,1127,Mahesh Kothare,Kishori Ambiye
Zara sambhal ke,2013.0,115.0,269,6.3,7.0,2585,2533,Esshan Khan,Mohini Nillakant
Zara Si Zindagi,1983.0,149.0,291,7.7,93.0,1146,983,Anita Raj,Arjun Chakraborty
Zaroorat,1972.0,140.0,269,6.4,14.0,448,1813,Vijay Arora,Danny Denzongpa
Zed Plus,2014.0,141.0,162,6.4,449.0,577,2485,Rajeev Ankit,Adil Hussain
Zeenat,1945.0,0.0,172,6.8,15.0,2602,1487,Lala Yaqoob,Karan Dewan
Zeher,2005.0,132.0,224,5.4,1937.0,1582,694,Shamita Shetty,Udita Goswami
Zehreela Insaan,1974.0,131.0,327,7.1,81.0,2342,1836,Moushumi Chatterjee,Neetu Singh
Zero,2018.0,164.0,180,5.4,24784.0,26,2039,Anushka Sharma,Katrina Kaif
Zevar,1987.0,0.0,278,6.7,38.0,476,297,Alok Nath,Ravi Baswani
Zid,1945.0,0.0,0,3.1,7.0,920,1756,Sunder,Hiralal
Zid,1994.0,129.0,327,4.7,18.0,760,901,Raageshwari,Mala Sinha
Zid,2014.0,126.0,239,4.4,1105.0,3087,1221,Karanvir Sharma,Shraddha Das
Ziddi,1964.0,150.0,396,6.9,44.0,1873,946,Asha Parekh,Mehmood
Ziddi,1997.0,170.0,39,5.8,1551.0,866,2271,Raveena Tandon,Anupam Kher
Ziddi,1948.0,0.0,269,7.8,37.0,2546,617,Kamini Kaushal,Chanda
Zila Ghaziabad,2013.0,142.0,38,3.6,1301.0,1342,1114,Vivek Oberoi,Usman Rao
Zimbo,1958.0,142.0,112,4.8,9.0,956,552,Azaad Irani,Krishna Kumari
Zimbo Shaher Mein,1960.0,136.0,269,5.3,6.0,1659,552,Azaad Irani,Master Bhagwan
Zimmedaaar,1990.0,0.0,327,3.0,7.0,2487,1039,Rajiv Kapoor,Anita Raj
Zinda,2006.0,116.0,49,4.9,3314.0,2451,1970,John Abraham,Lara Dutta
Zinda Dil,1975.0,125.0,77,7.1,51.0,2676,1836,Neetu Singh,Zaheera
Zinda Laash,1986.0,112.0,269,3.9,9.0,1485,14,Akashdeep,Birbal
Zindagani,1986.0,131.0,269,7.1,27.0,1845,1736,Mithun Chakraborty,Rati Agnihotri
Zindaggi Rocks,2006.0,0.0,327,4.0,238.0,2879,2301,Shiney Ahuja,Julian Burkhardt
Zindagi,1964.0,157.0,386,6.5,50.0,2165,1696,Raaj Kumar,Vyjayanthimala
Zindagi,1940.0,120.0,269,7.0,12.0,1765,968,Pahadi Sanyal,Ashalata Wabgaonkar
Zindagi,1976.0,139.0,327,6.8,26.0,2226,1182,Sanjeev Kumar,Vinod Mehra
Zindagi,2000.0,118.0,409,2.8,8.0,2820,2432,Gayatri,Deepak Jethi
Zindagi 50 50,2013.0,130.0,172,2.7,219.0,2104,2425,Riya Sen,Rajan Verma
Zindagi Aur Khwab,1961.0,0.0,409,6.9,31.0,2306,1696,Meena Kumari,Jayant
Zindagi Aur Maut,1965.0,134.0,269,6.0,5.0,1721,1465,Chandrima Bhaduri,Bela Bose
Zindagi Ek Juaa,1992.0,0.0,1,5.4,283.0,1868,251,Madhuri Dixit,Shakti Kapoor
Zindagi Ek Safar,1988.0,120.0,249,8.2,33.0,2439,1068,Amitabh Bachchan,Asha Bhosle
Zindagi Jalebi,2013.0,117.0,162,3.7,6.0,1250,1348,Muntazir Ahmad,Avinash Bhargava
Zindagi Jeene Ke Liye,1984.0,0.0,269,6.8,5.0,1188,1736,Suresh Oberoi,Vijay Arora
Zindagi Khoobsoorat Hai,2002.0,126.0,282,5.5,51.0,1202,1233,Gurdas Maan,Tabu
Zindagi Na Milegi Dobara,2011.0,155.0,172,8.2,70344.0,3137,831,Farhan Akhtar,Abhay Deol
Zindagi Tere Naam,2012.0,120.0,409,4.4,33.0,391,1305,Ranjeeta Kaur,Priyanka Mehta
Zindagi Tumse,2019.0,120.0,339,6.0,13.0,2891,1904,Guddi Maruti,Rajesh Puri
Zindagi Ya Toofan,1958.0,0.0,269,6.3,7.0,1654,1564,Minoo Mumtaz,Nutan
Zindagi Zindabad,2000.0,140.0,269,5.7,7.0,2781,2269,Mita Vashisht,Milind Gunaji
Zindagi Zindagi,1972.0,0.0,327,6.5,20.0,2886,2263,Waheeda Rehman,Ashok Kumar
Zokkomon,2011.0,109.0,7,4.0,351.0,2517,579,Anupam Kher,Manjari Fadnnis
Zoo,2018.0,100.0,269,5.7,78.0,2638,2079,Prince Daniel,Shatakshi Gupta
Zor Lagaa Ke... Haiya!,2009.0,0.0,173,6.1,59.0,835,1285,Mithun Chakraborty,Riya Sen
Zor: Never Underestimate the Force,1998.0,157.0,52,4.3,268.0,2440,2271,Sushmita Sen,Milind Gunaji
Zordaar,1996.0,0.0,1,4.7,29.0,119,1171,Vikas Anand,Bob Christo
Zorro,1975.0,150.0,4,5.6,33.0,2617,1426,Rekha,Urmila Bhatt
Zubaan,2015.0,115.0,269,6.1,408.0,1592,2433,Sarah Jane Dias,Raaghavv Chanana
Zubeidaa,2001.0,153.0,153,6.2,1496.0,2662,1026,Rekha,Manoj Bajpayee
Zulm Ka Badla,1985.0,0.0,29,4.9,11.0,566,962,Rakesh Roshan,Anita Raj
Zulm Ki Hukumat,1992.0,0.0,29,5.3,135.0,501,632,Moushumi Chatterjee,Govinda
Zulm Ki Zanjeer,1989.0,125.0,29,5.8,44.0,2340,551,Jayamalini,Rajinikanth
Zulm Ko Jala Doonga,1988.0,0.0,1,4.6,11.0,1419,1406,Sumeet Saigal,Suparna Anand
Zulmi,1999.0,129.0,39,4.5,655.0,1339,146,Twinkle Khanna,Aruna Irani
Zulm-O-Sitam,1998.0,130.0,39,6.2,20.0,1172,632,Jaya Prada,Arjun Sarja
